WFR Daily Report,2026-09-23T12:36:41Z

Ticket ID,Order ID,Category,Location,Created Time,Resolution,Reason,Picker,QC Checker
259408,3824101,Missing/Wrong Qty,Lucknow,2026-09-16T06:15:51.000,Considered BOD,No Warehouse-team Zoho comment on this ticket - treated as BOD by default (unconfirmed resolution),-,-
260505,3967089,Missing/Wrong Qty,Bangalore,2026-09-22T10:56:53.000,Considered BOD,Not yet checked against a Warehouse-team Zoho comment - treated as BOD by default (unconfirmed resolution),-,-
257606,3726141,Missing/Wrong Qty,Bangalore,2026-09-06T10:59:14.000,BOD,"Warehouse-team Zoho comment is a denial/non-admission: ""We have sent proper medicine to Cx""",-,-
260398,3968262,Missing/Wrong Qty,Unknown,2026-09-22T04:11:28.000,No return record,No matching marketplace_return_request row found in ClickHouse for this order,-,-
260454,3956935,Missing/Wrong Qty,Bangalore,2026-09-22T07:11:32.000,Considered BOD,Not yet checked against a Warehouse-team Zoho comment - treated as BOD by default (unconfirmed resolution),-,-
259172,3879935,Missing/Wrong Qty,Delhi,2026-09-15T03:20:59.000,BOD,"Warehouse-team Zoho comment is a denial/non-admission: ""We have sent proper medicine to CX""",-,-
260514,3886156,Missing/Wrong Qty,Delhi,2026-09-22T11:24:24.000,Considered BOD,Not yet checked against a Warehouse-team Zoho comment - treated as BOD by default (unconfirmed resolution),-,-
260247,3872842,Missing/Wrong Qty,Bangalore,2026-09-21T07:14:14.000,Considered BOD,Not yet checked against a Warehouse-team Zoho comment - treated as BOD by default (unconfirmed resolution),-,-
260233,3924771,Missing/Wrong Qty,Mumbai,2026-09-21T06:32:24.000,Considered BOD,Not yet checked against a Warehouse-team Zoho comment - treated as BOD by default (unconfirmed resolution),-,-
260409,3965123,Missing/Wrong Qty,Kolkata,2026-09-22T05:02:20.000,Considered BOD,Not yet checked against a Warehouse-team Zoho comment - treated as BOD by default (unconfirmed resolution),-,-
260349,3949649,Missing/Wrong Qty,Hyderabad WH,2026-09-21T12:56:15.000,Considered BOD,Not yet checked against a Warehouse-team Zoho comment - treated as BOD by default (unconfirmed resolution),-,-
260524,3953884,Missing/Wrong Qty,Bangalore,2026-09-22T12:12:00.000,Considered BOD,Not yet checked against a Warehouse-team Zoho comment - treated as BOD by default (unconfirmed resolution),-,-
260518,3978301,Missing/Wrong Qty,Bangalore,2026-09-22T11:32:39.000,Considered BOD,Not yet checked against a Warehouse-team Zoho comment - treated as BOD by default (unconfirmed resolution),-,-
260511,3947058,Missing/Wrong Qty,Bangalore,2026-09-22T11:19:36.000,Considered BOD,Not yet checked against a Warehouse-team Zoho comment - treated as BOD by default (unconfirmed resolution),-,-
260470,3966829,Missing/Wrong Qty,Mumbai,2026-09-22T08:05:03.000,Considered BOD,Not yet checked against a Warehouse-team Zoho comment - treated as BOD by default (unconfirmed resolution),-,-
260463,3983015,Missing/Wrong Qty,Bangalore,2026-09-22T07:32:26.000,Considered BOD,Not yet checked against a Warehouse-team Zoho comment - treated as BOD by default (unconfirmed resolution),-,-
260455,3942334,Missing/Wrong Qty,Mumbai,2026-09-22T07:13:04.000,Considered BOD,Not yet checked against a Warehouse-team Zoho comment - treated as BOD by default (unconfirmed resolution),-,-
260445,3892866,Missing/Wrong Qty,Mumbai,2026-09-22T06:46:38.000,Considered BOD,Not yet checked against a Warehouse-team Zoho comment - treated as BOD by default (unconfirmed resolution),-,-
260444,3954200,Missing/Wrong Qty,Kolkata,2026-09-22T06:43:51.000,Considered BOD,Not yet checked against a Warehouse-team Zoho comment - treated as BOD by default (unconfirmed resolution),-,-
259121,3860798,Missing/Wrong Qty,Delhi,2026-09-14T12:05:34.000,BOD,"Warehouse-team Zoho comment is a denial/non-admission: ""We have sent proper medicine to CX""",-,-
260371,3956221,Missing/Wrong Qty,Patna WH,2026-09-21T16:02:32.000,Considered BOD,Not yet checked against a Warehouse-team Zoho comment - treated as BOD by default (unconfirmed resolution),-,-
260519,3994374,Missing/Wrong Qty,Kolkata,2026-09-22T11:33:36.000,Considered BOD,Not yet checked against a Warehouse-team Zoho comment - treated as BOD by default (unconfirmed resolution),-,-
260516,3960118,Missing/Wrong Qty,Mumbai,2026-09-22T11:25:55.000,Considered BOD,Not yet checked against a Warehouse-team Zoho comment - treated as BOD by default (unconfirmed resolution),-,-
260007,3909354,Missing/Wrong Qty,Lucknow,2026-09-19T12:27:36.000,BOD,"Warehouse-team Zoho comment is a denial/non-admission: ""We have sent proper medicine to cx Naveen""",-,-
259492,3708653,Missing/Wrong Qty,Lucknow,2026-09-16T12:37:37.000,BOD,"Warehouse-team Zoho comment is a denial/non-admission: ""We have sent proper medicine to CX Mahiboob bee""",-,-
260228,3937505,Missing/Wrong Qty,Bangalore,2026-09-21T06:24:01.000,Considered BOD,Not yet checked against a Warehouse-team Zoho comment - treated as BOD by default (unconfirmed resolution),-,-
260497,3805153,Missing/Wrong Qty,Patna WH,2026-09-22T10:15:32.000,Considered BOD,Not yet checked against a Warehouse-team Zoho comment - treated as BOD by default (unconfirmed resolution),-,-
259903,3823344,Missing/Wrong Qty,Kolkata,2026-09-19T05:22:52.000,BOD,"Warehouse-team Zoho comment is a denial/non-admission: ""We have sent proper medicine to cx Naveen""",-,-
260361,3881304,Missing/Wrong Qty,Unknown,2026-09-21T14:07:08.000,No return record,No matching marketplace_return_request row found in ClickHouse for this order,-,-
260440,3807489,Missing/Wrong Qty,Mumbai,2026-09-22T06:39:33.000,Considered BOD,Not yet checked against a Warehouse-team Zoho comment - treated as BOD by default (unconfirmed resolution),-,-
260230,3947174,Missing/Wrong Qty,Mumbai,2026-09-21T06:26:59.000,Considered BOD,Not yet checked against a Warehouse-team Zoho comment - treated as BOD by default (unconfirmed resolution),-,-
259804,3893735,Missing/Wrong Qty,Lucknow,2026-09-18T10:00:11.000,BOD,"Warehouse-team Zoho comment is a denial/non-admission: ""We have sent proper medicine to CX""",-,-
260343,3963035,Missing/Wrong Qty,Kolkata,2026-09-21T12:37:11.000,Considered BOD,Not yet checked against a Warehouse-team Zoho comment - treated as BOD by default (unconfirmed resolution),-,-
259999,3898135,Missing/Wrong Qty,Delhi,2026-09-19T12:17:33.000,Considered BOD,No Warehouse-team Zoho comment on this ticket - treated as BOD by default (unconfirmed resolution),-,-
260372,3921455,Missing/Wrong Qty,Bangalore,2026-09-21T17:12:39.000,Considered BOD,Not yet checked against a Warehouse-team Zoho comment - treated as BOD by default (unconfirmed resolution),-,-
259970,3921455,Missing/Wrong Qty,Bangalore,2026-09-19T09:26:34.000,WH Accepted,"Warehouse-team Zoho comment is a genuine admission: ""We have sent short qty to cx""",Nahila_BLRW,Shabana_BLRWH
260473,3828892,Missing/Wrong Qty,Delhi,2026-09-22T08:16:26.000,Considered BOD,Not yet checked against a Warehouse-team Zoho comment - treated as BOD by default (unconfirmed resolution),-,-
260161,3946215,Missing/Wrong Qty,Mumbai,2026-09-20T13:31:52.000,BOD,"Warehouse-team Zoho comment is a denial/non-admission: ""We have sent proper medicine to cx""",-,-
260468,3838446,Missing/Wrong Qty,Delhi,2026-09-22T07:55:37.000,Considered BOD,Not yet checked against a Warehouse-team Zoho comment - treated as BOD by default (unconfirmed resolution),-,-
260231,3945195,Missing/Wrong Qty,Lucknow,2026-09-21T06:29:13.000,Considered BOD,Not yet checked against a Warehouse-team Zoho comment - treated as BOD by default (unconfirmed resolution),-,-
259023,3855362,Missing/Wrong Qty,Bangalore,2026-09-14T06:40:07.000,BOD,"Warehouse-team Zoho comment is a denial/non-admission: ""We have sent proper medicine to CX Mahiboob bee""",-,-
260461,3986327,Missing/Wrong Qty,Delhi,2026-09-22T07:25:44.000,Considered BOD,Not yet checked against a Warehouse-team Zoho comment - treated as BOD by default (unconfirmed resolution),-,-
259767,3700487,Missing/Wrong Qty,Delhi,2026-09-18T06:49:14.000,Considered BOD,No Warehouse-team Zoho comment on this ticket - treated as BOD by default (unconfirmed resolution),-,-
259708,3795862,Missing/Wrong Qty,Unknown,2026-09-17T14:30:25.000,No return record,No matching marketplace_return_request row found in ClickHouse for this order,-,-
260292,3730418,Missing/Wrong Qty,Bangalore,2026-09-21T10:35:05.000,Considered BOD,Not yet checked against a Warehouse-team Zoho comment - treated as BOD by default (unconfirmed resolution),-,-
259813,3911676,Missing/Wrong Qty,Delhi,2026-09-18T10:45:33.000,Considered BOD,No Warehouse-team Zoho comment on this ticket - treated as BOD by default (unconfirmed resolution),-,-
260040,3947353,Missing/Wrong Qty,Bangalore,2026-09-19T15:35:44.000,BOD,"Warehouse-team Zoho comment is a denial/non-admission: ""We have sent proper medicine to cx""",-,-
260414,3945418,Missing/Wrong Qty,Delhi,2026-09-22T05:27:08.000,Considered BOD,Not yet checked against a Warehouse-team Zoho comment - treated as BOD by default (unconfirmed resolution),-,-
260413,3931238,Missing/Wrong Qty,Patna WH,2026-09-22T05:24:28.000,Considered BOD,Not yet checked against a Warehouse-team Zoho comment - treated as BOD by default (unconfirmed resolution),-,-
260226,3961427,Missing/Wrong Qty,Delhi,2026-09-21T06:16:46.000,Considered BOD,Not yet checked against a Warehouse-team Zoho comment - treated as BOD by default (unconfirmed resolution),-,-
259040,3858387,Missing/Wrong Qty,Delhi,2026-09-14T07:46:49.000,BOD,"Warehouse-team Zoho comment is a denial/non-admission: ""We have sent proper medicine to CX Mahiboob bee""",-,-
260018,3945269,Missing/Wrong Qty,Kolkata,2026-09-19T13:22:54.000,WH Accepted,"Warehouse-team Zoho comment is a genuine admission: ""We have sent short qty to cx Naveen""",Trishna_KOL,Sayanti_KOL
260350,3955283,Missing/Wrong Qty,Delhi,2026-09-21T13:02:19.000,Considered BOD,Not yet checked against a Warehouse-team Zoho comment - treated as BOD by default (unconfirmed resolution),-,-
260243,3930697,Missing/Wrong Qty,Bangalore,2026-09-21T07:04:15.000,Considered BOD,Not yet checked against a Warehouse-team Zoho comment - treated as BOD by default (unconfirmed resolution),-,-
260209,3972566,Missing/Wrong Qty,Patna WH,2026-09-21T05:34:19.000,Considered BOD,Not yet checked against a Warehouse-team Zoho comment - treated as BOD by default (unconfirmed resolution),-,-
260224,3961357,Missing/Wrong Qty,Bangalore,2026-09-21T06:12:21.000,Considered BOD,Not yet checked against a Warehouse-team Zoho comment - treated as BOD by default (unconfirmed resolution),-,-
260206,3885691,Missing/Wrong Qty,Mumbai,2026-09-21T05:13:13.000,Considered BOD,Not yet checked against a Warehouse-team Zoho comment - treated as BOD by default (unconfirmed resolution),-,-
259992,3894873,Missing/Wrong Qty,Bangalore,2026-09-19T11:02:37.000,BOD,"Warehouse-team Zoho comment is a denial/non-admission: ""We have sent proper medicine to cx Naveen""",-,-
258712,3819708,Missing/Wrong Qty,Lucknow,2026-09-12T06:45:53.000,BOD,"Warehouse-team Zoho comment is a denial/non-admission: ""We have sent proper medicine to CX""",-,-
259695,3907266,Missing/Wrong Qty,Delhi,2026-09-17T13:27:56.000,Considered BOD,No Warehouse-team Zoho comment on this ticket - treated as BOD by default (unconfirmed resolution),-,-
260242,3945360,Missing/Wrong Qty,Lucknow,2026-09-21T07:04:14.000,Considered BOD,Not yet checked against a Warehouse-team Zoho comment - treated as BOD by default (unconfirmed resolution),-,-
259756,3925397,Missing/Wrong Qty,Hyderabad WH,2026-09-18T06:24:58.000,BOD,"Warehouse-team Zoho comment is a denial/non-admission: ""We have sent proper medicine to CX""",-,-
260241,3957513,Missing/Wrong Qty,Kolkata,2026-09-21T07:02:04.000,Considered BOD,Not yet checked against a Warehouse-team Zoho comment - treated as BOD by default (unconfirmed resolution),-,-
259573,3917259,Missing/Wrong Qty,Bangalore,2026-09-17T06:09:11.000,BOD,"Warehouse-team Zoho comment is a denial/non-admission: ""We have sent proper medicine to CX""",-,-
259934,3890668,Missing/Wrong Qty,Bangalore,2026-09-19T07:11:37.000,BOD,"Warehouse-team Zoho comment is a denial/non-admission: ""We have sent proper medicine to cx Naveen""",-,-
259835,3920951,Missing/Wrong Qty,Delhi,2026-09-18T13:09:07.000,Considered BOD,No Warehouse-team Zoho comment on this ticket - treated as BOD by default (unconfirmed resolution),-,-
259680,3932324,Missing/Wrong Qty,Bangalore,2026-09-17T12:23:21.000,BOD,"Warehouse-team Zoho comment is a denial/non-admission: ""We have sent proper medicine to CX Because pac size is 1s your order id is contains 2 qty Mahiboob bee""",-,-
259983,3952361,Missing/Wrong Qty,Mumbai,2026-09-19T10:26:24.000,BOD,"Warehouse-team Zoho comment is a denial/non-admission: ""We have sent proper medicine to cx Naveen""",-,-
259612,3912123,Missing/Wrong Qty,Delhi,2026-09-17T08:14:18.000,Considered BOD,No Warehouse-team Zoho comment on this ticket - treated as BOD by default (unconfirmed resolution),-,-
259503,3906000,Missing/Wrong Qty,Delhi,2026-09-16T13:18:15.000,BOD,"Warehouse-team Zoho comment is a denial/non-admission: ""We have sent proper medicine to CX""",-,-
257627,3749388,Missing/Wrong Qty,Delhi,2026-09-06T12:36:29.000,BOD,"Warehouse-team Zoho comment is a denial/non-admission: ""We have sent proper medicine to Cx""",-,-
259988,3930344,Missing/Wrong Qty,Kolkata,2026-09-19T10:55:47.000,BOD,"Warehouse-team Zoho comment is a denial/non-admission: ""We have sent proper medicine to cx Naveen""",-,-
259925,3943931,Missing/Wrong Qty,Lucknow,2026-09-19T06:40:30.000,BOD,"Warehouse-team Zoho comment is a denial/non-admission: ""We have sent proper medicine to cx Naveen""",-,-
259987,3914089,Missing/Wrong Qty,Kolkata,2026-09-19T10:39:28.000,BOD,"Warehouse-team Zoho comment is a denial/non-admission: ""We have sent proper medicine to cx Naveen""",-,-
259696,3912784,Missing/Wrong Qty,Delhi,2026-09-17T13:28:52.000,Considered BOD,No Warehouse-team Zoho comment on this ticket - treated as BOD by default (unconfirmed resolution),-,-
259938,3891899,Missing/Wrong Qty,Lucknow,2026-09-19T07:22:10.000,BOD,"Warehouse-team Zoho comment is a denial/non-admission: ""We have sent proper medicine to cx Naveen""",-,-
259648,3904195,Missing/Wrong Qty,Bangalore,2026-09-17T10:14:48.000,BOD,"Warehouse-team Zoho comment is a denial/non-admission: ""We have sent proper medicine to CX""",-,-
259039,3866728,Missing/Wrong Qty,Hyderabad WH,2026-09-14T07:45:47.000,BOD,"Warehouse-team Zoho comment is a denial/non-admission: ""We have sent proper medicine to CX""",-,-
259050,3836386,Missing/Wrong Qty,Kolkata,2026-09-14T08:23:58.000,BOD,"Warehouse-team Zoho comment is a denial/non-admission: ""We have sent proper medicine to CX""",-,-
259950,3921095,Missing/Wrong Qty,Delhi,2026-09-19T07:53:34.000,Considered BOD,No Warehouse-team Zoho comment on this ticket - treated as BOD by default (unconfirmed resolution),-,-
260001,3911028,Missing/Wrong Qty,Bangalore,2026-09-19T12:21:35.000,BOD,"Warehouse-team Zoho comment is a denial/non-admission: ""We have sent proper medicine to cx Naveen""",-,-
260013,3938211,Missing/Wrong Qty,Bangalore,2026-09-19T13:03:16.000,WH Accepted,"Warehouse-team Zoho comment is a genuine admission: ""We have sent Wrong medicine to cx Naveen""",Shivaraj_BLRWH,Shwetha_BLRWH
259959,3857837,Missing/Wrong Qty,Bangalore,2026-09-19T08:26:46.000,BOD,"Warehouse-team Zoho comment is a denial/non-admission: ""We have sent proper medicine to cx Naveen""",-,-
260115,3953902,Missing/Wrong Qty,Bangalore,2026-09-20T08:08:59.000,WH Accepted,"Warehouse-team Zoho comment is a genuine admission: ""We have sent short qty to cx""",Pavithra,Asha_BLRWH
259246,3847579,Missing/Wrong Qty,Delhi,2026-09-15T08:06:02.000,BOD,"Warehouse-team Zoho comment is a denial/non-admission: ""We have sent proper medicine to CX""",-,-
259935,3913678,Missing/Wrong Qty,Bangalore,2026-09-19T07:13:16.000,BOD,"Warehouse-team Zoho comment is a denial/non-admission: ""We have sent proper medicine to cx Naveen""",-,-
259002,3850442,Missing/Wrong Qty,Bangalore,2026-09-14T05:19:16.000,WH Accepted,"Warehouse-team Zoho comment is a genuine admission: ""We have sent short qty to CX""",Shwetha1_BLRWH,Asha_BLRWH
259653,3876813,Missing/Wrong Qty,Delhi,2026-09-17T10:33:07.000,Considered BOD,No Warehouse-team Zoho comment on this ticket - treated as BOD by default (unconfirmed resolution),-,-
258819,3829134,Missing/Wrong Qty,Delhi,2026-09-12T12:52:00.000,BOD,"Warehouse-team Zoho comment is a denial/non-admission: ""We have sent proper medicine to CX""",-,-
259301,3857851,Missing/Wrong Qty,Bangalore,2026-09-15T11:09:36.000,BOD,"Warehouse-team Zoho comment is a denial/non-admission: ""We have sent proper medicine to CX""",-,-
259487,3861602,Missing/Wrong Qty,Bangalore,2026-09-16T12:26:57.000,BOD,"Warehouse-team Zoho comment is a denial/non-admission: ""We have sent proper medicine to CX""",-,-
259697,3911297,Missing/Wrong Qty,Bangalore,2026-09-17T13:29:35.000,BOD,"Warehouse-team Zoho comment is a denial/non-admission: ""We have sent proper medicine to CX Mahiboob bee""",-,-
259840,3909067,Missing/Wrong Qty,Bangalore,2026-09-18T13:18:14.000,BOD,"Warehouse-team Zoho comment is a denial/non-admission: ""We have sent proper medicine to cx Naveen""",-,-
259985,3855574,Missing/Wrong Qty,Kolkata,2026-09-19T10:27:58.000,Considered BOD,No Warehouse-team Zoho comment on this ticket - treated as BOD by default (unconfirmed resolution),-,-
259989,3919496,Missing/Wrong Qty,Delhi,2026-09-19T10:58:13.000,Considered BOD,No Warehouse-team Zoho comment on this ticket - treated as BOD by default (unconfirmed resolution),-,-
259973,3938606,Missing/Wrong Qty,Delhi,2026-09-19T09:30:54.000,Considered BOD,No Warehouse-team Zoho comment on this ticket - treated as BOD by default (unconfirmed resolution),-,-
259944,3933698,Missing/Wrong Qty,Delhi,2026-09-19T07:39:02.000,Considered BOD,No Warehouse-team Zoho comment on this ticket - treated as BOD by default (unconfirmed resolution),-,-
259949,3920000,Missing/Wrong Qty,Delhi,2026-09-19T07:49:34.000,Considered BOD,No Warehouse-team Zoho comment on this ticket - treated as BOD by default (unconfirmed resolution),-,-
259033,3868515,Missing/Wrong Qty,Bangalore,2026-09-14T07:23:02.000,BOD,"Warehouse-team Zoho comment is a denial/non-admission: ""We have sent proper medicine to CX Mahiboob bee""",-,-
259893,3399391,Missing/Wrong Qty,Unknown,2026-09-19T04:49:48.000,No return record,No matching marketplace_return_request row found in ClickHouse for this order,-,-
259571,3916252,Missing/Wrong Qty,Patna WH,2026-09-17T06:03:52.000,BOD,"Warehouse-team Zoho comment is a denial/non-admission: ""We have sent proper medicine to CX Mahiboob bee""",-,-
259817,3889230,Missing/Wrong Qty,Patna WH,2026-09-18T10:53:15.000,Considered BOD,No Warehouse-team Zoho comment on this ticket - treated as BOD by default (unconfirmed resolution),-,-
259657,3900844,Missing/Wrong Qty,Kolkata,2026-09-17T10:37:11.000,BOD,"Warehouse-team Zoho comment is a denial/non-admission: ""We have sent proper medicine to CX Mahiboob bee""",-,-
259579,3894126,Missing/Wrong Qty,Kolkata,2026-09-17T06:14:53.000,BOD,"Warehouse-team Zoho comment is a denial/non-admission: ""We have sent proper medicine to CX Mahiboob bee""",-,-
259582,3807489,Missing/Wrong Qty,Mumbai,2026-09-17T06:28:26.000,BOD,"Warehouse-team Zoho comment is a denial/non-admission: ""We have sent proper medicine to CX""",-,-
259670,3867522,Missing/Wrong Qty,Mumbai,2026-09-17T11:39:16.000,WH Accepted,"Warehouse-team Zoho comment is a genuine admission: ""We have sent injection instead of capsule to CX Mahiboob bee""",vaishaliB_MUM / AniketP_MUM,PrathmeshP_MUM
258685,3774854,Missing/Wrong Qty,Delhi,2026-09-12T03:51:54.000,BOD,"Warehouse-team Zoho comment is a denial/non-admission: ""We have sent proper medicine to CX""",-,-
259823,3900573,Missing/Wrong Qty,Unknown,2026-09-18T11:41:12.000,No return record,No matching marketplace_return_request row found in ClickHouse for this order,-,-
259656,3805153,Missing/Wrong Qty,Patna WH,2026-09-17T10:35:36.000,Considered BOD,No Warehouse-team Zoho comment on this ticket - treated as BOD by default (unconfirmed resolution),-,-
259759,3928615,Missing/Wrong Qty,Bangalore,2026-09-18T06:27:50.000,WH Accepted,"Warehouse-team Zoho comment is a genuine admission: ""We have sent short qty to CX Mahiboob bee""",Supritha,Shabana_BLRWH
259566,3861887,Missing/Wrong Qty,Delhi,2026-09-17T05:52:16.000,WH Accepted,"Warehouse-team Zoho comment is a genuine admission: ""We have sent wrong sku to CX Mahiboob bee""",Babita_DEL / Pammy_DEL,Devki-DEL
259597,3817669,Missing/Wrong Qty,Mumbai,2026-09-17T07:30:10.000,Considered BOD,No Warehouse-team Zoho comment on this ticket - treated as BOD by default (unconfirmed resolution),-,-
257704,3638002,Missing/Wrong Qty,Mumbai,2026-09-07T05:31:20.000,BOD,"Warehouse-team Zoho comment is a denial/non-admission: ""We have sent proper medicine to Cx""",-,-
259466,3909260,Missing/Wrong Qty,Delhi,2026-09-16T11:10:02.000,BOD,"Warehouse-team Zoho comment is a denial/non-admission: ""We have sent proper medicine to CX Mahiboob bee""",-,-
259045,3700487,Missing/Wrong Qty,Delhi,2026-09-14T08:02:39.000,BOD,"Warehouse-team Zoho comment is a denial/non-admission: ""We have sent proper medicine to CX""",-,-
259757,3904051,Missing/Wrong Qty,Delhi,2026-09-18T06:25:50.000,Considered BOD,No Warehouse-team Zoho comment on this ticket - treated as BOD by default (unconfirmed resolution),-,-
259460,3888233,Missing/Wrong Qty,Delhi,2026-09-16T10:48:09.000,BOD,"Warehouse-team Zoho comment is a denial/non-admission: ""We have sent proper medicine to CX Mahiboob bee""",-,-
259453,3851707,Missing/Wrong Qty,Delhi,2026-09-16T10:26:35.000,BOD,"Warehouse-team Zoho comment is a denial/non-admission: ""We have sent proper medicine to CX Mahiboob bee""",-,-
259127,3855574,Missing/Wrong Qty,Kolkata,2026-09-14T12:33:06.000,Considered BOD,No Warehouse-team Zoho comment on this ticket - treated as BOD by default (unconfirmed resolution),-,-
259022,3876827,Missing/Wrong Qty,Lucknow,2026-09-14T06:36:22.000,BOD,"Warehouse-team Zoho comment is a denial/non-admission: ""We have sent proper medicine to CX""",-,-
259464,3753731,Missing/Wrong Qty,Patna WH,2026-09-16T11:00:45.000,BOD,"Warehouse-team Zoho comment is a denial/non-admission: ""We have sent proper medicine to CX Mahiboob bee""",-,-
259623,3891973,Missing/Wrong Qty,Lucknow,2026-09-17T09:15:56.000,BOD,"Warehouse-team Zoho comment is a denial/non-admission: ""We have sent proper medicine to CX Mahiboob bee""",-,-
259462,3890494,Missing/Wrong Qty,Kolkata,2026-09-16T10:57:02.000,BOD,"Warehouse-team Zoho comment is a denial/non-admission: ""We have sent proper medicine to CX Mahiboob bee""",-,-
259606,3830955,Missing/Wrong Qty,Bangalore,2026-09-17T07:59:02.000,BOD,"Warehouse-team Zoho comment is a denial/non-admission: ""We have sent proper medicine to CX""",-,-
259454,3906082,Missing/Wrong Qty,Kolkata,2026-09-16T10:32:56.000,BOD,"Warehouse-team Zoho comment is a denial/non-admission: ""We have sent proper medicine to CX Mahiboob bee""",-,-
258329,3805153,Missing/Wrong Qty,Patna WH,2026-09-10T06:11:05.000,BOD,"Warehouse-team Zoho comment is a denial/non-admission: ""We have sent proper medicine to CX""",-,-
258502,3811759,Missing/Wrong Qty,Mumbai,2026-09-11T05:08:40.000,BOD,"Warehouse-team Zoho comment is a denial/non-admission: ""We have sent proper medicine to CX""",-,-
259402,3753190,Missing/Wrong Qty,Bangalore,2026-09-16T05:38:11.000,BOD,"Warehouse-team Zoho comment is a denial/non-admission: ""We have sent proper medicine to CX Mahiboob bee""",-,-
259072,3835363,Missing/Wrong Qty,Delhi,2026-09-14T10:18:39.000,BOD,"Warehouse-team Zoho comment is a denial/non-admission: ""we have sent proper medicine to CX""",-,-
259047,3847240,Missing/Wrong Qty,Lucknow,2026-09-14T08:18:49.000,BOD,"Warehouse-team Zoho comment is a denial/non-admission: ""We have sent proper medicine to CX Mahiboob bee""",-,-
258765,3824112,Missing/Wrong Qty,Delhi,2026-09-12T09:50:09.000,BOD,"Warehouse-team Zoho comment is a denial/non-admission: ""We have sent proper medicine to CX""",-,-
258766,3693873,Missing/Wrong Qty,Patna WH,2026-09-12T09:53:56.000,BOD,"Warehouse-team Zoho comment is a denial/non-admission: ""We have sent proper medicine to CX Mahiboob bee""",-,-
259032,3864037,Missing/Wrong Qty,Kolkata,2026-09-14T07:21:58.000,BOD,"Warehouse-team Zoho comment is a denial/non-admission: ""We have sent proper medicine to CX Mahiboob bee""",-,-
259020,3843316,Missing/Wrong Qty,Delhi,2026-09-14T06:33:11.000,BOD,"Warehouse-team Zoho comment is a denial/non-admission: ""We have sent proper medicine to CX Mahiboob bee""",-,-
258577,3650561,Missing/Wrong Qty,Delhi,2026-09-11T09:29:31.000,BOD,"Warehouse-team Zoho comment is a denial/non-admission: ""We have sent proper medicine to CX""",-,-
259295,3875281,Missing/Wrong Qty,Hyderabad WH,2026-09-15T10:41:14.000,WH Accepted,"Warehouse-team Zoho comment is a genuine admission: ""We have sent short qty to CX Mahiboob bee""",SaiKeerthana_HYD / Leelavathi_HYD,Indra_HYD
259324,3895243,Missing/Wrong Qty,Delhi,2026-09-15T12:09:40.000,BOD,"Warehouse-team Zoho comment is a denial/non-admission: ""We have sent proper medicine to CX Mahiboob bee""",-,-
259445,3903146,Missing/Wrong Qty,Delhi,2026-09-16T10:11:10.000,BOD,"Warehouse-team Zoho comment is a denial/non-admission: ""We have sent proper medicine to CX Mahiboob bee""",-,-
258542,3812936,Missing/Wrong Qty,Delhi,2026-09-11T06:52:49.000,BOD,"Warehouse-team Zoho comment is a denial/non-admission: ""We have sent proper medicine to CX""",-,-
259400,3804364,Missing/Wrong Qty,Bangalore,2026-09-16T05:30:22.000,BOD,"Warehouse-team Zoho comment is a denial/non-admission: ""We have sent proper medicine to CX Mahiboob bee""",-,-
259456,3888534,Missing/Wrong Qty,Mumbai,2026-09-16T10:35:48.000,BOD,"Warehouse-team Zoho comment is a denial/non-admission: ""We have sent proper medicine to CX Mahiboob bee""",-,-
259455,3887909,Missing/Wrong Qty,Hyderabad WH,2026-09-16T10:34:47.000,Considered BOD,No Warehouse-team Zoho comment on this ticket - treated as BOD by default (unconfirmed resolution),-,-
258100,3758627,Missing/Wrong Qty,Bangalore,2026-09-09T02:54:22.000,BOD,"Warehouse-team Zoho comment is a denial/non-admission: ""We have sent proper medicine to Cx""",-,-
258248,3774935,Missing/Wrong Qty,Delhi,2026-09-09T13:11:08.000,BOD,"Warehouse-team Zoho comment is a denial/non-admission: ""We have sent proper medicine to Cx""",-,-
259122,3854893,Missing/Wrong Qty,Delhi,2026-09-14T12:10:40.000,BOD,"Warehouse-team Zoho comment is a denial/non-admission: ""We have sent proper medicine to CX Mahiboob bee""",-,-
259290,3792436,Missing/Wrong Qty,Delhi,2026-09-15T10:26:36.000,BOD,"Warehouse-team Zoho comment is a denial/non-admission: ""We have sent proper medicine to CX Mahiboob bee""",-,-
259286,3886214,Missing/Wrong Qty,Lucknow,2026-09-15T10:12:44.000,BOD,"Warehouse-team Zoho comment is a denial/non-admission: ""We have sent proper medicine to CX Mahiboob bee""",-,-
259136,3778057,Missing/Wrong Qty,Kolkata,2026-09-14T13:32:46.000,BOD,"Warehouse-team Zoho comment is a denial/non-admission: ""We have sent proper medicine to CX Mahiboob bee""",-,-
259248,3876320,Missing/Wrong Qty,Bangalore,2026-09-15T08:12:55.000,WH Accepted,"Warehouse-team Zoho comment is a genuine admission: ""We have sent short qty to CX Mahiboob bee""",Shwetha1_BLRWH,Shwetha_BLRWH
259133,3840462,Missing/Wrong Qty,Bangalore,2026-09-14T13:27:49.000,BOD,"Warehouse-team Zoho comment is a denial/non-admission: ""We have sent proper medicine to CX Mahiboob bee""",-,-
259403,3900427,Missing/Wrong Qty,Delhi,2026-09-16T05:49:30.000,BOD,"Warehouse-team Zoho comment is a denial/non-admission: ""We have sent proper medicine to CX Mahiboob bee""",-,-
259406,3827837,Missing/Wrong Qty,Delhi,2026-09-16T06:08:59.000,BOD,"Warehouse-team Zoho comment is a denial/non-admission: ""We have sent proper medicine to CX Mahiboob bee""",-,-
259292,3873103,Missing/Wrong Qty,Delhi,2026-09-15T10:33:04.000,BOD,"Warehouse-team Zoho comment is a denial/non-admission: ""We have sent proper medicine to CX Mahiboob bee""",-,-
259343,3904722,Missing/Wrong Qty,Bangalore,2026-09-15T13:20:55.000,BOD,"Warehouse-team Zoho comment is a denial/non-admission: ""We have sent proper medicine to CX Mahiboob bee""",-,-
259075,3667779,Missing/Wrong Qty,Mumbai,2026-09-14T10:27:14.000,BOD,"Warehouse-team Zoho comment is a denial/non-admission: ""We have sent proper medicine to CX""",-,-
259076,3816844,Missing/Wrong Qty,Mumbai,2026-09-14T10:29:32.000,BOD,"Warehouse-team Zoho comment is a denial/non-admission: ""We have sent proper medicine to CX Mahiboob bee""",-,-
258501,3792169,Missing/Wrong Qty,Mumbai,2026-09-11T05:08:25.000,Considered BOD,"Warehouse-team Zoho comment matched no known admission/denial pattern - needs manual review: ""None"" - treated as BOD by default (unconfirmed resolution)",-,-
258793,3847522,Missing/Wrong Qty,Lucknow,2026-09-12T11:28:17.000,BOD,"Warehouse-team Zoho comment is a denial/non-admission: ""We have sent proper medicine to CX""",-,-
258691,3792169,Missing/Wrong Qty,Mumbai,2026-09-12T04:25:56.000,Considered BOD,"Warehouse-team Zoho comment matched no known admission/denial pattern - needs manual review: ""None"" - treated as BOD by default (unconfirmed resolution)",-,-
259117,3864006,Missing/Wrong Qty,Bangalore,2026-09-14T11:34:04.000,WH Accepted,"Warehouse-team Zoho comment is a genuine admission: ""We have sent short qty to CX""",Shwetha1_BLRWH / Harshitha1_BLRWH,Sumathi_BLR
259098,3805329,Missing/Wrong Qty,Lucknow,2026-09-14T11:09:04.000,BOD,"Warehouse-team Zoho comment is a denial/non-admission: ""We have sent proper medicine to CX Mahiboob bee""",-,-
258824,3825475,Missing/Wrong Qty,Unknown,2026-09-12T13:13:35.000,No return record,No matching marketplace_return_request row found in ClickHouse for this order,-,-
259124,3800379,Missing/Wrong Qty,Lucknow,2026-09-14T12:13:50.000,BOD,"Warehouse-team Zoho comment is a denial/non-admission: ""We have sent proper medicine to CX Mahiboob bee""",-,-
259126,3870288,Missing/Wrong Qty,Mumbai,2026-09-14T12:28:37.000,BOD,"Warehouse-team Zoho comment is a denial/non-admission: ""We have sent proper medicine to CX Mahiboob bee""",-,-
258720,3831489,Missing/Wrong Qty,Lucknow,2026-09-12T07:09:58.000,BOD,"Warehouse-team Zoho comment is a denial/non-admission: ""We have sent proper medicine to CX""",-,-
259242,3817496,Missing/Wrong Qty,Mumbai,2026-09-15T07:59:52.000,BOD,"Warehouse-team Zoho comment is a denial/non-admission: ""We have sent proper medicine to CX Mahiboob bee""",-,-
258818,3843501,Missing/Wrong Qty,Delhi,2026-09-12T12:44:07.000,BOD,"Warehouse-team Zoho comment is a denial/non-admission: ""We have sent proper medicine to CX""",-,-
259051,3855857,Missing/Wrong Qty,Mumbai,2026-09-14T08:25:39.000,BOD,"Warehouse-team Zoho comment is a denial/non-admission: ""We have sent proper medicine to CX Mahiboob bee""",-,-
259337,3892249,Missing/Wrong Qty,Delhi,2026-09-15T12:57:45.000,BOD,"Warehouse-team Zoho comment is a denial/non-admission: ""We have sent proper medicine to CX Mahiboob bee""",-,-
259194,3763045,Missing/Wrong Qty,Delhi,2026-09-15T05:39:47.000,BOD,"Warehouse-team Zoho comment is a denial/non-admission: ""We have sent proper medicine to CX""",-,-
259380,3730418,Missing/Wrong Qty,Bangalore,2026-09-16T03:57:36.000,Considered BOD,No Warehouse-team Zoho comment on this ticket - treated as BOD by default (unconfirmed resolution),-,-
259388,3906970,Missing/Wrong Qty,Unknown,2026-09-16T04:39:09.000,No return record,No matching marketplace_return_request row found in ClickHouse for this order,-,-
259293,3859205,Missing/Wrong Qty,Mumbai,2026-09-15T10:34:10.000,BOD,"Warehouse-team Zoho comment is a denial/non-admission: ""We have sent proper medicine to CX Mahiboob bee""",-,-
257969,3790012,Missing/Wrong Qty,Unknown,2026-09-08T07:50:32.000,No return record,No matching marketplace_return_request row found in ClickHouse for this order,-,-
257540,3712309,Missing/Wrong Qty,Bangalore,2026-09-06T07:05:23.000,BOD,"Warehouse-team Zoho comment is a denial/non-admission: ""We have sent proper medicine to Cx""",-,-
257623,3689635,Missing/Wrong Qty,Bangalore,2026-09-06T12:27:46.000,BOD,"Warehouse-team Zoho comment is a denial/non-admission: ""We have sent proper medicine to Cx""",-,-
259006,3862620,Missing/Wrong Qty,Bangalore,2026-09-14T05:29:50.000,BOD,"Warehouse-team Zoho comment is a denial/non-admission: ""We have sent proper medicine to CX Mahiboob bee""",-,-
259007,3814514,Missing/Wrong Qty,Lucknow,2026-09-14T05:37:32.000,WH Accepted,"Warehouse-team Zoho comment is a genuine admission: ""We have sent short qty to CX Mahiboob bee""",Reena_LKO,Arti_LKO
258636,3753414,Missing/Wrong Qty,Patna WH,2026-09-11T13:26:46.000,Considered BOD,No Warehouse-team Zoho comment on this ticket - treated as BOD by default (unconfirmed resolution),-,-
258576,3804561,Missing/Wrong Qty,Bangalore,2026-09-11T09:19:47.000,BOD,"Warehouse-team Zoho comment is a denial/non-admission: ""We have sent proper medicine to CX""",-,-
259034,3847188,Missing/Wrong Qty,Mumbai,2026-09-14T07:23:11.000,WH Accepted,"Warehouse-team Zoho comment is a genuine admission: ""We have sent short qty to CX Mahiboob bee""",JyotiD_MUM,NishaS_Mum
257826,3708705,Missing/Wrong Qty,Delhi,2026-09-07T12:26:33.000,BOD,"Warehouse-team Zoho comment is a denial/non-admission: ""We have sent proper medicine to Cx""",-,-
258618,3776751,Missing/Wrong Qty,Mumbai,2026-09-11T12:19:28.000,WH Accepted,"Warehouse-team Zoho comment is a genuine admission: ""We have sent short qty to CX""",SapnaY_MUM,PrathmeshP_MUM
258026,3785639,Missing/Wrong Qty,Bangalore,2026-09-08T11:04:25.000,BOD,"Warehouse-team Zoho comment is a denial/non-admission: ""We have sent proper medicine to Cx""",-,-
258051,3756911,Missing/Wrong Qty,Patna WH,2026-09-08T12:54:06.000,Considered BOD,No Warehouse-team Zoho comment on this ticket - treated as BOD by default (unconfirmed resolution),-,-
257847,3754817,Missing/Wrong Qty,Mumbai,2026-09-07T13:20:31.000,BOD,"Warehouse-team Zoho comment is a denial/non-admission: ""We have sent proper medicine to Cx""",-,-
258640,3806211,Missing/Wrong Qty,Bangalore,2026-09-11T13:30:33.000,BOD,"Warehouse-team Zoho comment is a denial/non-admission: ""We have sent proper medicine to CX""",-,-
258536,3766210,Missing/Wrong Qty,Patna WH,2026-09-11T06:36:07.000,Considered BOD,No Warehouse-team Zoho comment on this ticket - treated as BOD by default (unconfirmed resolution),-,-
258730,3806211,Missing/Wrong Qty,Bangalore,2026-09-12T07:49:38.000,BOD,"Warehouse-team Zoho comment is a denial/non-admission: ""We have sent proper medicine to CX Mahiboob bee""",-,-
256798,3685419,Missing/Wrong Qty,Bangalore,2026-09-02T12:03:48.000,Considered BOD,"Warehouse-team Zoho comment matched no known admission/denial pattern - needs manual review: ""Switch order"" - treated as BOD by default (unconfirmed resolution)",-,-
257843,3730418,Missing/Wrong Qty,Bangalore,2026-09-07T13:07:03.000,BOD,"Warehouse-team Zoho comment is a denial/non-admission: ""We have sent proper medicine to Cx""",-,-
258239,3634917,Missing/Wrong Qty,Delhi,2026-09-09T12:50:11.000,BOD,"Warehouse-team Zoho comment is a denial/non-admission: ""We have sent proper medicine to Cx""",-,-
258697,3824101,Missing/Wrong Qty,Lucknow,2026-09-12T04:57:14.000,BOD,"Warehouse-team Zoho comment is a denial/non-admission: ""We have sent proper medicine to CX""",-,-
258710,3785919,Missing/Wrong Qty,Lucknow,2026-09-12T06:45:14.000,BOD,"Warehouse-team Zoho comment is a denial/non-admission: ""We have sent proper medicine to CX""",-,-
257840,3719039,Missing/Wrong Qty,Mumbai,2026-09-07T12:57:12.000,BOD,"Warehouse-team Zoho comment is a denial/non-admission: ""We have sent proper medicine to Cx""",-,-
258374,3701380,Missing/Wrong Qty,Bangalore,2026-09-10T08:37:48.000,BOD,"Warehouse-team Zoho comment is a denial/non-admission: ""We have sent proper medicine to Cx""",-,-
258624,3782279,Missing/Wrong Qty,Lucknow,2026-09-11T12:39:19.000,BOD,"Warehouse-team Zoho comment is a denial/non-admission: ""We have sent proper medicine to CX""",-,-
257626,3728808,Missing/Wrong Qty,Kolkata,2026-09-06T12:33:36.000,BOD,"Warehouse-team Zoho comment is a denial/non-admission: ""We have sent proper medicine to Cx""",-,-
250656,3178720,Missing/Wrong Qty,Delhi,2026-08-03T12:13:48.000,Considered BOD,Not yet checked against a Warehouse-team Zoho comment - treated as BOD by default (unconfirmed resolution),-,-
250274,3209091,Missing/Wrong Qty,Mumbai,2026-08-01T09:05:57.000,BOD,"Warehouse-team Zoho comment is a denial/non-admission: ""We have sent proper medicine to Cx Mahiboob bee""",-,-
247537,3188673,Missing/Wrong Qty,Kolkata,2026-07-28T10:07:55.000,Considered BOD,Not yet checked against a Warehouse-team Zoho comment - treated as BOD by default (unconfirmed resolution),-,-
247162,2991758,Missing/Wrong Qty,Delhi,2026-07-28T05:25:44.000,Considered BOD,Not yet checked against a Warehouse-team Zoho comment - treated as BOD by default (unconfirmed resolution),-,-
249516,3219025,Missing/Wrong Qty,Delhi,2026-07-31T05:26:59.000,WH Accepted,"Warehouse-team Zoho comment is a genuine admission: ""We have sent short qty to Cx""",Saurav_DEL,Seema_DEL
250489,3248204,Missing/Wrong Qty,Bangalore,2026-08-02T11:47:59.000,BOD,"Warehouse-team Zoho comment is a denial/non-admission: ""We have sent proper medicine to Cx""",-,-
249675,3183796,Missing/Wrong Qty,Bangalore,2026-07-31T09:44:09.000,BOD,"Warehouse-team Zoho comment is a denial/non-admission: ""We have sent proper medicine to Cx""",-,-
249682,3228803,Missing/Wrong Qty,Delhi,2026-07-31T09:51:16.000,Considered BOD,Not yet checked against a Warehouse-team Zoho comment - treated as BOD by default (unconfirmed resolution),-,-
250491,3214541,Missing/Wrong Qty,Bangalore,2026-08-02T11:54:01.000,BOD,"Warehouse-team Zoho comment is a denial/non-admission: ""We have sent proper medicine to Cx""",-,-
250488,3231814,Missing/Wrong Qty,Bangalore,2026-08-02T11:44:15.000,BOD,"Warehouse-team Zoho comment is a denial/non-admission: ""We have sent proper medicine to Cx""",-,-
250476,3239875,Missing/Wrong Qty,Bangalore,2026-08-02T10:35:16.000,BOD,"Warehouse-team Zoho comment is a denial/non-admission: ""We have sent proper medicine to Cx""",-,-
246856,3154920,Missing/Wrong Qty,Delhi,2026-07-27T13:09:46.000,BOD,"Warehouse-team Zoho comment is a denial/non-admission: ""We have sent proper medicine to Cx""",-,-
245052,3037230,Missing/Wrong Qty,Kolkata,2026-07-26T03:21:27.000,Considered BOD,Not yet checked against a Warehouse-team Zoho comment - treated as BOD by default (unconfirmed resolution),-,-
245827,3147111,Missing/Wrong Qty,Unknown,2026-07-26T11:47:40.000,No return record,No matching marketplace_return_request row found in ClickHouse for this order,-,-
248087,3163302,Missing/Wrong Qty,Mumbai,2026-07-29T08:07:50.000,BOD,"Warehouse-team Zoho comment is a denial/non-admission: ""We have sent proper medicine to Cx""",-,-
247641,3169434,Missing/Wrong Qty,Mumbai,2026-07-28T12:47:16.000,BOD,"Warehouse-team Zoho comment is a denial/non-admission: ""We have sent proper medicine to Cx""",-,-
244196,3081395,Missing/Wrong Qty,Unknown,2026-07-24T13:40:05.000,No return record,No matching marketplace_return_request row found in ClickHouse for this order,-,-
245834,3142506,Missing/Wrong Qty,Kolkata,2026-07-26T12:01:49.000,BOD,"Warehouse-team Zoho comment is a denial/non-admission: ""We have sent proper medicine to Cx""",-,-
250278,3222253,Missing/Wrong Qty,Kolkata,2026-08-01T09:38:50.000,Considered BOD,Not yet checked against a Warehouse-team Zoho comment - treated as BOD by default (unconfirmed resolution),-,-
250314,3243457,Missing/Wrong Qty,Lucknow,2026-08-01T11:21:17.000,Considered BOD,Not yet checked against a Warehouse-team Zoho comment - treated as BOD by default (unconfirmed resolution),-,-
249778,3216428,Missing/Wrong Qty,Lucknow,2026-07-31T12:36:44.000,Considered BOD,Not yet checked against a Warehouse-team Zoho comment - treated as BOD by default (unconfirmed resolution),-,-
248353,3166754,Missing/Wrong Qty,Kolkata,2026-07-29T10:21:23.000,Considered BOD,Not yet checked against a Warehouse-team Zoho comment - treated as BOD by default (unconfirmed resolution),-,-
246907,3152921,Missing/Wrong Qty,Bangalore,2026-07-27T15:06:05.000,WH Accepted,"Warehouse-team Zoho comment is a genuine admission: ""We have sent short qty to Cx (Same order id, clearing this issue again 2nd time) Mahiboob bee""",Kavana_BLRWH,Shivaraj_BLRWH
250226,3196692,Missing/Wrong Qty,Delhi,2026-08-01T06:21:52.000,WH Accepted,"Warehouse-team Zoho comment is a genuine admission: ""We have sent short qty to Cx Mahiboob bee""",Soni_Del,Shailesh_DEL
249738,3207449,Missing/Wrong Qty,Bangalore,2026-07-31T11:07:19.000,Considered BOD,Not yet checked against a Warehouse-team Zoho comment - treated as BOD by default (unconfirmed resolution),-,-
249712,3203193,Missing/Wrong Qty,Mumbai,2026-07-31T10:35:57.000,Considered BOD,Not yet checked against a Warehouse-team Zoho comment - treated as BOD by default (unconfirmed resolution),-,-
249768,3210934,Missing/Wrong Qty,Bangalore,2026-07-31T12:13:40.000,Considered BOD,Not yet checked against a Warehouse-team Zoho comment - treated as BOD by default (unconfirmed resolution),-,-
249760,3155212,Missing/Wrong Qty,Bangalore,2026-07-31T11:55:49.000,Considered BOD,Not yet checked against a Warehouse-team Zoho comment - treated as BOD by default (unconfirmed resolution),-,-
249749,3208216,Missing/Wrong Qty,Bangalore,2026-07-31T11:32:21.000,Considered BOD,Not yet checked against a Warehouse-team Zoho comment - treated as BOD by default (unconfirmed resolution),-,-
249721,3208054,Missing/Wrong Qty,Mumbai,2026-07-31T10:47:39.000,Considered BOD,Not yet checked against a Warehouse-team Zoho comment - treated as BOD by default (unconfirmed resolution),-,-
248465,3170900,Missing/Wrong Qty,Lucknow,2026-07-29T13:15:45.000,Considered BOD,Not yet checked against a Warehouse-team Zoho comment - treated as BOD by default (unconfirmed resolution),-,-
247642,3167696,Missing/Wrong Qty,Lucknow,2026-07-28T12:52:25.000,Considered BOD,Not yet checked against a Warehouse-team Zoho comment - treated as BOD by default (unconfirmed resolution),-,-
240396,2991758,Missing/Wrong Qty,Delhi,2026-07-20T08:49:33.000,Considered BOD,Not yet checked against a Warehouse-team Zoho comment - treated as BOD by default (unconfirmed resolution),-,-
248994,3202949,Missing/Wrong Qty,Delhi,2026-07-30T09:39:28.000,Considered BOD,Not yet checked against a Warehouse-team Zoho comment - treated as BOD by default (unconfirmed resolution),-,-
248995,3169611,Missing/Wrong Qty,Mumbai,2026-07-30T09:39:38.000,Considered BOD,Not yet checked against a Warehouse-team Zoho comment - treated as BOD by default (unconfirmed resolution),-,-
249543,3150299,Missing/Wrong Qty,Delhi,2026-07-31T06:15:22.000,Considered BOD,Not yet checked against a Warehouse-team Zoho comment - treated as BOD by default (unconfirmed resolution),-,-
249481,3213347,Missing/Wrong Qty,Mumbai,2026-07-31T04:25:12.000,Considered BOD,Not yet checked against a Warehouse-team Zoho comment - treated as BOD by default (unconfirmed resolution),-,-
242784,3046811,Missing/Wrong Qty,Delhi,2026-07-23T06:54:05.000,Considered BOD,Not yet checked against a Warehouse-team Zoho comment - treated as BOD by default (unconfirmed resolution),-,-
248030,3053582,Missing/Wrong Qty,Bangalore,2026-07-29T07:01:36.000,Considered BOD,Not yet checked against a Warehouse-team Zoho comment - treated as BOD by default (unconfirmed resolution),-,-
249005,3203163,Missing/Wrong Qty,Mumbai,2026-07-30T09:47:59.000,Considered BOD,Not yet checked against a Warehouse-team Zoho comment - treated as BOD by default (unconfirmed resolution),-,-
249236,3189206,Missing/Wrong Qty,Bangalore,2026-07-30T12:25:26.000,Considered BOD,Not yet checked against a Warehouse-team Zoho comment - treated as BOD by default (unconfirmed resolution),-,-
249241,3219086,Missing/Wrong Qty,Delhi,2026-07-30T12:35:05.000,Considered BOD,Not yet checked against a Warehouse-team Zoho comment - treated as BOD by default (unconfirmed resolution),-,-
249497,3125547,Missing/Wrong Qty,Kolkata,2026-07-31T05:01:05.000,BOD,"Warehouse-team Zoho comment is a denial/non-admission: ""We have sent proper medicine to Cx Mahiboob bee""",-,-
248410,3175010,Missing/Wrong Qty,Kolkata,2026-07-29T12:06:26.000,Considered BOD,Not yet checked against a Warehouse-team Zoho comment - treated as BOD by default (unconfirmed resolution),-,-
245735,3107816,Missing/Wrong Qty,Delhi,2026-07-26T09:22:26.000,Considered BOD,Not yet checked against a Warehouse-team Zoho comment - treated as BOD by default (unconfirmed resolution),-,-
248460,3173348,Missing/Wrong Qty,Mumbai,2026-07-29T13:09:50.000,Considered BOD,Not yet checked against a Warehouse-team Zoho comment - treated as BOD by default (unconfirmed resolution),-,-
248075,3158217,Missing/Wrong Qty,Delhi,2026-07-29T07:52:45.000,Considered BOD,Not yet checked against a Warehouse-team Zoho comment - treated as BOD by default (unconfirmed resolution),-,-
248466,3173348,Missing/Wrong Qty,Mumbai,2026-07-29T13:17:56.000,Considered BOD,Not yet checked against a Warehouse-team Zoho comment - treated as BOD by default (unconfirmed resolution),-,-
248900,3181750,Missing/Wrong Qty,Bangalore,2026-07-30T07:07:46.000,Considered BOD,Not yet checked against a Warehouse-team Zoho comment - treated as BOD by default (unconfirmed resolution),-,-
249004,3207770,Missing/Wrong Qty,Bangalore,2026-07-30T09:46:58.000,Considered BOD,Not yet checked against a Warehouse-team Zoho comment - treated as BOD by default (unconfirmed resolution),-,-
248073,3166974,Missing/Wrong Qty,Delhi,2026-07-29T07:51:18.000,Considered BOD,Not yet checked against a Warehouse-team Zoho comment - treated as BOD by default (unconfirmed resolution),-,-
247453,3171004,Missing/Wrong Qty,Kolkata,2026-07-28T09:22:18.000,Considered BOD,Not yet checked against a Warehouse-team Zoho comment - treated as BOD by default (unconfirmed resolution),-,-
246485,3161465,Missing/Wrong Qty,Kolkata,2026-07-27T07:29:54.000,Considered BOD,Not yet checked against a Warehouse-team Zoho comment - treated as BOD by default (unconfirmed resolution),-,-
246449,3143740,Missing/Wrong Qty,Bangalore,2026-07-27T06:40:31.000,Considered BOD,Not yet checked against a Warehouse-team Zoho comment - treated as BOD by default (unconfirmed resolution),-,-
246858,3153502,Missing/Wrong Qty,Delhi,2026-07-27T13:12:10.000,Considered BOD,Not yet checked against a Warehouse-team Zoho comment - treated as BOD by default (unconfirmed resolution),-,-
247608,3113063,Missing/Wrong Qty,Bangalore,2026-07-28T11:56:38.000,Considered BOD,Not yet checked against a Warehouse-team Zoho comment - treated as BOD by default (unconfirmed resolution),-,-
247650,3186743,Missing/Wrong Qty,Bangalore,2026-07-28T13:02:28.000,Considered BOD,Not yet checked against a Warehouse-team Zoho comment - treated as BOD by default (unconfirmed resolution),-,-
248089,3194178,Missing/Wrong Qty,Bangalore,2026-07-29T08:10:09.000,Considered BOD,Not yet checked against a Warehouse-team Zoho comment - treated as BOD by default (unconfirmed resolution),-,-
243653,3063156,Missing/Wrong Qty,Delhi,2026-07-24T04:35:33.000,Considered BOD,Not yet checked against a Warehouse-team Zoho comment - treated as BOD by default (unconfirmed resolution),-,-
248409,3191119,Missing/Wrong Qty,Bangalore,2026-07-29T12:04:43.000,Considered BOD,Not yet checked against a Warehouse-team Zoho comment - treated as BOD by default (unconfirmed resolution),-,-
240568,3066865,Missing/Wrong Qty,Unknown,2026-07-20T10:01:08.000,No return record,No matching marketplace_return_request row found in ClickHouse for this order,-,-
247278,3153679,Missing/Wrong Qty,Mumbai,2026-07-28T07:56:40.000,Considered BOD,Not yet checked against a Warehouse-team Zoho comment - treated as BOD by default (unconfirmed resolution),-,-
248354,3167961,Missing/Wrong Qty,Delhi,2026-07-29T10:22:31.000,BOD,"Warehouse-team Zoho comment is a denial/non-admission: ""We have sent proper medicine to Cx""",-,-
248378,3178152,Missing/Wrong Qty,Lucknow,2026-07-29T10:55:10.000,WH Accepted,"Warehouse-team Zoho comment is a genuine admission: ""We have sent short qty to Cx Mahiboob bee""",Shivam.J_LKO,Arti_LKO
248383,3187708,Missing/Wrong Qty,Delhi,2026-07-29T11:15:40.000,WH Accepted,"Warehouse-team Zoho comment is a genuine admission: ""We have sent short qty to Cx Mahiboob bee""",Preeti_Y_DEL,Babita_DEL
246477,3152646,Missing/Wrong Qty,Lucknow,2026-07-27T07:23:45.000,Considered BOD,Not yet checked against a Warehouse-team Zoho comment - treated as BOD by default (unconfirmed resolution),-,-
245481,3120838,Missing/Wrong Qty,Lucknow,2026-07-26T07:56:57.000,Considered BOD,Not yet checked against a Warehouse-team Zoho comment - treated as BOD by default (unconfirmed resolution),-,-
243315,3124943,Missing/Wrong Qty,Bangalore,2026-07-23T14:40:12.000,Considered BOD,Not yet checked against a Warehouse-team Zoho comment - treated as BOD by default (unconfirmed resolution),-,-
242285,3085442,Missing/Wrong Qty,Unknown,2026-07-22T13:33:28.000,No return record,No matching marketplace_return_request row found in ClickHouse for this order,-,-
243709,3033409,Missing/Wrong Qty,Delhi,2026-07-24T05:43:10.000,BOD,"Warehouse-team Zoho comment is a denial/non-admission: ""We have sent proper medicine to Cx Mahiboob bee""",-,-
243267,3101555,Missing/Wrong Qty,Delhi,2026-07-23T13:36:17.000,Considered BOD,Not yet checked against a Warehouse-team Zoho comment - treated as BOD by default (unconfirmed resolution),-,-
247660,3174252,Missing/Wrong Qty,Bangalore,2026-07-28T13:10:57.000,Considered BOD,Not yet checked against a Warehouse-team Zoho comment - treated as BOD by default (unconfirmed resolution),-,-
247657,3180098,Missing/Wrong Qty,Bangalore,2026-07-28T13:08:58.000,Considered BOD,Not yet checked against a Warehouse-team Zoho comment - treated as BOD by default (unconfirmed resolution),-,-
247654,3184841,Missing/Wrong Qty,Kolkata,2026-07-28T13:05:40.000,Considered BOD,Not yet checked against a Warehouse-team Zoho comment - treated as BOD by default (unconfirmed resolution),-,-
247647,3152921,Missing/Wrong Qty,Bangalore,2026-07-28T12:59:20.000,WH Accepted,"Warehouse-team Zoho comment is a genuine admission: ""We have sent short qty to Cx Mahiboob bee""",Kavana_BLRWH,Shivaraj_BLRWH
247624,3161893,Missing/Wrong Qty,Mumbai,2026-07-28T12:16:22.000,Considered BOD,Not yet checked against a Warehouse-team Zoho comment - treated as BOD by default (unconfirmed resolution),-,-
247621,3178893,Missing/Wrong Qty,Lucknow,2026-07-28T12:12:48.000,WH Accepted,"Warehouse-team Zoho comment is a genuine admission: ""We have sent only 1qty short to Cx Mahiboob bee""",Gayatri.M_LKO / Anshu.S_LKO,Arti_LKO
247612,3129044,Missing/Wrong Qty,Kolkata,2026-07-28T11:58:24.000,Considered BOD,Not yet checked against a Warehouse-team Zoho comment - treated as BOD by default (unconfirmed resolution),-,-
247604,3146952,Missing/Wrong Qty,Bangalore,2026-07-28T11:49:45.000,Considered BOD,Not yet checked against a Warehouse-team Zoho comment - treated as BOD by default (unconfirmed resolution),-,-
247535,3170326,Missing/Wrong Qty,Bangalore,2026-07-28T10:03:46.000,Considered BOD,Not yet checked against a Warehouse-team Zoho comment - treated as BOD by default (unconfirmed resolution),-,-
246862,3107185,Missing/Wrong Qty,Mumbai,2026-07-27T13:17:25.000,Considered BOD,Not yet checked against a Warehouse-team Zoho comment - treated as BOD by default (unconfirmed resolution),-,-
246849,3142847,Missing/Wrong Qty,Mumbai,2026-07-27T12:58:24.000,Considered BOD,Not yet checked against a Warehouse-team Zoho comment - treated as BOD by default (unconfirmed resolution),-,-
246835,3136033,Missing/Wrong Qty,Delhi,2026-07-27T12:34:08.000,Considered BOD,Not yet checked against a Warehouse-team Zoho comment - treated as BOD by default (unconfirmed resolution),-,-
247182,3117054,Missing/Wrong Qty,Delhi,2026-07-28T05:55:11.000,Considered BOD,Not yet checked against a Warehouse-team Zoho comment - treated as BOD by default (unconfirmed resolution),-,-
246440,3116640,Missing/Wrong Qty,Bangalore,2026-07-27T06:27:18.000,Considered BOD,Not yet checked against a Warehouse-team Zoho comment - treated as BOD by default (unconfirmed resolution),-,-
246428,3128155,Missing/Wrong Qty,Bangalore,2026-07-27T06:18:09.000,Considered BOD,Not yet checked against a Warehouse-team Zoho comment - treated as BOD by default (unconfirmed resolution),-,-
242829,3116396,Missing/Wrong Qty,Unknown,2026-07-23T07:24:47.000,No return record,No matching marketplace_return_request row found in ClickHouse for this order,-,-
247264,3151993,Missing/Wrong Qty,Lucknow,2026-07-28T07:31:57.000,Considered BOD,Not yet checked against a Warehouse-team Zoho comment - treated as BOD by default (unconfirmed resolution),-,-
241790,3043432,Missing/Wrong Qty,Mumbai,2026-07-22T05:35:58.000,Considered BOD,Not yet checked against a Warehouse-team Zoho comment - treated as BOD by default (unconfirmed resolution),-,-
246486,3150330,Missing/Wrong Qty,Kolkata,2026-07-27T07:32:24.000,Considered BOD,Not yet checked against a Warehouse-team Zoho comment - treated as BOD by default (unconfirmed resolution),-,-
245897,3159511,Missing/Wrong Qty,Bangalore,2026-07-26T13:50:07.000,Considered BOD,Not yet checked against a Warehouse-team Zoho comment - treated as BOD by default (unconfirmed resolution),-,-
246515,3098845,Missing/Wrong Qty,Delhi,2026-07-27T08:04:06.000,Considered BOD,Not yet checked against a Warehouse-team Zoho comment - treated as BOD by default (unconfirmed resolution),-,-
246763,3038162,Missing/Wrong Qty,Delhi,2026-07-27T10:33:23.000,Considered BOD,Not yet checked against a Warehouse-team Zoho comment - treated as BOD by default (unconfirmed resolution),-,-
246506,3130995,Missing/Wrong Qty,Mumbai,2026-07-27T07:53:58.000,Considered BOD,Not yet checked against a Warehouse-team Zoho comment - treated as BOD by default (unconfirmed resolution),-,-
243224,3027919,Missing/Wrong Qty,Kolkata,2026-07-23T12:40:00.000,WH Accepted,"Warehouse-team Zoho comment is a genuine admission: ""Paker didn't removed the calciquick d3 outside properly""",Suman_bagani_KOL,Surojit_KOL
245208,3120313,Missing/Wrong Qty,Kolkata,2026-07-26T07:32:29.000,Considered BOD,Not yet checked against a Warehouse-team Zoho comment - treated as BOD by default (unconfirmed resolution),-,-
246386,3098238,Missing/Wrong Qty,Bangalore,2026-07-27T05:18:29.000,Considered BOD,Not yet checked against a Warehouse-team Zoho comment - treated as BOD by default (unconfirmed resolution),-,-
243908,3114859,Missing/Wrong Qty,Bangalore,2026-07-24T10:18:17.000,WH Accepted,"Warehouse-team Zoho comment is a genuine admission: ""We have sent short qty to Cx""",Pavithra / Salmabanu_BLRWH,Raksha_BLRWH
244778,3124746,Missing/Wrong Qty,Delhi,2026-07-25T12:17:42.000,Considered BOD,Not yet checked against a Warehouse-team Zoho comment - treated as BOD by default (unconfirmed resolution),-,-
246521,3164799,Missing/Wrong Qty,Delhi,2026-07-27T08:10:58.000,Considered BOD,Not yet checked against a Warehouse-team Zoho comment - treated as BOD by default (unconfirmed resolution),-,-
245871,3171395,Missing/Wrong Qty,Kolkata,2026-07-26T13:11:31.000,Considered BOD,Not yet checked against a Warehouse-team Zoho comment - treated as BOD by default (unconfirmed resolution),-,-
243232,3094604,Missing/Wrong Qty,Bangalore,2026-07-23T12:55:23.000,WH Accepted,"Warehouse-team Zoho comment is a genuine admission: ""We have sent short qty to Cx Mahiboob bee""",Tharun_BLRWH,Raksha_BLRWH
239889,3094280,Missing/Wrong Qty,DocPharma,2026-07-19T11:03:47.000,Considered BOD,No Warehouse-team Zoho comment on this ticket - treated as BOD by default (unconfirmed resolution),-,-
245189,3164189,Missing/Wrong Qty,Bangalore,2026-07-26T07:14:35.000,Considered BOD,Not yet checked against a Warehouse-team Zoho comment - treated as BOD by default (unconfirmed resolution),-,-
245198,3111787,Missing/Wrong Qty,Bangalore,2026-07-26T07:21:09.000,Considered BOD,Not yet checked against a Warehouse-team Zoho comment - treated as BOD by default (unconfirmed resolution),-,-
244818,3113063,Missing/Wrong Qty,Bangalore,2026-07-25T13:05:12.000,Considered BOD,Not yet checked against a Warehouse-team Zoho comment - treated as BOD by default (unconfirmed resolution),-,-
243818,3106286,Missing/Wrong Qty,Lucknow,2026-07-24T08:07:01.000,Considered BOD,Not yet checked against a Warehouse-team Zoho comment - treated as BOD by default (unconfirmed resolution),-,-
244770,3149319,Missing/Wrong Qty,Delhi,2026-07-25T12:12:38.000,Considered BOD,Not yet checked against a Warehouse-team Zoho comment - treated as BOD by default (unconfirmed resolution),-,-
244532,2975690,Missing/Wrong Qty,Delhi,2026-07-25T06:46:44.000,BOD,"Warehouse-team Zoho comment is a denial/non-admission: ""We have sent proper medicine to Cx""",-,-
244610,3058635,Missing/Wrong Qty,Bangalore,2026-07-25T08:42:31.000,Considered BOD,Not yet checked against a Warehouse-team Zoho comment - treated as BOD by default (unconfirmed resolution),-,-
244629,3144267,Missing/Wrong Qty,Mumbai,2026-07-25T09:13:07.000,Considered BOD,Not yet checked against a Warehouse-team Zoho comment - treated as BOD by default (unconfirmed resolution),-,-
243930,3139926,Missing/Wrong Qty,Delhi,2026-07-24T10:50:09.000,Considered BOD,Not yet checked against a Warehouse-team Zoho comment - treated as BOD by default (unconfirmed resolution),-,-
244651,3140641,Missing/Wrong Qty,Kolkata,2026-07-25T09:44:14.000,Considered BOD,Not yet checked against a Warehouse-team Zoho comment - treated as BOD by default (unconfirmed resolution),-,-
244665,3112329,Missing/Wrong Qty,Lucknow,2026-07-25T10:05:22.000,Considered BOD,Not yet checked against a Warehouse-team Zoho comment - treated as BOD by default (unconfirmed resolution),-,-
244639,3115687,Missing/Wrong Qty,Delhi,2026-07-25T09:28:44.000,Considered BOD,Not yet checked against a Warehouse-team Zoho comment - treated as BOD by default (unconfirmed resolution),-,-
240468,3076348,Missing/Wrong Qty,Mumbai,2026-07-20T09:35:58.000,Considered BOD,Not yet checked against a Warehouse-team Zoho comment - treated as BOD by default (unconfirmed resolution),-,-
244150,3109140,Missing/Wrong Qty,Bangalore,2026-07-24T12:41:55.000,WH Accepted,"Warehouse-team Zoho comment is a genuine admission: ""We have sent only 1qty short qty to Cx Mahiboob bee""",Anjana_BLRW / Shrusti_BLRWH,Shwetha_BLRWH
243922,3109819,Missing/Wrong Qty,Bangalore,2026-07-24T10:36:21.000,Considered BOD,Not yet checked against a Warehouse-team Zoho comment - treated as BOD by default (unconfirmed resolution),-,-
243225,3115230,Missing/Wrong Qty,Kolkata,2026-07-23T12:43:03.000,Considered BOD,Not yet checked against a Warehouse-team Zoho comment - treated as BOD by default (unconfirmed resolution),-,-
243914,3108300,Missing/Wrong Qty,Delhi,2026-07-24T10:31:25.000,Considered BOD,Not yet checked against a Warehouse-team Zoho comment - treated as BOD by default (unconfirmed resolution),-,-
243934,3058635,Missing/Wrong Qty,Bangalore,2026-07-24T10:54:03.000,Considered BOD,Not yet checked against a Warehouse-team Zoho comment - treated as BOD by default (unconfirmed resolution),-,-
243926,3115874,Missing/Wrong Qty,Bangalore,2026-07-24T10:45:27.000,Considered BOD,Not yet checked against a Warehouse-team Zoho comment - treated as BOD by default (unconfirmed resolution),-,-
244151,3121322,Missing/Wrong Qty,Delhi,2026-07-24T12:41:59.000,Considered BOD,Not yet checked against a Warehouse-team Zoho comment - treated as BOD by default (unconfirmed resolution),-,-
244563,3061170,Missing/Wrong Qty,Mumbai,2026-07-25T07:27:05.000,Considered BOD,Not yet checked against a Warehouse-team Zoho comment - treated as BOD by default (unconfirmed resolution),-,-
244186,3122764,Missing/Wrong Qty,Lucknow,2026-07-24T13:30:46.000,Considered BOD,Not yet checked against a Warehouse-team Zoho comment - treated as BOD by default (unconfirmed resolution),-,-
244460,3096560,Missing/Wrong Qty,Mumbai,2026-07-25T05:20:31.000,Considered BOD,Not yet checked against a Warehouse-team Zoho comment - treated as BOD by default (unconfirmed resolution),-,-
244471,3103667,Missing/Wrong Qty,Delhi,2026-07-25T05:35:01.000,Considered BOD,Not yet checked against a Warehouse-team Zoho comment - treated as BOD by default (unconfirmed resolution),-,-
244474,3141618,Missing/Wrong Qty,Delhi,2026-07-25T05:36:54.000,Considered BOD,Not yet checked against a Warehouse-team Zoho comment - treated as BOD by default (unconfirmed resolution),-,-
244485,3118034,Missing/Wrong Qty,Bangalore,2026-07-25T05:45:54.000,Considered BOD,Not yet checked against a Warehouse-team Zoho comment - treated as BOD by default (unconfirmed resolution),-,-
244548,3074397,Missing/Wrong Qty,Kolkata,2026-07-25T07:10:18.000,Considered BOD,Not yet checked against a Warehouse-team Zoho comment - treated as BOD by default (unconfirmed resolution),-,-
243264,3100324,Missing/Wrong Qty,Mumbai,2026-07-23T13:34:53.000,Considered BOD,Not yet checked against a Warehouse-team Zoho comment - treated as BOD by default (unconfirmed resolution),-,-
243877,3132976,Missing/Wrong Qty,Mumbai,2026-07-24T09:31:52.000,Considered BOD,Not yet checked against a Warehouse-team Zoho comment - treated as BOD by default (unconfirmed resolution),-,-
244068,3116140,Missing/Wrong Qty,Delhi,2026-07-24T11:57:09.000,Considered BOD,Not yet checked against a Warehouse-team Zoho comment - treated as BOD by default (unconfirmed resolution),-,-
243705,3108397,Missing/Wrong Qty,Bangalore,2026-07-24T05:39:52.000,Considered BOD,Not yet checked against a Warehouse-team Zoho comment - treated as BOD by default (unconfirmed resolution),-,-
243798,3108006,Missing/Wrong Qty,Mumbai,2026-07-24T07:26:27.000,Considered BOD,Not yet checked against a Warehouse-team Zoho comment - treated as BOD by default (unconfirmed resolution),-,-
243806,3136057,Missing/Wrong Qty,Delhi,2026-07-24T07:40:32.000,Considered BOD,Not yet checked against a Warehouse-team Zoho comment - treated as BOD by default (unconfirmed resolution),-,-
243832,3115874,Missing/Wrong Qty,Bangalore,2026-07-24T08:22:58.000,Considered BOD,Not yet checked against a Warehouse-team Zoho comment - treated as BOD by default (unconfirmed resolution),-,-
243871,3120256,Missing/Wrong Qty,Kolkata,2026-07-24T09:24:18.000,BOD,"Warehouse-team Zoho comment is a denial/non-admission: ""We have sent proper medicine to Cx Mahiboob bee""",-,-
243875,3107397,Missing/Wrong Qty,Delhi,2026-07-24T09:31:03.000,Considered BOD,Not yet checked against a Warehouse-team Zoho comment - treated as BOD by default (unconfirmed resolution),-,-
243878,3128448,Missing/Wrong Qty,Bangalore,2026-07-24T09:32:45.000,Considered BOD,Not yet checked against a Warehouse-team Zoho comment - treated as BOD by default (unconfirmed resolution),-,-
243796,3139737,Missing/Wrong Qty,Bangalore,2026-07-24T07:25:26.000,WH Accepted,"Warehouse-team Zoho comment is a genuine admission: ""We have sent short qty to Cx Mahiboob bee""",Anjana_BLRW / Apsana_BLRWH,Raksha_BLRWH
240494,3062178,Missing/Wrong Qty,Kolkata,2026-07-20T09:45:02.000,Considered BOD,Not yet checked against a Warehouse-team Zoho comment - treated as BOD by default (unconfirmed resolution),-,-
241220,3049482,Missing/Wrong Qty,Kolkata,2026-07-21T09:37:58.000,Considered BOD,Not yet checked against a Warehouse-team Zoho comment - treated as BOD by default (unconfirmed resolution),-,-
241799,3089629,Missing/Wrong Qty,Lucknow,2026-07-22T05:44:38.000,BOD,"Warehouse-team Zoho comment is a denial/non-admission: ""We have sent proper medicine to Cx""",-,-
243261,3108781,Missing/Wrong Qty,Delhi,2026-07-23T13:31:59.000,Considered BOD,Not yet checked against a Warehouse-team Zoho comment - treated as BOD by default (unconfirmed resolution),-,-
243686,3094405,Missing/Wrong Qty,Delhi,2026-07-24T05:16:36.000,Considered BOD,Not yet checked against a Warehouse-team Zoho comment - treated as BOD by default (unconfirmed resolution),-,-
243110,2883711,Missing/Wrong Qty,Mumbai,2026-07-23T10:31:43.000,Considered BOD,Not yet checked against a Warehouse-team Zoho comment - treated as BOD by default (unconfirmed resolution),-,-
236130,3026740,Missing/Wrong Qty,Bangalore,2026-07-16T09:40:48.000,Considered BOD,Not yet checked against a Warehouse-team Zoho comment - treated as BOD by default (unconfirmed resolution),-,-
236895,2972429,Missing/Wrong Qty,Kolkata,2026-07-17T11:17:08.000,Considered BOD,Not yet checked against a Warehouse-team Zoho comment - treated as BOD by default (unconfirmed resolution),-,-
243137,3123811,Missing/Wrong Qty,Delhi,2026-07-23T11:05:18.000,Considered BOD,Not yet checked against a Warehouse-team Zoho comment - treated as BOD by default (unconfirmed resolution),-,-
243176,3093545,Missing/Wrong Qty,Bangalore,2026-07-23T11:46:37.000,BOD,"Warehouse-team Zoho comment is a denial/non-admission: ""We have sent proper medicine to Cx""",-,-
242258,3092502,Missing/Wrong Qty,Mumbai,2026-07-22T12:46:07.000,Considered BOD,Not yet checked against a Warehouse-team Zoho comment - treated as BOD by default (unconfirmed resolution),-,-
242243,3074481,Missing/Wrong Qty,Mumbai,2026-07-22T12:26:27.000,Considered BOD,Not yet checked against a Warehouse-team Zoho comment - treated as BOD by default (unconfirmed resolution),-,-
242241,3090646,Missing/Wrong Qty,Mumbai,2026-07-22T12:23:42.000,Considered BOD,Not yet checked against a Warehouse-team Zoho comment - treated as BOD by default (unconfirmed resolution),-,-
241921,3069365,Missing/Wrong Qty,Delhi,2026-07-22T07:37:29.000,Considered BOD,Not yet checked against a Warehouse-team Zoho comment - treated as BOD by default (unconfirmed resolution),-,-
242765,3105045,Missing/Wrong Qty,Kolkata,2026-07-23T06:27:21.000,Considered BOD,Not yet checked against a Warehouse-team Zoho comment - treated as BOD by default (unconfirmed resolution),-,-
242890,3056529,Missing/Wrong Qty,Delhi,2026-07-23T07:55:38.000,Considered BOD,Not yet checked against a Warehouse-team Zoho comment - treated as BOD by default (unconfirmed resolution),-,-
242968,3111832,Missing/Wrong Qty,Delhi,2026-07-23T08:15:16.000,Considered BOD,Not yet checked against a Warehouse-team Zoho comment - treated as BOD by default (unconfirmed resolution),-,-
243121,3080552,Missing/Wrong Qty,Delhi,2026-07-23T10:42:56.000,Considered BOD,Not yet checked against a Warehouse-team Zoho comment - treated as BOD by default (unconfirmed resolution),-,-
243125,3091444,Missing/Wrong Qty,Delhi,2026-07-23T10:49:00.000,Considered BOD,Not yet checked against a Warehouse-team Zoho comment - treated as BOD by default (unconfirmed resolution),-,-
242301,3127144,Missing/Wrong Qty,DocPharma,2026-07-22T13:50:42.000,Considered BOD,Not yet checked against a Warehouse-team Zoho comment - treated as BOD by default (unconfirmed resolution),-,-
239208,3026740,Missing/Wrong Qty,Bangalore,2026-07-18T08:45:23.000,Considered BOD,Not yet checked against a Warehouse-team Zoho comment - treated as BOD by default (unconfirmed resolution),-,-
235887,2747567,Missing/Wrong Qty,Unknown,2026-07-16T05:02:19.000,No return record,No matching marketplace_return_request row found in ClickHouse for this order,-,-
239333,3044640,Missing/Wrong Qty,Delhi,2026-07-18T11:54:41.000,Considered BOD,Not yet checked against a Warehouse-team Zoho comment - treated as BOD by default (unconfirmed resolution),-,-
242173,3110223,Missing/Wrong Qty,Lucknow,2026-07-22T10:42:22.000,BOD,"Warehouse-team Zoho comment is a denial/non-admission: ""We have sent proper medicine to Cx""",-,-
242226,3087999,Missing/Wrong Qty,Lucknow,2026-07-22T11:44:10.000,Considered BOD,Not yet checked against a Warehouse-team Zoho comment - treated as BOD by default (unconfirmed resolution),-,-
241209,3050085,Missing/Wrong Qty,Kolkata,2026-07-21T09:27:22.000,Considered BOD,Not yet checked against a Warehouse-team Zoho comment - treated as BOD by default (unconfirmed resolution),-,-
242278,3067267,Missing/Wrong Qty,Kolkata,2026-07-22T13:09:54.000,Considered BOD,Not yet checked against a Warehouse-team Zoho comment - treated as BOD by default (unconfirmed resolution),-,-
241314,3092298,Missing/Wrong Qty,Mumbai,2026-07-21T10:04:11.000,WH Accepted,"Warehouse-team Zoho comment is a genuine admission: ""We have sent short qty to Cx Mahiboob bee""",AmishaG_MUM,KritikaD_MUM
242282,3092666,Missing/Wrong Qty,Bangalore,2026-07-22T13:26:36.000,Considered BOD,Not yet checked against a Warehouse-team Zoho comment - treated as BOD by default (unconfirmed resolution),-,-
241817,3099926,Missing/Wrong Qty,Lucknow,2026-07-22T06:16:06.000,Considered BOD,Not yet checked against a Warehouse-team Zoho comment - treated as BOD by default (unconfirmed resolution),-,-
235495,3010007,Missing/Wrong Qty,Bangalore,2026-07-15T13:02:21.000,BOD,"Warehouse-team Zoho comment is a denial/non-admission: ""We have sent proper medicine to CX Mahiboob bee""",-,-
241497,3089257,Missing/Wrong Qty,Mumbai,2026-07-21T12:34:57.000,Considered BOD,Not yet checked against a Warehouse-team Zoho comment - treated as BOD by default (unconfirmed resolution),-,-
241398,3095363,Missing/Wrong Qty,Delhi,2026-07-21T10:24:23.000,WH Accepted,"Warehouse-team Zoho comment is a genuine admission: ""We have sent short qty to Cx Mahiboob bee""",Ammina_DEL,Shivani_DEL
241488,3085623,Missing/Wrong Qty,Bangalore,2026-07-21T12:24:46.000,Considered BOD,Not yet checked against a Warehouse-team Zoho comment - treated as BOD by default (unconfirmed resolution),-,-
241512,3070818,Missing/Wrong Qty,Delhi,2026-07-21T12:50:48.000,WH Accepted,"Warehouse-team Zoho comment is a genuine admission: ""We have sent short qty to Cx Mahiboob bee""",Kafeel,Shailesh_DEL
240349,3083335,Missing/Wrong Qty,Delhi,2026-07-20T07:24:12.000,WH Accepted,"Warehouse-team Zoho comment is a genuine admission: ""We have sent short qty to Cx Mahiboob bee""",Roshan_P-DEL,Abhijeet_DEL
241507,3101183,Missing/Wrong Qty,Bangalore,2026-07-21T12:47:03.000,WH Accepted,"Warehouse-team Zoho comment is a genuine admission: ""We have sent short qty to Cx Mahiboob bee""",Laxmi_BLRWH,kannanmuthu_BLRWH
241493,3078748,Missing/Wrong Qty,Kolkata,2026-07-21T12:30:36.000,Considered BOD,Not yet checked against a Warehouse-team Zoho comment - treated as BOD by default (unconfirmed resolution),-,-
241489,3039275,Missing/Wrong Qty,Kolkata,2026-07-21T12:28:14.000,WH Accepted,"Warehouse-team Zoho comment is a genuine admission: ""We have sent short qty to Cx Mahiboob bee""",Pratyusha_KOL,Surojit_KOL
241482,3097103,Missing/Wrong Qty,Kolkata,2026-07-21T12:17:00.000,Considered BOD,Not yet checked against a Warehouse-team Zoho comment - treated as BOD by default (unconfirmed resolution),-,-
241476,3084562,Missing/Wrong Qty,Delhi,2026-07-21T12:11:36.000,Considered BOD,Not yet checked against a Warehouse-team Zoho comment - treated as BOD by default (unconfirmed resolution),-,-
241051,3095138,Missing/Wrong Qty,DocPharma,2026-07-21T05:16:22.000,Considered BOD,No Warehouse-team Zoho comment on this ticket - treated as BOD by default (unconfirmed resolution),-,-
241262,3086463,Missing/Wrong Qty,Bangalore,2026-07-21T09:50:18.000,Considered BOD,Not yet checked against a Warehouse-team Zoho comment - treated as BOD by default (unconfirmed resolution),-,-
240752,3071485,Missing/Wrong Qty,Delhi,2026-07-20T13:24:07.000,Considered BOD,Not yet checked against a Warehouse-team Zoho comment - treated as BOD by default (unconfirmed resolution),-,-
239800,3040626,Missing/Wrong Qty,Mumbai,2026-07-19T07:43:43.000,Considered BOD,Not yet checked against a Warehouse-team Zoho comment - treated as BOD by default (unconfirmed resolution),-,-
241122,3084071,Missing/Wrong Qty,Delhi,2026-07-21T07:30:47.000,Considered BOD,Not yet checked against a Warehouse-team Zoho comment - treated as BOD by default (unconfirmed resolution),-,-
241520,3031581,Missing/Wrong Qty,Delhi,2026-07-21T13:05:59.000,Considered BOD,Not yet checked against a Warehouse-team Zoho comment - treated as BOD by default (unconfirmed resolution),-,-
241092,3061522,Missing/Wrong Qty,Delhi,2026-07-21T06:29:09.000,Considered BOD,Not yet checked against a Warehouse-team Zoho comment - treated as BOD by default (unconfirmed resolution),-,-
239855,3011928,Missing/Wrong Qty,Kolkata,2026-07-19T10:01:12.000,Considered BOD,Not yet checked against a Warehouse-team Zoho comment - treated as BOD by default (unconfirmed resolution),-,-
239791,3063156,Missing/Wrong Qty,Delhi,2026-07-19T07:33:37.000,Considered BOD,Not yet checked against a Warehouse-team Zoho comment - treated as BOD by default (unconfirmed resolution),-,-
241057,3041040,Missing/Wrong Qty,Mumbai,2026-07-21T05:24:22.000,Considered BOD,Not yet checked against a Warehouse-team Zoho comment - treated as BOD by default (unconfirmed resolution),-,-
239733,3056534,Missing/Wrong Qty,Kolkata,2026-07-19T06:07:08.000,Considered BOD,Not yet checked against a Warehouse-team Zoho comment - treated as BOD by default (unconfirmed resolution),-,-
236860,3043432,Missing/Wrong Qty,Mumbai,2026-07-17T10:35:42.000,Considered BOD,Not yet checked against a Warehouse-team Zoho comment - treated as BOD by default (unconfirmed resolution),-,-
236857,3045576,Missing/Wrong Qty,Mumbai,2026-07-17T10:32:09.000,Considered BOD,Not yet checked against a Warehouse-team Zoho comment - treated as BOD by default (unconfirmed resolution),-,-
236846,3027535,Missing/Wrong Qty,Lucknow,2026-07-17T10:05:40.000,Considered BOD,Not yet checked against a Warehouse-team Zoho comment - treated as BOD by default (unconfirmed resolution),-,-
239964,3075114,Missing/Wrong Qty,Kolkata,2026-07-19T13:28:27.000,Considered BOD,Not yet checked against a Warehouse-team Zoho comment - treated as BOD by default (unconfirmed resolution),-,-
240395,3076348,Missing/Wrong Qty,Mumbai,2026-07-20T08:48:51.000,Considered BOD,Not yet checked against a Warehouse-team Zoho comment - treated as BOD by default (unconfirmed resolution),-,-
240687,3070389,Missing/Wrong Qty,Delhi,2026-07-20T11:31:04.000,Considered BOD,Not yet checked against a Warehouse-team Zoho comment - treated as BOD by default (unconfirmed resolution),-,-
240398,3082819,Missing/Wrong Qty,Delhi,2026-07-20T08:53:22.000,Considered BOD,Not yet checked against a Warehouse-team Zoho comment - treated as BOD by default (unconfirmed resolution),-,-
239918,3068566,Missing/Wrong Qty,Bangalore,2026-07-19T11:56:55.000,Considered BOD,Not yet checked against a Warehouse-team Zoho comment - treated as BOD by default (unconfirmed resolution),-,-
239914,3068569,Missing/Wrong Qty,Delhi,2026-07-19T11:55:07.000,WH Accepted,"Warehouse-team Zoho comment is a genuine admission: ""We have sent short qty to CX Mahiboob bee""",Kafeel,Shailesh_DEL
239908,3031537,Missing/Wrong Qty,Bangalore,2026-07-19T11:46:25.000,WH Accepted,"Warehouse-team Zoho comment is a genuine admission: ""We have sent short qty to CX Mahiboob bee""",Pavithra,Tharun_BLRWH
239909,3031275,Missing/Wrong Qty,Delhi,2026-07-19T11:48:16.000,WH Accepted,"Warehouse-team Zoho comment is a genuine admission: ""We have sent short qty to CX Mahiboob bee""",Soni_Del,Vikas-DEL
239903,3068465,Missing/Wrong Qty,Kolkata,2026-07-19T11:40:23.000,WH Accepted,"Warehouse-team Zoho comment is a genuine admission: ""We have sent short qty to CX Mahiboob bee""",Sonukumar_KOL / Sayankrmoni_KOL,Aditya_KOL
239893,3038815,Missing/Wrong Qty,Lucknow,2026-07-19T11:19:37.000,WH Accepted,"Warehouse-team Zoho comment is a genuine admission: ""We have sent short qty to cx Mahiboob bee""",Kirti.M_LKO / Shivam.V_LKO,Arti_LKO
240728,3071584,Missing/Wrong Qty,Kolkata,2026-07-20T12:45:47.000,WH Accepted,"Warehouse-team Zoho comment is a genuine admission: ""We have sent short qty to CX Mahiboob bee""",Anurag_KOL,Sayanti_KOL
240362,2969740,Missing/Wrong Qty,Delhi,2026-07-20T07:47:53.000,Considered BOD,Not yet checked against a Warehouse-team Zoho comment - treated as BOD by default (unconfirmed resolution),-,-
240397,2985258,Missing/Wrong Qty,Kolkata,2026-07-20T08:51:52.000,WH Accepted,"Warehouse-team Zoho comment is a genuine admission: ""We have sent short qty to cx""",Sani_KOL,Koushal_KOL
240405,3011986,Missing/Wrong Qty,Bangalore,2026-07-20T09:03:11.000,WH Accepted,"Warehouse-team Zoho comment is a genuine admission: ""We have sent short qty to CX Mahiboob bee""",Siddarth_BLRWH,kannanmuthu_BLRWH
240672,3044878,Missing/Wrong Qty,Lucknow,2026-07-20T10:57:37.000,Considered BOD,Not yet checked against a Warehouse-team Zoho comment - treated as BOD by default (unconfirmed resolution),-,-
239132,3064777,Missing/Wrong Qty,Delhi,2026-07-18T07:09:13.000,WH Accepted,"Warehouse-team Zoho comment is a genuine admission: ""We have sent short qty to CX Mahiboob bee""",ANSHIKA_DEL / Pammy_DEL,Sudha_Del
239077,3029427,Missing/Wrong Qty,Mumbai,2026-07-18T06:05:19.000,Considered BOD,Not yet checked against a Warehouse-team Zoho comment - treated as BOD by default (unconfirmed resolution),-,-
239068,2999881,Missing/Wrong Qty,Lucknow,2026-07-18T05:56:20.000,WH Accepted,"Warehouse-team Zoho comment is a genuine admission: ""We have sent short qty to CX Mahiboob bee""",Shubham.K_LKO / Shivam.V_LKO,Raj.V_LKO
239046,3047144,Missing/Wrong Qty,Bangalore,2026-07-18T05:29:34.000,WH Accepted,"Warehouse-team Zoho comment is a genuine admission: ""We have sent short qty to CX Mahiboob bee""",ChandraKanth,Fardeen_BLRWH
239008,3047490,Missing/Wrong Qty,Bangalore,2026-07-18T04:52:30.000,Considered BOD,Not yet checked against a Warehouse-team Zoho comment - treated as BOD by default (unconfirmed resolution),-,-
239137,3017382,Missing/Wrong Qty,Delhi,2026-07-18T07:13:18.000,Considered BOD,Not yet checked against a Warehouse-team Zoho comment - treated as BOD by default (unconfirmed resolution),-,-
239138,3068005,Missing/Wrong Qty,Kolkata,2026-07-18T07:15:17.000,WH Accepted,"Warehouse-team Zoho comment is a genuine admission: ""We have sent short qty to CX Mahiboob bee""",Rakeshkayal_KOL / nasir_KOL,Sayanti_KOL
239006,2980590,Missing/Wrong Qty,Delhi,2026-07-18T04:48:39.000,Considered BOD,Not yet checked against a Warehouse-team Zoho comment - treated as BOD by default (unconfirmed resolution),-,-
236938,3040620,Missing/Wrong Qty,Bangalore,2026-07-17T11:50:45.000,Considered BOD,Not yet checked against a Warehouse-team Zoho comment - treated as BOD by default (unconfirmed resolution),-,-
236943,3009733,Missing/Wrong Qty,Bangalore,2026-07-17T11:54:27.000,Considered BOD,Not yet checked against a Warehouse-team Zoho comment - treated as BOD by default (unconfirmed resolution),-,-
236864,3050981,Missing/Wrong Qty,Kolkata,2026-07-17T10:39:41.000,Considered BOD,Not yet checked against a Warehouse-team Zoho comment - treated as BOD by default (unconfirmed resolution),-,-
236861,3044467,Missing/Wrong Qty,Mumbai,2026-07-17T10:36:37.000,Considered BOD,Not yet checked against a Warehouse-team Zoho comment - treated as BOD by default (unconfirmed resolution),-,-
236849,3009954,Missing/Wrong Qty,Mumbai,2026-07-17T10:08:22.000,Considered BOD,Not yet checked against a Warehouse-team Zoho comment - treated as BOD by default (unconfirmed resolution),-,-
236844,3010751,Missing/Wrong Qty,Lucknow,2026-07-17T10:03:19.000,Considered BOD,Not yet checked against a Warehouse-team Zoho comment - treated as BOD by default (unconfirmed resolution),-,-
236842,2960725,Missing/Wrong Qty,Delhi,2026-07-17T09:58:29.000,Considered BOD,Not yet checked against a Warehouse-team Zoho comment - treated as BOD by default (unconfirmed resolution),-,-
236837,2905853,Missing/Wrong Qty,Kolkata,2026-07-17T09:43:47.000,Considered BOD,Not yet checked against a Warehouse-team Zoho comment - treated as BOD by default (unconfirmed resolution),-,-
236884,3040605,Missing/Wrong Qty,Kolkata,2026-07-17T11:02:57.000,Considered BOD,Not yet checked against a Warehouse-team Zoho comment - treated as BOD by default (unconfirmed resolution),-,-
236663,3010110,Missing/Wrong Qty,Bangalore,2026-07-17T06:28:02.000,Considered BOD,Not yet checked against a Warehouse-team Zoho comment - treated as BOD by default (unconfirmed resolution),-,-
234375,2971011,Missing/Wrong Qty,Lucknow,2026-07-14T04:44:28.000,Considered BOD,Not yet checked against a Warehouse-team Zoho comment - treated as BOD by default (unconfirmed resolution),-,-
236716,2929954,Missing/Wrong Qty,Delhi,2026-07-17T07:16:01.000,Considered BOD,Not yet checked against a Warehouse-team Zoho comment - treated as BOD by default (unconfirmed resolution),-,-
236722,2979371,Missing/Wrong Qty,Delhi,2026-07-17T07:24:18.000,Considered BOD,Not yet checked against a Warehouse-team Zoho comment - treated as BOD by default (unconfirmed resolution),-,-
236723,2962904,Missing/Wrong Qty,Unknown,2026-07-17T07:25:42.000,No return record,No matching marketplace_return_request row found in ClickHouse for this order,-,-
236731,2995168,Missing/Wrong Qty,Mumbai,2026-07-17T07:35:24.000,Considered BOD,Not yet checked against a Warehouse-team Zoho comment - treated as BOD by default (unconfirmed resolution),-,-
236734,2990075,Missing/Wrong Qty,Kolkata,2026-07-17T07:38:24.000,WH Accepted,"Warehouse-team Zoho comment is a genuine admission: ""We have sent short qty to CX""",Ratan_kol,Soma_KOL
236737,3009439,Missing/Wrong Qty,Delhi,2026-07-17T07:40:35.000,WH Accepted,"Warehouse-team Zoho comment is a genuine admission: ""We have sent 2 qty short to CX Mahiboob bee""",Saurav_DEL,Abhijeet_DEL
236758,2992204,Missing/Wrong Qty,Lucknow,2026-07-17T08:01:08.000,WH Accepted,"Warehouse-team Zoho comment is a genuine admission: ""We have sent short qty to CX Mahiboob bee""",Komal.P_LKO / Kajal.k_LKO,Arti_LKO
236742,3041975,Missing/Wrong Qty,Kolkata,2026-07-17T07:43:21.000,WH Accepted,"Warehouse-team Zoho comment is a genuine admission: ""We have sent short qty to CX Mahiboob bee""",Samirmondal_KOL,Surojit_KOL
235423,2958934,Missing/Wrong Qty,Kolkata,2026-07-15T11:29:31.000,Considered BOD,Not yet checked against a Warehouse-team Zoho comment - treated as BOD by default (unconfirmed resolution),-,-
235190,3016880,Missing/Wrong Qty,Kolkata,2026-07-15T06:44:00.000,WH Accepted,"Warehouse-team Zoho comment is a genuine admission: ""We have sent short qty to CX Mahiboob bee""",Trishna_KOL,Sourav_KOL
235084,2972429,Missing/Wrong Qty,Kolkata,2026-07-15T05:08:12.000,Considered BOD,Not yet checked against a Warehouse-team Zoho comment - treated as BOD by default (unconfirmed resolution),-,-
236200,3002757,Missing/Wrong Qty,Delhi,2026-07-16T10:48:35.000,Considered BOD,Not yet checked against a Warehouse-team Zoho comment - treated as BOD by default (unconfirmed resolution),-,-
235913,2975089,Missing/Wrong Qty,Delhi,2026-07-16T05:45:12.000,BOD,"Warehouse-team Zoho comment is a denial/non-admission: ""We have sent proper medicine to CX Mahiboob bee""",-,-
236230,3007920,Missing/Wrong Qty,Lucknow,2026-07-16T11:16:19.000,Considered BOD,Not yet checked against a Warehouse-team Zoho comment - treated as BOD by default (unconfirmed resolution),-,-
234670,2939959,Missing/Wrong Qty,Mumbai,2026-07-14T11:23:49.000,Considered BOD,Not yet checked against a Warehouse-team Zoho comment - treated as BOD by default (unconfirmed resolution),-,-
236292,3019779,Missing/Wrong Qty,Delhi,2026-07-16T12:32:29.000,Considered BOD,Not yet checked against a Warehouse-team Zoho comment - treated as BOD by default (unconfirmed resolution),-,-
236302,3012281,Missing/Wrong Qty,Unknown,2026-07-16T12:47:44.000,No return record,No matching marketplace_return_request row found in ClickHouse for this order,-,-
232190,2765157,Missing/Wrong Qty,Delhi,2026-07-11T03:16:39.000,Considered BOD,Not yet checked against a Warehouse-team Zoho comment - treated as BOD by default (unconfirmed resolution),-,-
233286,2882548,Missing/Wrong Qty,Lucknow,2026-07-12T13:42:50.000,Considered BOD,Not yet checked against a Warehouse-team Zoho comment - treated as BOD by default (unconfirmed resolution),-,-
235411,2977831,Missing/Wrong Qty,Bangalore,2026-07-15T11:18:01.000,Considered BOD,Not yet checked against a Warehouse-team Zoho comment - treated as BOD by default (unconfirmed resolution),-,-
235409,2974099,Missing/Wrong Qty,Lucknow,2026-07-15T11:15:56.000,Considered BOD,Not yet checked against a Warehouse-team Zoho comment - treated as BOD by default (unconfirmed resolution),-,-
235002,2970545,Missing/Wrong Qty,Mumbai,2026-07-15T03:10:44.000,WH Accepted,"Warehouse-team Zoho comment is a genuine admission: ""We have sent short qty to CX Mahiboob bee""",VitthalG_MUM,MayuriK_MUM
235475,3028141,Missing/Wrong Qty,Delhi,2026-07-15T12:42:40.000,Considered BOD,Not yet checked against a Warehouse-team Zoho comment - treated as BOD by default (unconfirmed resolution),-,-
235980,3004268,Missing/Wrong Qty,Bangalore,2026-07-16T06:57:42.000,WH Accepted,"Warehouse-team Zoho comment is a genuine admission: ""We have sent short qty to CX Mahiboob bee""",Supritha,Kaveri_BLRWH
235964,3002301,Missing/Wrong Qty,Mumbai,2026-07-16T06:42:40.000,Considered BOD,Not yet checked against a Warehouse-team Zoho comment - treated as BOD by default (unconfirmed resolution),-,-
235997,3019111,Missing/Wrong Qty,Bangalore,2026-07-16T07:22:34.000,Considered BOD,Not yet checked against a Warehouse-team Zoho comment - treated as BOD by default (unconfirmed resolution),-,-
236012,3016216,Missing/Wrong Qty,Bangalore,2026-07-16T07:44:39.000,WH Accepted,"Warehouse-team Zoho comment is a genuine admission: ""We have sent short qty to CX Mahiboob bee""",SUMITH,kannanmuthu_BLRWH
236090,3030559,Missing/Wrong Qty,Delhi,2026-07-16T08:59:02.000,WH Accepted,"Warehouse-team Zoho comment is a genuine admission: ""We have sent short qty to CX Mahiboob bee""",Azaz-DEL,Shailesh_DEL
235257,2983899,Missing/Wrong Qty,Unknown,2026-07-15T08:07:21.000,No return record,No matching marketplace_return_request row found in ClickHouse for this order,-,-
235486,2992361,Missing/Wrong Qty,Lucknow,2026-07-15T12:51:09.000,Considered BOD,Not yet checked against a Warehouse-team Zoho comment - treated as BOD by default (unconfirmed resolution),-,-
235377,2949765,Missing/Wrong Qty,Mumbai,2026-07-15T10:21:02.000,WH Accepted,"Warehouse-team Zoho comment is a genuine admission: ""We have sent short qty to CX Mahiboob bee""",SapnaY_MUM,MayuriK_MUM
235198,3026582,Missing/Wrong Qty,Kolkata,2026-07-15T06:54:32.000,Considered BOD,Not yet checked against a Warehouse-team Zoho comment - treated as BOD by default (unconfirmed resolution),-,-
235499,3030626,Missing/Wrong Qty,Bangalore,2026-07-15T13:10:50.000,Considered BOD,Not yet checked against a Warehouse-team Zoho comment - treated as BOD by default (unconfirmed resolution),-,-
235889,3019203,Missing/Wrong Qty,Kolkata,2026-07-16T05:06:03.000,WH Accepted,"Warehouse-team Zoho comment is a genuine admission: ""We have sent short qty to CX Mahiboob bee""",Pratyusha_KOL,Soma_KOL
235489,3023061,Missing/Wrong Qty,Delhi,2026-07-15T12:57:18.000,WH Accepted,"Warehouse-team Zoho comment is a genuine admission: ""We have sent short qty to CX Mahiboob bee""",Amit-DEL,Shailesh_DEL
235491,3010259,Missing/Wrong Qty,Kolkata,2026-07-15T13:00:59.000,WH Accepted,"Warehouse-team Zoho comment is a genuine admission: ""We have sent short qty to CX Mahiboob bee""",Raja_KOL,Shamim_KOL
235241,3019280,Missing/Wrong Qty,Lucknow,2026-07-15T07:37:05.000,Considered BOD,Not yet checked against a Warehouse-team Zoho comment - treated as BOD by default (unconfirmed resolution),-,-
235417,2963492,Missing/Wrong Qty,Bangalore,2026-07-15T11:24:45.000,Considered BOD,Not yet checked against a Warehouse-team Zoho comment - treated as BOD by default (unconfirmed resolution),-,-
234754,2983606,Missing/Wrong Qty,Kolkata,2026-07-14T13:32:24.000,Considered BOD,Not yet checked against a Warehouse-team Zoho comment - treated as BOD by default (unconfirmed resolution),-,-
235232,2985448,Missing/Wrong Qty,Kolkata,2026-07-15T07:25:33.000,Considered BOD,Not yet checked against a Warehouse-team Zoho comment - treated as BOD by default (unconfirmed resolution),-,-
235385,2945219,Missing/Wrong Qty,Bangalore,2026-07-15T10:33:00.000,Considered BOD,Not yet checked against a Warehouse-team Zoho comment - treated as BOD by default (unconfirmed resolution),-,-
235397,3028014,Missing/Wrong Qty,Delhi,2026-07-15T10:58:24.000,Considered BOD,Not yet checked against a Warehouse-team Zoho comment - treated as BOD by default (unconfirmed resolution),-,-
234296,3008972,Missing/Wrong Qty,DocPharma,2026-07-14T02:40:41.000,Considered BOD,Not yet checked against a Warehouse-team Zoho comment - treated as BOD by default (unconfirmed resolution),-,-
232959,2949765,Missing/Wrong Qty,Mumbai,2026-07-12T05:21:41.000,BOD,"Warehouse-team Zoho comment is a denial/non-admission: ""We have sent proper medicine to CX / We have sent proper medicines with paked in good condition""",-,-
235239,3023193,Missing/Wrong Qty,Kolkata,2026-07-15T07:32:40.000,Considered BOD,Not yet checked against a Warehouse-team Zoho comment - treated as BOD by default (unconfirmed resolution),-,-
235248,2871675,Missing/Wrong Qty,Kolkata,2026-07-15T07:48:27.000,WH Accepted,"Warehouse-team Zoho comment is a genuine admission: ""We have sent short qty to CX Mahiboob bee""",Arijit_KOL / Pradip_KOL,Sudip_KOL
234723,3001535,Missing/Wrong Qty,Delhi,2026-07-14T12:52:24.000,Considered BOD,Not yet checked against a Warehouse-team Zoho comment - treated as BOD by default (unconfirmed resolution),-,-
234716,3000832,Missing/Wrong Qty,Kolkata,2026-07-14T12:41:02.000,WH Accepted,"Warehouse-team Zoho comment is a genuine admission: ""We have sent short qty to CX Mahiboob bee""",Sourav_KOL,Papri_KOL
234034,3002798,Missing/Wrong Qty,Lucknow,2026-07-13T13:27:14.000,Considered BOD,Not yet checked against a Warehouse-team Zoho comment - treated as BOD by default (unconfirmed resolution),-,-
233908,2975003,Missing/Wrong Qty,Delhi,2026-07-13T10:26:21.000,Considered BOD,Not yet checked against a Warehouse-team Zoho comment - treated as BOD by default (unconfirmed resolution),-,-
233841,2965088,Missing/Wrong Qty,Bangalore,2026-07-13T09:01:05.000,BOD,"Warehouse-team Zoho comment is a denial/non-admission: ""We have sent proper medicine to CX Mahiboob bee""",-,-
232411,2914365,Missing/Wrong Qty,Lucknow,2026-07-11T07:43:17.000,Considered BOD,Not yet checked against a Warehouse-team Zoho comment - treated as BOD by default (unconfirmed resolution),-,-
234511,2980250,Missing/Wrong Qty,Kolkata,2026-07-14T07:39:39.000,Considered BOD,Not yet checked against a Warehouse-team Zoho comment - treated as BOD by default (unconfirmed resolution),-,-
234513,3000998,Missing/Wrong Qty,Delhi,2026-07-14T07:41:43.000,Considered BOD,Not yet checked against a Warehouse-team Zoho comment - treated as BOD by default (unconfirmed resolution),-,-
234632,2988584,Missing/Wrong Qty,Kolkata,2026-07-14T10:28:54.000,WH Accepted,"Warehouse-team Zoho comment is a genuine admission: ""We have sent short qty to CX Mahiboob bee""",Pratyusha_KOL,Sayanti_KOL
234634,3014433,Missing/Wrong Qty,Delhi,2026-07-14T10:30:42.000,Considered BOD,Not yet checked against a Warehouse-team Zoho comment - treated as BOD by default (unconfirmed resolution),-,-
233224,3008972,Missing/Wrong Qty,DocPharma,2026-07-12T12:11:29.000,Considered BOD,Not yet checked against a Warehouse-team Zoho comment - treated as BOD by default (unconfirmed resolution),-,-
231831,2957145,Missing/Wrong Qty,Delhi,2026-07-10T10:56:16.000,Considered BOD,Not yet checked against a Warehouse-team Zoho comment - treated as BOD by default (unconfirmed resolution),-,-
233013,2736480,Missing/Wrong Qty,Unknown,2026-07-12T06:43:11.000,No return record,No matching marketplace_return_request row found in ClickHouse for this order,-,-
234400,2958280,Missing/Wrong Qty,Kolkata,2026-07-14T05:28:14.000,WH Accepted,"Warehouse-team Zoho comment is a genuine admission: ""We have sent short qty to CX Mahiboob bee""",Lokesh_KOL,Koushal_KOL
227787,2846367,Missing/Wrong Qty,Delhi,2026-07-05T07:49:10.000,Considered BOD,Not yet checked against a Warehouse-team Zoho comment - treated as BOD by default (unconfirmed resolution),-,-
231118,2940355,Missing/Wrong Qty,Unknown,2026-07-09T10:27:31.000,No return record,No matching marketplace_return_request row found in ClickHouse for this order,-,-
234038,2901087,Missing/Wrong Qty,Delhi,2026-07-13T13:31:51.000,Considered BOD,Not yet checked against a Warehouse-team Zoho comment - treated as BOD by default (unconfirmed resolution),-,-
234000,2975898,Missing/Wrong Qty,Kolkata,2026-07-13T12:34:39.000,Considered BOD,Not yet checked against a Warehouse-team Zoho comment - treated as BOD by default (unconfirmed resolution),-,-
233928,2977212,Missing/Wrong Qty,Kolkata,2026-07-13T10:53:29.000,Considered BOD,Not yet checked against a Warehouse-team Zoho comment - treated as BOD by default (unconfirmed resolution),-,-
233974,3002303,Missing/Wrong Qty,Kolkata,2026-07-13T12:06:43.000,Considered BOD,Not yet checked against a Warehouse-team Zoho comment - treated as BOD by default (unconfirmed resolution),-,-
230317,2933657,Missing/Wrong Qty,Unknown,2026-07-08T09:36:59.000,No return record,No matching marketplace_return_request row found in ClickHouse for this order,-,-
233983,2979239,Missing/Wrong Qty,Mumbai,2026-07-13T12:17:44.000,Considered BOD,Not yet checked against a Warehouse-team Zoho comment - treated as BOD by default (unconfirmed resolution),-,-
234004,2981106,Missing/Wrong Qty,Kolkata,2026-07-13T12:39:32.000,WH Accepted,"Warehouse-team Zoho comment is a genuine admission: ""We have sent short qty to CX Mahiboob bee""",Priyanka_KOL / Samirmondal_KOL,Papri_KOL
233971,3006777,Missing/Wrong Qty,Delhi,2026-07-13T12:02:31.000,WH Accepted,"Warehouse-team Zoho comment is a genuine admission: ""We have sent short qty to CX Mahiboob bee""",Azaz-DEL,Shailesh_DEL
233673,2967497,Missing/Wrong Qty,Mumbai,2026-07-13T05:49:18.000,WH Accepted,"Warehouse-team Zoho comment is a genuine admission: ""By mistake we have sent short qty to CX Mahiboob bee""",PranjalG_MUM,vaishaliB_MUM
233920,2999284,Missing/Wrong Qty,Kolkata,2026-07-13T10:45:06.000,WH Accepted,"Warehouse-team Zoho comment is a genuine admission: ""We have sent short qty to CX Mahiboob bee""",Ranjit_KOL,Sahabaz_KOL
233771,2972429,Missing/Wrong Qty,Kolkata,2026-07-13T07:37:17.000,Considered BOD,Not yet checked against a Warehouse-team Zoho comment - treated as BOD by default (unconfirmed resolution),-,-
231186,2942689,Missing/Wrong Qty,Delhi,2026-07-09T11:42:16.000,WH Accepted,"Warehouse-team Zoho comment is a genuine admission: ""We have sent short qty to CX Mahiboob bee""",Sanjay_v_DEL,Rajiv_DEL
230521,2850541,Missing/Wrong Qty,Bangalore,2026-07-08T13:57:14.000,Considered BOD,Not yet checked against a Warehouse-team Zoho comment - treated as BOD by default (unconfirmed resolution),-,-
233839,2949799,Missing/Wrong Qty,Bangalore,2026-07-13T09:00:28.000,Considered BOD,Not yet checked against a Warehouse-team Zoho comment - treated as BOD by default (unconfirmed resolution),-,-
232592,2960319,Missing/Wrong Qty,Mumbai,2026-07-11T12:09:21.000,Considered BOD,Not yet checked against a Warehouse-team Zoho comment - treated as BOD by default (unconfirmed resolution),-,-
230965,2876512,Missing/Wrong Qty,Delhi,2026-07-09T07:37:43.000,Considered BOD,Not yet checked against a Warehouse-team Zoho comment - treated as BOD by default (unconfirmed resolution),-,-
232270,2979140,Missing/Wrong Qty,Lucknow,2026-07-11T05:13:37.000,Considered BOD,Not yet checked against a Warehouse-team Zoho comment - treated as BOD by default (unconfirmed resolution),-,-
233195,2912107,Missing/Wrong Qty,Kolkata,2026-07-12T11:19:06.000,Considered BOD,Not yet checked against a Warehouse-team Zoho comment - treated as BOD by default (unconfirmed resolution),-,-
233294,2964362,Missing/Wrong Qty,Mumbai,2026-07-12T13:56:36.000,WH Accepted,"Warehouse-team Zoho comment is a genuine admission: ""We have sent short qty to cx pls Naveen""",MaheshK_MUM / KaranZ_MUM,PrathameshD_MUM
232593,2980399,Missing/Wrong Qty,Kolkata,2026-07-11T12:10:41.000,Considered BOD,Not yet checked against a Warehouse-team Zoho comment - treated as BOD by default (unconfirmed resolution),-,-
232624,2949192,Missing/Wrong Qty,Delhi,2026-07-11T12:43:36.000,Considered BOD,Not yet checked against a Warehouse-team Zoho comment - treated as BOD by default (unconfirmed resolution),-,-
233025,2947329,Missing/Wrong Qty,Kolkata,2026-07-12T06:59:16.000,Considered BOD,Not yet checked against a Warehouse-team Zoho comment - treated as BOD by default (unconfirmed resolution),-,-
230906,2923198,Missing/Wrong Qty,Unknown,2026-07-09T06:39:57.000,No return record,No matching marketplace_return_request row found in ClickHouse for this order,-,-
232649,2993758,Missing/Wrong Qty,Lucknow,2026-07-11T13:26:50.000,Considered BOD,Not yet checked against a Warehouse-team Zoho comment - treated as BOD by default (unconfirmed resolution),-,-
232355,2823634,Missing/Wrong Qty,Kolkata,2026-07-11T06:45:49.000,WH Accepted,"Warehouse-team Zoho comment is a genuine admission: ""We have sent short qty to CX Mahiboob bee""",Asikiqbal_KOL / Lokesh_KOL,Debashish_KOL
233036,2961646,Missing/Wrong Qty,Kolkata,2026-07-12T07:22:38.000,Considered BOD,Not yet checked against a Warehouse-team Zoho comment - treated as BOD by default (unconfirmed resolution),-,-
233127,2983756,Missing/Wrong Qty,Bangalore,2026-07-12T09:34:07.000,WH Accepted,"Warehouse-team Zoho comment is a genuine admission: ""We have sent short qty to CX Mahiboob bee""",Anjana_BLRW / Laxmi_BLRWH,kannanmuthu_BLRWH
233133,2943737,Missing/Wrong Qty,Bangalore,2026-07-12T09:40:43.000,WH Accepted,"Warehouse-team Zoho comment is a genuine admission: ""We have sent short qty to CX Mahiboob bee""",Apsana_BLRWH / Anusha_BLRWH,Fardeen_BLRWH
233154,2956653,Missing/Wrong Qty,Delhi,2026-07-12T10:12:57.000,Considered BOD,Not yet checked against a Warehouse-team Zoho comment - treated as BOD by default (unconfirmed resolution),-,-
233263,2982028,Missing/Wrong Qty,Lucknow,2026-07-12T13:01:06.000,Considered BOD,Not yet checked against a Warehouse-team Zoho comment - treated as BOD by default (unconfirmed resolution),-,-
233646,2863421,Missing/Wrong Qty,Kolkata,2026-07-13T05:26:26.000,Considered BOD,Not yet checked against a Warehouse-team Zoho comment - treated as BOD by default (unconfirmed resolution),-,-
233782,2944542,Missing/Wrong Qty,Kolkata,2026-07-13T07:52:04.000,Considered BOD,No Warehouse-team Zoho comment on this ticket - treated as BOD by default (unconfirmed resolution),-,-
231129,2944726,Missing/Wrong Qty,Delhi,2026-07-09T10:37:26.000,Considered BOD,Not yet checked against a Warehouse-team Zoho comment - treated as BOD by default (unconfirmed resolution),-,-
228910,2892806,Missing/Wrong Qty,Unknown,2026-07-06T10:55:42.000,No return record,No matching marketplace_return_request row found in ClickHouse for this order,-,-
233063,2815558,Missing/Wrong Qty,Kolkata,2026-07-12T07:45:30.000,Considered BOD,Not yet checked against a Warehouse-team Zoho comment - treated as BOD by default (unconfirmed resolution),-,-
232600,2863742,Missing/Wrong Qty,Bangalore,2026-07-11T12:16:12.000,Considered BOD,Not yet checked against a Warehouse-team Zoho comment - treated as BOD by default (unconfirmed resolution),-,-
232598,2983124,Missing/Wrong Qty,Bangalore,2026-07-11T12:13:31.000,Considered BOD,Not yet checked against a Warehouse-team Zoho comment - treated as BOD by default (unconfirmed resolution),-,-
232590,2862839,Missing/Wrong Qty,Delhi,2026-07-11T12:06:13.000,Considered BOD,"Warehouse-team Zoho comment matched no known admission/denial pattern - needs manual review: ""We have not sent free item to CX"" - treated as BOD by default (unconfirmed resolution)",-,-
232466,2930009,Missing/Wrong Qty,Kolkata,2026-07-11T09:02:56.000,WH Accepted,"Warehouse-team Zoho comment is a genuine admission: ""We have sent short qty to CX Mahiboob bee""",Kanhaiya_KOL,Aditya_KOL
233123,2944014,Missing/Wrong Qty,Delhi,2026-07-12T09:31:42.000,Considered BOD,No Warehouse-team Zoho comment on this ticket - treated as BOD by default (unconfirmed resolution),-,-
228044,2864610,Missing/Wrong Qty,Kolkata,2026-07-05T13:29:06.000,WH Accepted,"Warehouse-team Zoho comment is a genuine admission: ""We have sent short qty to CX""",Ratan_kol,Ratan_kol
230507,2914386,Missing/Wrong Qty,Kolkata,2026-07-08T13:36:35.000,BOD,"Warehouse-team Zoho comment is a denial/non-admission: ""We have sent proper medicine to CX Mahiboob bee""",-,-
231072,2958175,Missing/Wrong Qty,Delhi,2026-07-09T09:34:10.000,WH Accepted,"Warehouse-team Zoho comment is a genuine admission: ""We have sent short qty to CX Mahiboob bee""",Roshni.k_DEL,Shailesh_DEL
230168,2899942,Missing/Wrong Qty,Kolkata,2026-07-08T06:11:18.000,WH Accepted,"Warehouse-team Zoho comment is a genuine admission: ""We have sent short qty to CX Mahiboob bee""",Amit_kol / Lokesh_KOL,Surojit_KOL
232542,2956248,Missing/Wrong Qty,Mumbai,2026-07-11T10:47:04.000,Considered BOD,Not yet checked against a Warehouse-team Zoho comment - treated as BOD by default (unconfirmed resolution),-,-
232589,2935969,Missing/Wrong Qty,Mumbai,2026-07-11T12:04:06.000,Considered BOD,Not yet checked against a Warehouse-team Zoho comment - treated as BOD by default (unconfirmed resolution),-,-
231930,2934964,Missing/Wrong Qty,Lucknow,2026-07-10T13:06:21.000,Considered BOD,Not yet checked against a Warehouse-team Zoho comment - treated as BOD by default (unconfirmed resolution),-,-
232497,2973600,Missing/Wrong Qty,Mumbai,2026-07-11T09:42:22.000,Considered BOD,Not yet checked against a Warehouse-team Zoho comment - treated as BOD by default (unconfirmed resolution),-,-
232514,2917827,Missing/Wrong Qty,Lucknow,2026-07-11T10:05:31.000,WH Accepted,"Warehouse-team Zoho comment is a genuine admission: ""We have sent short qty to CX Mahiboob bee""",Shubham.K_LKO / Shivam.J_LKO,Dheeraj_LKO
232548,2969034,Missing/Wrong Qty,Mumbai,2026-07-11T10:58:54.000,Considered BOD,Not yet checked against a Warehouse-team Zoho comment - treated as BOD by default (unconfirmed resolution),-,-
232525,2980013,Missing/Wrong Qty,Bangalore,2026-07-11T10:21:40.000,WH Accepted,"Warehouse-team Zoho comment is a genuine admission: ""We have sent short qty to CX Mahiboob bee""",Anjana_BLRW / Ranjini_BLRWH,Asha_BLRWH
232544,2981362,Missing/Wrong Qty,Bangalore,2026-07-11T10:54:45.000,WH Accepted,"Warehouse-team Zoho comment is a genuine admission: ""We have sent short qty to CX Mahiboob bee""",Niveditha_BLRW,Asha_BLRWH
232557,2975349,Missing/Wrong Qty,Delhi,2026-07-11T11:07:36.000,Considered BOD,Not yet checked against a Warehouse-team Zoho comment - treated as BOD by default (unconfirmed resolution),-,-
232330,2969080,Missing/Wrong Qty,Bangalore,2026-07-11T06:17:04.000,WH Accepted,"Warehouse-team Zoho comment is a genuine admission: ""We have sent short qty to CX Mahiboob bee""",Suchithra,Sumathi_BLR
231949,2926098,Missing/Wrong Qty,Bangalore,2026-07-10T13:29:56.000,BOD,"Warehouse-team Zoho comment is a denial/non-admission: ""We have sent proper medicine to CX""",-,-
230207,2914418,Missing/Wrong Qty,Delhi,2026-07-08T07:08:20.000,Considered BOD,Not yet checked against a Warehouse-team Zoho comment - treated as BOD by default (unconfirmed resolution),-,-
232393,2975537,Missing/Wrong Qty,Bangalore,2026-07-11T07:26:25.000,Considered BOD,Not yet checked against a Warehouse-team Zoho comment - treated as BOD by default (unconfirmed resolution),-,-
231194,2863742,Missing/Wrong Qty,Bangalore,2026-07-09T11:46:48.000,Considered BOD,Not yet checked against a Warehouse-team Zoho comment - treated as BOD by default (unconfirmed resolution),-,-
230473,2890143,Missing/Wrong Qty,Kolkata,2026-07-08T12:36:25.000,Considered BOD,Not yet checked against a Warehouse-team Zoho comment - treated as BOD by default (unconfirmed resolution),-,-
230532,2898512,Missing/Wrong Qty,Mumbai,2026-07-08T14:14:45.000,Considered BOD,Not yet checked against a Warehouse-team Zoho comment - treated as BOD by default (unconfirmed resolution),-,-
230217,2904400,Missing/Wrong Qty,Mumbai,2026-07-08T07:20:33.000,Considered BOD,Not yet checked against a Warehouse-team Zoho comment - treated as BOD by default (unconfirmed resolution),-,-
232368,2941303,Missing/Wrong Qty,Mumbai,2026-07-11T06:58:57.000,WH Accepted,"Warehouse-team Zoho comment is a genuine admission: ""We have sent short qty to CX""",Rupa_MUMWH,NishaS_Mum
231899,2972290,Missing/Wrong Qty,Delhi,2026-07-10T12:30:13.000,Considered BOD,Not yet checked against a Warehouse-team Zoho comment - treated as BOD by default (unconfirmed resolution),-,-
231812,2951546,Missing/Wrong Qty,Mumbai,2026-07-10T10:38:44.000,BOD,"Warehouse-team Zoho comment is a denial/non-admission: ""We have sent proper medicine to CX Mahiboob bee""",-,-
231719,2938024,Missing/Wrong Qty,Mumbai,2026-07-10T08:30:05.000,WH Accepted,"Warehouse-team Zoho comment is a genuine admission: ""We have sent short qty to CX Mahiboob bee""",TarunP_MUM,PraneetG_MUM
231906,2936417,Missing/Wrong Qty,Bangalore,2026-07-10T12:36:44.000,Considered BOD,Not yet checked against a Warehouse-team Zoho comment - treated as BOD by default (unconfirmed resolution),-,-
231556,2926283,Missing/Wrong Qty,Delhi,2026-07-10T04:51:40.000,Considered BOD,Not yet checked against a Warehouse-team Zoho comment - treated as BOD by default (unconfirmed resolution),-,-
231772,2934397,Missing/Wrong Qty,Lucknow,2026-07-10T09:34:08.000,Considered BOD,Not yet checked against a Warehouse-team Zoho comment - treated as BOD by default (unconfirmed resolution),-,-
231157,2924904,Missing/Wrong Qty,Kolkata,2026-07-09T11:11:30.000,Considered BOD,Not yet checked against a Warehouse-team Zoho comment - treated as BOD by default (unconfirmed resolution),-,-
231826,2946439,Missing/Wrong Qty,Delhi,2026-07-10T10:51:04.000,Considered BOD,Not yet checked against a Warehouse-team Zoho comment - treated as BOD by default (unconfirmed resolution),-,-
229022,2911463,Missing/Wrong Qty,Unknown,2026-07-06T12:29:36.000,No return record,No matching marketplace_return_request row found in ClickHouse for this order,-,-
231821,2918325,Missing/Wrong Qty,Mumbai,2026-07-10T10:48:30.000,Considered BOD,Not yet checked against a Warehouse-team Zoho comment - treated as BOD by default (unconfirmed resolution),-,-
229674,2920600,Missing/Wrong Qty,Kolkata,2026-07-07T09:55:50.000,Considered BOD,Not yet checked against a Warehouse-team Zoho comment - treated as BOD by default (unconfirmed resolution),-,-
222006,2623407,Missing/Wrong Qty,Kolkata,2026-06-27T13:07:10.000,Considered BOD,"Warehouse-team Zoho comment matched no known admission/denial pattern - needs manual review: ""Footage not found because camera backup is 10days only Naveen"" - treated as BOD by default (unconfirmed resolution)",-,-
222633,2767613,Missing/Wrong Qty,Mumbai,2026-06-28T11:57:15.000,WH Accepted,"Warehouse-team Zoho comment is a genuine admission: ""We have sent short qty to cx Naveen""",TarunP_MUM / Satish_MUM,PrathameshD_MUM
229600,2918462,Missing/Wrong Qty,Bangalore,2026-07-07T08:20:47.000,Considered BOD,Not yet checked against a Warehouse-team Zoho comment - treated as BOD by default (unconfirmed resolution),-,-
231211,2958175,Missing/Wrong Qty,Delhi,2026-07-09T12:04:09.000,WH Accepted,"Warehouse-team Zoho comment is a genuine admission: ""We have sent short qty to CX Mahiboob bee""",Roshni.k_DEL,Shailesh_DEL
231652,2873362,Missing/Wrong Qty,Delhi,2026-07-10T06:53:31.000,Considered BOD,Not yet checked against a Warehouse-team Zoho comment - treated as BOD by default (unconfirmed resolution),-,-
231241,2944771,Missing/Wrong Qty,Delhi,2026-07-09T12:34:01.000,Considered BOD,Not yet checked against a Warehouse-team Zoho comment - treated as BOD by default (unconfirmed resolution),-,-
230981,2911047,Missing/Wrong Qty,Lucknow,2026-07-09T07:59:32.000,Considered BOD,Not yet checked against a Warehouse-team Zoho comment - treated as BOD by default (unconfirmed resolution),-,-
229532,2817459,Missing/Wrong Qty,Unknown,2026-07-07T07:01:13.000,No return record,No matching marketplace_return_request row found in ClickHouse for this order,-,-
230169,2927963,Missing/Wrong Qty,Kolkata,2026-07-08T06:12:13.000,Considered BOD,Not yet checked against a Warehouse-team Zoho comment - treated as BOD by default (unconfirmed resolution),-,-
230441,2915150,Missing/Wrong Qty,Mumbai,2026-07-08T12:01:22.000,WH Accepted,"Warehouse-team Zoho comment is a genuine admission: ""We have sent short qty to CX Mahiboob bee""",GaneshK_MUM / TarunP_MUM,PrathmeshP_MUM
231237,2921553,Missing/Wrong Qty,Mumbai,2026-07-09T12:31:35.000,WH Accepted,"Warehouse-team Zoho comment is a genuine admission: ""We have sent 27 qty short to CX Mahiboob bee""",TarunP_MUM / VitthalG_MUM,Pragati_MUM
227947,2879988,Missing/Wrong Qty,Bangalore,2026-07-05T11:17:58.000,Considered BOD,Not yet checked against a Warehouse-team Zoho comment - treated as BOD by default (unconfirmed resolution),-,-
231236,2957458,Missing/Wrong Qty,Delhi,2026-07-09T12:29:20.000,WH Accepted,"Warehouse-team Zoho comment is a genuine admission: ""We have sent short qty to CX Mahiboob bee""",Kafeel,Akash_DEL
231235,2919271,Missing/Wrong Qty,Delhi,2026-07-09T12:28:33.000,Considered BOD,Not yet checked against a Warehouse-team Zoho comment - treated as BOD by default (unconfirmed resolution),-,-
230494,2939877,Missing/Wrong Qty,Delhi,2026-07-08T13:15:26.000,Considered BOD,Not yet checked against a Warehouse-team Zoho comment - treated as BOD by default (unconfirmed resolution),-,-
231228,2932564,Missing/Wrong Qty,Delhi,2026-07-09T12:23:16.000,WH Accepted,"Warehouse-team Zoho comment is a genuine admission: ""We have sent short qty to CX Mahiboob bee""",Muskan_Del,Neeru_DEL
231224,2953787,Missing/Wrong Qty,Delhi,2026-07-09T12:18:08.000,Considered BOD,Not yet checked against a Warehouse-team Zoho comment - treated as BOD by default (unconfirmed resolution),-,-
231222,2929058,Missing/Wrong Qty,Kolkata,2026-07-09T12:14:23.000,Considered BOD,Not yet checked against a Warehouse-team Zoho comment - treated as BOD by default (unconfirmed resolution),-,-
231221,2937741,Missing/Wrong Qty,Kolkata,2026-07-09T12:12:39.000,Considered BOD,Not yet checked against a Warehouse-team Zoho comment - treated as BOD by default (unconfirmed resolution),-,-
231217,2909352,Missing/Wrong Qty,Kolkata,2026-07-09T12:09:35.000,Considered BOD,Not yet checked against a Warehouse-team Zoho comment - treated as BOD by default (unconfirmed resolution),-,-
231216,2934998,Missing/Wrong Qty,Kolkata,2026-07-09T12:06:59.000,Considered BOD,Not yet checked against a Warehouse-team Zoho comment - treated as BOD by default (unconfirmed resolution),-,-
231214,2948303,Missing/Wrong Qty,Kolkata,2026-07-09T12:05:57.000,Considered BOD,Not yet checked against a Warehouse-team Zoho comment - treated as BOD by default (unconfirmed resolution),-,-
231209,2914748,Missing/Wrong Qty,Kolkata,2026-07-09T12:00:09.000,Considered BOD,Not yet checked against a Warehouse-team Zoho comment - treated as BOD by default (unconfirmed resolution),-,-
230867,2865110,Missing/Wrong Qty,Delhi,2026-07-09T05:52:32.000,Considered BOD,Not yet checked against a Warehouse-team Zoho comment - treated as BOD by default (unconfirmed resolution),-,-
231152,2886084,Missing/Wrong Qty,Lucknow,2026-07-09T11:04:46.000,Considered BOD,Not yet checked against a Warehouse-team Zoho comment - treated as BOD by default (unconfirmed resolution),-,-
231109,2925323,Missing/Wrong Qty,Delhi,2026-07-09T10:12:47.000,Considered BOD,Not yet checked against a Warehouse-team Zoho comment - treated as BOD by default (unconfirmed resolution),-,-
230483,2947351,Missing/Wrong Qty,Lucknow,2026-07-08T12:56:20.000,Considered BOD,Not yet checked against a Warehouse-team Zoho comment - treated as BOD by default (unconfirmed resolution),-,-
230487,2940430,Missing/Wrong Qty,Kolkata,2026-07-08T13:00:13.000,Considered BOD,Not yet checked against a Warehouse-team Zoho comment - treated as BOD by default (unconfirmed resolution),-,-
220929,2762837,Missing/Wrong Qty,Unknown,2026-06-26T04:34:01.000,No return record,No matching marketplace_return_request row found in ClickHouse for this order,-,-
230379,2926755,Missing/Wrong Qty,Delhi,2026-07-08T10:48:55.000,Considered BOD,Not yet checked against a Warehouse-team Zoho comment - treated as BOD by default (unconfirmed resolution),-,-
228730,2771013,Missing/Wrong Qty,Delhi,2026-07-06T08:42:55.000,Considered BOD,Not yet checked against a Warehouse-team Zoho comment - treated as BOD by default (unconfirmed resolution),-,-
227164,2809511,Missing/Wrong Qty,Lucknow,2026-07-04T08:33:47.000,Considered BOD,Not yet checked against a Warehouse-team Zoho comment - treated as BOD by default (unconfirmed resolution),-,-
229514,2918386,Missing/Wrong Qty,Bangalore,2026-07-07T06:46:54.000,Considered BOD,Not yet checked against a Warehouse-team Zoho comment - treated as BOD by default (unconfirmed resolution),-,-
229664,2914418,Missing/Wrong Qty,Delhi,2026-07-07T09:40:52.000,Considered BOD,Not yet checked against a Warehouse-team Zoho comment - treated as BOD by default (unconfirmed resolution),-,-
230334,2928108,Missing/Wrong Qty,Bangalore,2026-07-08T09:56:00.000,Considered BOD,Not yet checked against a Warehouse-team Zoho comment - treated as BOD by default (unconfirmed resolution),-,-
230419,2882496,Missing/Wrong Qty,Lucknow,2026-07-08T11:27:28.000,BOD,"Warehouse-team Zoho comment is a denial/non-admission: ""We have sent proper medicine to CX Mahiboob bee""",-,-
230444,2944208,Missing/Wrong Qty,Bangalore,2026-07-08T12:01:58.000,Considered BOD,Not yet checked against a Warehouse-team Zoho comment - treated as BOD by default (unconfirmed resolution),-,-
230485,2918363,Missing/Wrong Qty,Bangalore,2026-07-08T12:58:11.000,Considered BOD,Not yet checked against a Warehouse-team Zoho comment - treated as BOD by default (unconfirmed resolution),-,-
229737,2892466,Missing/Wrong Qty,Unknown,2026-07-07T11:06:51.000,No return record,No matching marketplace_return_request row found in ClickHouse for this order,-,-
230437,2795573,Missing/Wrong Qty,Kolkata,2026-07-08T11:57:41.000,WH Accepted,"Warehouse-team Zoho comment is a genuine admission: ""We have sent short qty to CX Mahiboob bee""",Jostasna_KOL / Gopalthakur_KOL,Debashish_KOL
230436,2945380,Missing/Wrong Qty,Delhi,2026-07-08T11:56:48.000,WH Accepted,"Warehouse-team Zoho comment is a genuine admission: ""We have sent short qty to CX""",Munender_DEL,Sudha_Del
230387,2878003,Missing/Wrong Qty,Kolkata,2026-07-08T10:54:39.000,Considered BOD,Not yet checked against a Warehouse-team Zoho comment - treated as BOD by default (unconfirmed resolution),-,-
230369,2923344,Missing/Wrong Qty,Delhi,2026-07-08T10:37:24.000,Considered BOD,Not yet checked against a Warehouse-team Zoho comment - treated as BOD by default (unconfirmed resolution),-,-
229788,2922349,Missing/Wrong Qty,Bangalore,2026-07-07T12:12:24.000,Considered BOD,Not yet checked against a Warehouse-team Zoho comment - treated as BOD by default (unconfirmed resolution),-,-
229770,2913448,Missing/Wrong Qty,Delhi,2026-07-07T11:59:51.000,Considered BOD,Not yet checked against a Warehouse-team Zoho comment - treated as BOD by default (unconfirmed resolution),-,-
229717,2905537,Missing/Wrong Qty,Delhi,2026-07-07T10:40:03.000,Considered BOD,Not yet checked against a Warehouse-team Zoho comment - treated as BOD by default (unconfirmed resolution),-,-
228925,2881815,Missing/Wrong Qty,Bangalore,2026-07-06T11:18:10.000,Considered BOD,Not yet checked against a Warehouse-team Zoho comment - treated as BOD by default (unconfirmed resolution),-,-
227811,2875457,Missing/Wrong Qty,Unknown,2026-07-05T08:22:02.000,No return record,No matching marketplace_return_request row found in ClickHouse for this order,-,-
229703,2893405,Missing/Wrong Qty,Bangalore,2026-07-07T10:21:35.000,Considered BOD,Not yet checked against a Warehouse-team Zoho comment - treated as BOD by default (unconfirmed resolution),-,-
229686,2780287,Missing/Wrong Qty,Delhi,2026-07-07T10:06:35.000,Considered BOD,Not yet checked against a Warehouse-team Zoho comment - treated as BOD by default (unconfirmed resolution),-,-
229561,2891979,Missing/Wrong Qty,Mumbai,2026-07-07T07:44:44.000,Considered BOD,Not yet checked against a Warehouse-team Zoho comment - treated as BOD by default (unconfirmed resolution),-,-
227337,2878680,Missing/Wrong Qty,Delhi,2026-07-04T13:00:09.000,Considered BOD,Not yet checked against a Warehouse-team Zoho comment - treated as BOD by default (unconfirmed resolution),-,-
227279,2823634,Missing/Wrong Qty,Kolkata,2026-07-04T11:04:49.000,WH Accepted,"Warehouse-team Zoho comment is a genuine admission: ""We have sent short qty to CX""",Asikiqbal_KOL / Lokesh_KOL,Debashish_KOL
229833,2911487,Missing/Wrong Qty,Lucknow,2026-07-07T13:01:05.000,Considered BOD,Not yet checked against a Warehouse-team Zoho comment - treated as BOD by default (unconfirmed resolution),-,-
229757,2883657,Missing/Wrong Qty,Mumbai,2026-07-07T11:43:58.000,WH Accepted,"Warehouse-team Zoho comment is a genuine admission: ""We have sent short qty to CX""",AnkurS_MUM,Sakshi_MUM
229730,2922724,Missing/Wrong Qty,Delhi,2026-07-07T10:59:43.000,Considered BOD,Not yet checked against a Warehouse-team Zoho comment - treated as BOD by default (unconfirmed resolution),-,-
229716,2912877,Missing/Wrong Qty,Kolkata,2026-07-07T10:38:58.000,WH Accepted,"Warehouse-team Zoho comment is a genuine admission: ""We have sent short qty to CX Mahiboob bee""",Arijit_KOL / Sonukumar_KOL,Sudip_KOL
228896,2913010,Missing/Wrong Qty,Unknown,2026-07-06T10:38:05.000,No return record,No matching marketplace_return_request row found in ClickHouse for this order,-,-
229734,2930805,Missing/Wrong Qty,Kolkata,2026-07-07T11:03:39.000,WH Accepted,"Warehouse-team Zoho comment is a genuine admission: ""We have sent wrong sku to CX Mahiboob bee""",nasir_KOL / Arijit_KOL,Koushal_KOL
229812,2927817,Missing/Wrong Qty,Delhi,2026-07-07T12:39:53.000,WH Accepted,"Warehouse-team Zoho comment is a genuine admission: ""We have sent short qty to CX Mahiboob bee""",Vishek_Del / Minzar_DEL,Neeru_DEL
229808,2848119,Missing/Wrong Qty,Delhi,2026-07-07T12:36:52.000,Considered BOD,Not yet checked against a Warehouse-team Zoho comment - treated as BOD by default (unconfirmed resolution),-,-
229547,2910663,Missing/Wrong Qty,Bangalore,2026-07-07T07:27:57.000,WH Accepted,"Warehouse-team Zoho comment is a genuine admission: ""We have sent short qty to CX Mahiboob bee""",Shashikumar_BLRWH,kannanmuthu_BLRWH
229723,2915419,Missing/Wrong Qty,Bangalore,2026-07-07T10:54:23.000,WH Accepted,"Warehouse-team Zoho comment is a genuine admission: ""We have sent short qty to CX Mahiboob bee""",Veena_BLRWH,Ravi_BLRWH
225569,2839814,Missing/Wrong Qty,Unknown,2026-07-02T08:53:47.000,No return record,No matching marketplace_return_request row found in ClickHouse for this order,-,-
229445,2927583,Missing/Wrong Qty,Bangalore,2026-07-07T05:39:25.000,WH Accepted,"Warehouse-team Zoho comment is a genuine admission: ""We have sent short qty to CX Mahiboob bee""",Veena_BLRWH,Shwetha_BLRWH
228932,2910809,Missing/Wrong Qty,Bangalore,2026-07-06T11:35:27.000,WH Accepted,"Warehouse-team Zoho comment is a genuine admission: ""We have sent short qty to CX Mahiboob bee""",Tharun_BLRWH / Altamash_BLRWH,ChandraKanth
229057,2885784,Missing/Wrong Qty,Mumbai,2026-07-06T13:06:58.000,Considered BOD,Not yet checked against a Warehouse-team Zoho comment - treated as BOD by default (unconfirmed resolution),-,-
222186,2812436,Missing/Wrong Qty,Delhi,2026-06-28T03:29:02.000,Considered BOD,Not yet checked against a Warehouse-team Zoho comment - treated as BOD by default (unconfirmed resolution),-,-
227316,2853423,Missing/Wrong Qty,Kolkata,2026-07-04T12:23:37.000,Considered BOD,Not yet checked against a Warehouse-team Zoho comment - treated as BOD by default (unconfirmed resolution),-,-
226667,2826733,Missing/Wrong Qty,Unknown,2026-07-03T12:55:19.000,No return record,No matching marketplace_return_request row found in ClickHouse for this order,-,-
227334,2860489,Missing/Wrong Qty,Lucknow,2026-07-04T12:57:39.000,Considered BOD,Not yet checked against a Warehouse-team Zoho comment - treated as BOD by default (unconfirmed resolution),-,-
226593,2847504,Missing/Wrong Qty,Delhi,2026-07-03T11:50:18.000,Considered BOD,Not yet checked against a Warehouse-team Zoho comment - treated as BOD by default (unconfirmed resolution),-,-
227053,2860489,Missing/Wrong Qty,Lucknow,2026-07-04T06:35:18.000,Considered BOD,Not yet checked against a Warehouse-team Zoho comment - treated as BOD by default (unconfirmed resolution),-,-
227318,2895142,Missing/Wrong Qty,Bangalore,2026-07-04T12:26:19.000,Considered BOD,Not yet checked against a Warehouse-team Zoho comment - treated as BOD by default (unconfirmed resolution),-,-
227976,2884008,Missing/Wrong Qty,Delhi,2026-07-05T12:00:00.000,Considered BOD,Not yet checked against a Warehouse-team Zoho comment - treated as BOD by default (unconfirmed resolution),-,-
227980,2898655,Missing/Wrong Qty,Kolkata,2026-07-05T12:04:18.000,Considered BOD,Not yet checked against a Warehouse-team Zoho comment - treated as BOD by default (unconfirmed resolution),-,-
228761,2910350,Missing/Wrong Qty,Kolkata,2026-07-06T09:12:08.000,Considered BOD,Not yet checked against a Warehouse-team Zoho comment - treated as BOD by default (unconfirmed resolution),-,-
228799,2912742,Missing/Wrong Qty,Kolkata,2026-07-06T09:58:52.000,Considered BOD,Not yet checked against a Warehouse-team Zoho comment - treated as BOD by default (unconfirmed resolution),-,-
228874,2874055,Missing/Wrong Qty,Delhi,2026-07-06T10:21:53.000,Considered BOD,Not yet checked against a Warehouse-team Zoho comment - treated as BOD by default (unconfirmed resolution),-,-
227584,2909975,Missing/Wrong Qty,Delhi,2026-07-05T03:46:46.000,Considered BOD,Not yet checked against a Warehouse-team Zoho comment - treated as BOD by default (unconfirmed resolution),-,-
227921,2906775,Missing/Wrong Qty,Kolkata,2026-07-05T10:52:02.000,WH Accepted,"Warehouse-team Zoho comment is a genuine admission: ""We have sent short qty to CX Mahiboob bee""",Suman_KOL / Gopalthakur_KOL,Soma_KOL
227988,2910359,Missing/Wrong Qty,Mumbai,2026-07-05T12:14:33.000,WH Accepted,"Warehouse-team Zoho comment is a genuine admission: ""We have sent short qty to cx Naveen""",ShubhamS_MUM / HarshadaM_MUM,NishaS_Mum
227990,2890222,Missing/Wrong Qty,Kolkata,2026-07-05T12:16:44.000,Considered BOD,Not yet checked against a Warehouse-team Zoho comment - treated as BOD by default (unconfirmed resolution),-,-
228043,2850167,Missing/Wrong Qty,Bangalore,2026-07-05T13:28:43.000,Considered BOD,Not yet checked against a Warehouse-team Zoho comment - treated as BOD by default (unconfirmed resolution),-,-
227817,2877329,Missing/Wrong Qty,Bangalore,2026-07-05T08:29:27.000,Considered BOD,Not yet checked against a Warehouse-team Zoho comment - treated as BOD by default (unconfirmed resolution),-,-
227282,2815011,Missing/Wrong Qty,Delhi,2026-07-04T11:08:00.000,Considered BOD,Not yet checked against a Warehouse-team Zoho comment - treated as BOD by default (unconfirmed resolution),-,-
227121,2864044,Missing/Wrong Qty,Delhi,2026-07-04T07:38:02.000,Considered BOD,Not yet checked against a Warehouse-team Zoho comment - treated as BOD by default (unconfirmed resolution),-,-
227118,2850663,Missing/Wrong Qty,Bangalore,2026-07-04T07:32:50.000,Considered BOD,Not yet checked against a Warehouse-team Zoho comment - treated as BOD by default (unconfirmed resolution),-,-
226688,2725385,Missing/Wrong Qty,Delhi,2026-07-03T13:30:02.000,Considered BOD,Not yet checked against a Warehouse-team Zoho comment - treated as BOD by default (unconfirmed resolution),-,-
226681,2845823,Missing/Wrong Qty,Kolkata,2026-07-03T13:21:44.000,Considered BOD,Not yet checked against a Warehouse-team Zoho comment - treated as BOD by default (unconfirmed resolution),-,-
225446,2859599,Missing/Wrong Qty,Lucknow,2026-07-02T06:23:27.000,Considered BOD,Not yet checked against a Warehouse-team Zoho comment - treated as BOD by default (unconfirmed resolution),-,-
225647,2835633,Missing/Wrong Qty,Kolkata,2026-07-02T10:12:29.000,Considered BOD,Not yet checked against a Warehouse-team Zoho comment - treated as BOD by default (unconfirmed resolution),-,-
225109,2787936,Missing/Wrong Qty,Delhi,2026-07-01T13:36:56.000,Considered BOD,Not yet checked against a Warehouse-team Zoho comment - treated as BOD by default (unconfirmed resolution),-,-
225105,2841744,Missing/Wrong Qty,Mumbai,2026-07-01T13:28:22.000,Considered BOD,Not yet checked against a Warehouse-team Zoho comment - treated as BOD by default (unconfirmed resolution),-,-
225548,2779433,Missing/Wrong Qty,Mumbai,2026-07-02T08:32:09.000,Considered BOD,Not yet checked against a Warehouse-team Zoho comment - treated as BOD by default (unconfirmed resolution),-,-
224934,2853492,Missing/Wrong Qty,Lucknow,2026-07-01T10:07:53.000,Considered BOD,Not yet checked against a Warehouse-team Zoho comment - treated as BOD by default (unconfirmed resolution),-,-
224350,2822971,Missing/Wrong Qty,Lucknow,2026-06-30T12:41:24.000,Considered BOD,Not yet checked against a Warehouse-team Zoho comment - treated as BOD by default (unconfirmed resolution),-,-
225708,2788462,Missing/Wrong Qty,Delhi,2026-07-02T11:40:07.000,Considered BOD,Not yet checked against a Warehouse-team Zoho comment - treated as BOD by default (unconfirmed resolution),-,-
228357,2799719,Missing/Wrong Qty,Delhi,2026-07-06T03:07:50.000,Considered BOD,Not yet checked against a Warehouse-team Zoho comment - treated as BOD by default (unconfirmed resolution),-,-
223895,2779433,Missing/Wrong Qty,Mumbai,2026-06-30T06:29:44.000,Considered BOD,Not yet checked against a Warehouse-team Zoho comment - treated as BOD by default (unconfirmed resolution),-,-
226193,2867563,Missing/Wrong Qty,Bangalore,2026-07-03T07:18:46.000,WH Accepted,"Warehouse-team Zoho comment is a genuine admission: ""We have sent short qty to cx Mahiboobe""",Pavithra,Ravi_BLRWH
221415,2791572,Missing/Wrong Qty,Bangalore,2026-06-26T16:05:03.000,Considered BOD,Not yet checked against a Warehouse-team Zoho comment - treated as BOD by default (unconfirmed resolution),-,-
227323,2884120,Missing/Wrong Qty,Bangalore,2026-07-04T12:35:32.000,Considered BOD,Not yet checked against a Warehouse-team Zoho comment - treated as BOD by default (unconfirmed resolution),-,-
227342,2867588,Missing/Wrong Qty,Bangalore,2026-07-04T13:05:40.000,Considered BOD,Not yet checked against a Warehouse-team Zoho comment - treated as BOD by default (unconfirmed resolution),-,-
227353,2892485,Missing/Wrong Qty,Bangalore,2026-07-04T13:22:31.000,Considered BOD,Not yet checked against a Warehouse-team Zoho comment - treated as BOD by default (unconfirmed resolution),-,-
227010,2656215,Missing/Wrong Qty,Kolkata,2026-07-04T05:30:43.000,Considered BOD,"Warehouse-team Zoho comment matched no known admission/denial pattern - needs manual review: ""None"" - treated as BOD by default (unconfirmed resolution)",-,-
225692,2846567,Missing/Wrong Qty,Mumbai,2026-07-02T11:15:37.000,Considered BOD,Not yet checked against a Warehouse-team Zoho comment - treated as BOD by default (unconfirmed resolution),-,-
224800,2854926,Missing/Wrong Qty,Delhi,2026-07-01T06:56:29.000,Considered BOD,Not yet checked against a Warehouse-team Zoho comment - treated as BOD by default (unconfirmed resolution),-,-
226101,2870652,Missing/Wrong Qty,Bangalore,2026-07-03T05:24:38.000,Considered BOD,Not yet checked against a Warehouse-team Zoho comment - treated as BOD by default (unconfirmed resolution),-,-
227303,2856945,Missing/Wrong Qty,Bangalore,2026-07-04T11:44:42.000,Considered BOD,"Warehouse-team Zoho comment matched no known admission/denial pattern - needs manual review: ""We have not sent free item"" - treated as BOD by default (unconfirmed resolution)",-,-
226979,2875098,Missing/Wrong Qty,Kolkata,2026-07-04T04:51:50.000,Considered BOD,Not yet checked against a Warehouse-team Zoho comment - treated as BOD by default (unconfirmed resolution),-,-
227128,2889937,Missing/Wrong Qty,Lucknow,2026-07-04T07:39:21.000,Considered BOD,Not yet checked against a Warehouse-team Zoho comment - treated as BOD by default (unconfirmed resolution),-,-
227138,2862735,Missing/Wrong Qty,Bangalore,2026-07-04T07:50:35.000,Considered BOD,Not yet checked against a Warehouse-team Zoho comment - treated as BOD by default (unconfirmed resolution),-,-
227283,2892388,Missing/Wrong Qty,Lucknow,2026-07-04T11:10:41.000,WH Accepted,"Warehouse-team Zoho comment is a genuine admission: ""We have sent short qty to cx Naveen""",Anshu.S_LKO,Dheeraj_LKO
227284,2830601,Missing/Wrong Qty,Bangalore,2026-07-04T11:12:18.000,WH Accepted,"Warehouse-team Zoho comment is a genuine admission: ""We have sent short qty to CX Mahiboob bee""",Vinod_BLWH,kannanmuthu_BLRWH
227290,2855752,Missing/Wrong Qty,Bangalore,2026-07-04T11:25:23.000,Considered BOD,Not yet checked against a Warehouse-team Zoho comment - treated as BOD by default (unconfirmed resolution),-,-
227304,2812730,Missing/Wrong Qty,Bangalore,2026-07-04T11:48:17.000,WH Accepted,"Warehouse-team Zoho comment is a genuine admission: ""We have sent short qty to cx Naveen""",Aravind_BLRWH / Suchithra_BLRWH,Vasantha
224723,2808962,Missing/Wrong Qty,Kolkata,2026-07-01T05:48:38.000,WH Accepted,"Warehouse-team Zoho comment is a genuine admission: ""We have sent short qty to CX""",Gopalthakur_KOL,Debashish_KOL
226462,2862323,Missing/Wrong Qty,Unknown,2026-07-03T09:52:01.000,No return record,No matching marketplace_return_request row found in ClickHouse for this order,-,-
227057,2864388,Missing/Wrong Qty,Bangalore,2026-07-04T06:38:43.000,WH Accepted,"Warehouse-team Zoho comment is a genuine admission: ""We have sent short qty to CX Mahiboob bee""",Shwetha1_BLRWH,ChandraKanth
227097,2860227,Missing/Wrong Qty,Bangalore,2026-07-04T07:07:09.000,Considered BOD,Not yet checked against a Warehouse-team Zoho comment - treated as BOD by default (unconfirmed resolution),-,-
227100,2861490,Missing/Wrong Qty,Bangalore,2026-07-04T07:09:05.000,WH Accepted,"Warehouse-team Zoho comment is a genuine admission: ""We have sent short qty to CX Mahiboob bee""",Mahantaya,Siddarth_BLRWH
227129,2869898,Missing/Wrong Qty,Bangalore,2026-07-04T07:42:01.000,WH Accepted,"Warehouse-team Zoho comment is a genuine admission: ""We have sent short qty to CX""",Nahila_BLRW,Sumathi_BLR
227137,2859396,Missing/Wrong Qty,Bangalore,2026-07-04T07:49:15.000,WH Accepted,"Warehouse-team Zoho comment is a genuine admission: ""We have sent short qty to CX Mahiboob bee""",Uzma1_BLRWH,Asha_BLRWH
226991,2871214,Missing/Wrong Qty,Lucknow,2026-07-04T05:05:08.000,Considered BOD,Not yet checked against a Warehouse-team Zoho comment - treated as BOD by default (unconfirmed resolution),-,-
225668,2836295,Missing/Wrong Qty,Lucknow,2026-07-02T10:34:14.000,Considered BOD,Not yet checked against a Warehouse-team Zoho comment - treated as BOD by default (unconfirmed resolution),-,-
222525,2817782,Missing/Wrong Qty,Mumbai,2026-06-28T08:38:59.000,Considered BOD,Not yet checked against a Warehouse-team Zoho comment - treated as BOD by default (unconfirmed resolution),-,-
222550,2778409,Missing/Wrong Qty,Unknown,2026-06-28T09:29:12.000,No return record,No matching marketplace_return_request row found in ClickHouse for this order,-,-
225447,2859599,Missing/Wrong Qty,Lucknow,2026-07-02T06:23:28.000,Considered BOD,Not yet checked against a Warehouse-team Zoho comment - treated as BOD by default (unconfirmed resolution),-,-
225410,2812354,Missing/Wrong Qty,Delhi,2026-07-02T05:36:05.000,WH Accepted,"Warehouse-team Zoho comment is a genuine admission: ""We have sent short qty to CX""",Kuldeep_Del,Sudha_Del
225664,2875234,Missing/Wrong Qty,Kolkata,2026-07-02T10:30:55.000,WH Accepted,"Warehouse-team Zoho comment is a genuine admission: ""We have sent short qty to CX Mahiboob bee""",Sajalnaskar_KOL,Shamim_KOL
225711,2845246,Missing/Wrong Qty,Delhi,2026-07-02T11:44:49.000,WH Accepted,"Warehouse-team Zoho comment is a genuine admission: ""We have sent short qty to CX (Ranoright tab 1strip short) Mahiboob bee""",Muskan_Del,VANDANA_DEL
225713,2838398,Missing/Wrong Qty,Delhi,2026-07-02T11:45:56.000,WH Accepted,"Warehouse-team Zoho comment is a genuine admission: ""We have sent short qty to CX Mahiboob bee""",Pooja_B_DEL,ALAM.SHAH_DEL
225716,2843563,Missing/Wrong Qty,Lucknow,2026-07-02T11:47:35.000,Considered BOD,Not yet checked against a Warehouse-team Zoho comment - treated as BOD by default (unconfirmed resolution),-,-
225763,2867501,Missing/Wrong Qty,Delhi,2026-07-02T12:50:31.000,WH Accepted,"Warehouse-team Zoho comment is a genuine admission: ""Short qty sent""",Kuldeep_Del,Pravendra_DEL
225767,2819772,Missing/Wrong Qty,Delhi,2026-07-02T12:57:44.000,WH Accepted,"Warehouse-team Zoho comment is a genuine admission: ""We have sent short qty to CX Mahiboob bee""",Babita_DEL / Nitu_DEL,Shailesh_DEL
225774,2876582,Missing/Wrong Qty,Bangalore,2026-07-02T13:13:27.000,WH Accepted,"Warehouse-team Zoho comment is a genuine admission: ""Short qty sent""",Shivaraj_BLRWH,Kaveri_BLRWH
225779,2879845,Missing/Wrong Qty,Bangalore,2026-07-02T13:28:54.000,Considered BOD,Not yet checked against a Warehouse-team Zoho comment - treated as BOD by default (unconfirmed resolution),-,-
222625,2821968,Missing/Wrong Qty,Mumbai,2026-06-28T11:41:20.000,Considered BOD,Not yet checked against a Warehouse-team Zoho comment - treated as BOD by default (unconfirmed resolution),-,-
220950,2622519,Missing/Wrong Qty,Lucknow,2026-06-26T05:07:09.000,Considered BOD,"Warehouse-team Zoho comment matched no known admission/denial pattern - needs manual review: ""None"" - treated as BOD by default (unconfirmed resolution)",-,-
221184,2801019,Missing/Wrong Qty,Unknown,2026-06-26T09:47:00.000,No return record,No matching marketplace_return_request row found in ClickHouse for this order,-,-
221091,2777776,Missing/Wrong Qty,Kolkata,2026-06-26T07:35:45.000,Considered BOD,Not yet checked against a Warehouse-team Zoho comment - treated as BOD by default (unconfirmed resolution),-,-
225653,2812752,Missing/Wrong Qty,Lucknow,2026-07-02T10:18:31.000,WH Accepted,"Warehouse-team Zoho comment is a genuine admission: ""We have sent short qty to CX Mahiboob bee""",Muskan_LKO / Subhashini.Y_LKO,Adiba.F_LKO
225721,2871311,Missing/Wrong Qty,Bangalore,2026-07-02T11:52:42.000,Considered BOD,Not yet checked against a Warehouse-team Zoho comment - treated as BOD by default (unconfirmed resolution),-,-
223727,2609791,Missing/Wrong Qty,Bangalore,2026-06-30T02:07:18.000,Considered BOD,Not yet checked against a Warehouse-team Zoho comment - treated as BOD by default (unconfirmed resolution),-,-
223589,2799274,Missing/Wrong Qty,Bangalore,2026-06-29T12:04:41.000,Considered BOD,Not yet checked against a Warehouse-team Zoho comment - treated as BOD by default (unconfirmed resolution),-,-
223635,2761131,Missing/Wrong Qty,Kolkata,2026-06-29T13:53:24.000,Considered BOD,Not yet checked against a Warehouse-team Zoho comment - treated as BOD by default (unconfirmed resolution),-,-
225485,2828718,Missing/Wrong Qty,Bangalore,2026-07-02T07:04:21.000,WH Accepted,"Warehouse-team Zoho comment is a genuine admission: ""We have sent short qty to CX""",Prabhu_BLRWH,kannanmuthu_BLRWH
221599,2763618,Missing/Wrong Qty,Kolkata,2026-06-27T05:55:05.000,Considered BOD,Not yet checked against a Warehouse-team Zoho comment - treated as BOD by default (unconfirmed resolution),-,-
225565,2845983,Missing/Wrong Qty,Lucknow,2026-07-02T08:49:50.000,Considered BOD,Not yet checked against a Warehouse-team Zoho comment - treated as BOD by default (unconfirmed resolution),-,-
225623,2839836,Missing/Wrong Qty,Bangalore,2026-07-02T09:56:21.000,Considered BOD,"Warehouse-team Zoho comment matched no known admission/denial pattern - needs manual review: ""Paker didn't removed the medicine out side properly"" - treated as BOD by default (unconfirmed resolution)",-,-
224378,2422249,Missing/Wrong Qty,Unknown,2026-06-30T13:21:06.000,No return record,No matching marketplace_return_request row found in ClickHouse for this order,-,-
224717,2856122,Missing/Wrong Qty,Bangalore,2026-07-01T05:42:46.000,Considered BOD,Not yet checked against a Warehouse-team Zoho comment - treated as BOD by default (unconfirmed resolution),-,-
225526,2835638,Missing/Wrong Qty,Lucknow,2026-07-02T07:59:07.000,Considered BOD,Not yet checked against a Warehouse-team Zoho comment - treated as BOD by default (unconfirmed resolution),-,-
225060,2666564,Missing/Wrong Qty,Bangalore,2026-07-01T12:59:01.000,Considered BOD,Not yet checked against a Warehouse-team Zoho comment - treated as BOD by default (unconfirmed resolution),-,-
224355,2811958,Missing/Wrong Qty,Lucknow,2026-06-30T12:49:29.000,Considered BOD,Not yet checked against a Warehouse-team Zoho comment - treated as BOD by default (unconfirmed resolution),-,-
223966,2799046,Missing/Wrong Qty,Bangalore,2026-06-30T08:08:08.000,Considered BOD,Not yet checked against a Warehouse-team Zoho comment - treated as BOD by default (unconfirmed resolution),-,-
223590,2832908,Missing/Wrong Qty,Delhi,2026-06-29T12:07:35.000,Considered BOD,Not yet checked against a Warehouse-team Zoho comment - treated as BOD by default (unconfirmed resolution),-,-
223548,2797917,Missing/Wrong Qty,Delhi,2026-06-29T10:50:04.000,Considered BOD,Not yet checked against a Warehouse-team Zoho comment - treated as BOD by default (unconfirmed resolution),-,-
222740,2836511,Missing/Wrong Qty,Kolkata,2026-06-28T14:21:38.000,Considered BOD,Not yet checked against a Warehouse-team Zoho comment - treated as BOD by default (unconfirmed resolution),-,-
220986,2723833,Missing/Wrong Qty,Mumbai,2026-06-26T05:49:25.000,Considered BOD,Not yet checked against a Warehouse-team Zoho comment - treated as BOD by default (unconfirmed resolution),-,-
223402,2802916,Missing/Wrong Qty,Kolkata,2026-06-29T07:20:44.000,BOD,"Warehouse-team Zoho comment is a denial/non-admission: ""We have sent proper medicine to CX""",-,-
223534,2769324,Missing/Wrong Qty,Lucknow,2026-06-29T10:26:22.000,Considered BOD,Not yet checked against a Warehouse-team Zoho comment - treated as BOD by default (unconfirmed resolution),-,-
220170,2761721,Missing/Wrong Qty,Unknown,2026-06-25T07:28:40.000,No return record,No matching marketplace_return_request row found in ClickHouse for this order,-,-
222406,2752104,Missing/Wrong Qty,Delhi,2026-06-28T06:18:15.000,Considered BOD,Not yet checked against a Warehouse-team Zoho comment - treated as BOD by default (unconfirmed resolution),-,-
223441,2824463,Missing/Wrong Qty,Delhi,2026-06-29T08:09:37.000,Considered BOD,Not yet checked against a Warehouse-team Zoho comment - treated as BOD by default (unconfirmed resolution),-,-
220419,2791858,Missing/Wrong Qty,Kolkata,2026-06-25T14:06:52.000,Considered BOD,Not yet checked against a Warehouse-team Zoho comment - treated as BOD by default (unconfirmed resolution),-,-
223509,2751037,Missing/Wrong Qty,Kolkata,2026-06-29T09:30:36.000,Considered BOD,Not yet checked against a Warehouse-team Zoho comment - treated as BOD by default (unconfirmed resolution),-,-
223525,2796880,Missing/Wrong Qty,Delhi,2026-06-29T10:01:32.000,BOD,"Warehouse-team Zoho comment is a denial/non-admission: ""We have sent proper medicine to cx""",-,-
223497,2729701,Missing/Wrong Qty,Lucknow,2026-06-29T09:16:25.000,Considered BOD,Not yet checked against a Warehouse-team Zoho comment - treated as BOD by default (unconfirmed resolution),-,-
222527,2789281,Missing/Wrong Qty,Mumbai,2026-06-28T08:49:59.000,Considered BOD,Not yet checked against a Warehouse-team Zoho comment - treated as BOD by default (unconfirmed resolution),-,-
223543,2792662,Missing/Wrong Qty,Bangalore,2026-06-29T10:39:30.000,Considered BOD,Not yet checked against a Warehouse-team Zoho comment - treated as BOD by default (unconfirmed resolution),-,-
222610,2785662,Missing/Wrong Qty,Lucknow,2026-06-28T10:59:30.000,Considered BOD,Not yet checked against a Warehouse-team Zoho comment - treated as BOD by default (unconfirmed resolution),-,-
223545,2802172,Missing/Wrong Qty,Mumbai,2026-06-29T10:43:05.000,Considered BOD,Not yet checked against a Warehouse-team Zoho comment - treated as BOD by default (unconfirmed resolution),-,-
221699,2765082,Missing/Wrong Qty,Delhi,2026-06-27T08:08:31.000,Considered BOD,Not yet checked against a Warehouse-team Zoho comment - treated as BOD by default (unconfirmed resolution),-,-
223260,2794484,Missing/Wrong Qty,Delhi,2026-06-29T05:07:55.000,Considered BOD,Not yet checked against a Warehouse-team Zoho comment - treated as BOD by default (unconfirmed resolution),-,-
222474,2762458,Missing/Wrong Qty,Bangalore,2026-06-28T07:21:25.000,Considered BOD,Not yet checked against a Warehouse-team Zoho comment - treated as BOD by default (unconfirmed resolution),-,-
222524,2838016,Missing/Wrong Qty,DocPharma,2026-06-28T08:38:52.000,Considered BOD,Not yet checked against a Warehouse-team Zoho comment - treated as BOD by default (unconfirmed resolution),-,-
222592,2703499,Missing/Wrong Qty,Lucknow,2026-06-28T10:29:29.000,Considered BOD,Not yet checked against a Warehouse-team Zoho comment - treated as BOD by default (unconfirmed resolution),-,-
222595,2738996,Missing/Wrong Qty,Bangalore,2026-06-28T10:34:24.000,Considered BOD,Not yet checked against a Warehouse-team Zoho comment - treated as BOD by default (unconfirmed resolution),-,-
222546,2697948,Missing/Wrong Qty,Mumbai,2026-06-28T09:24:07.000,Considered BOD,Not yet checked against a Warehouse-team Zoho comment - treated as BOD by default (unconfirmed resolution),-,-
223638,2803039,Missing/Wrong Qty,Bangalore,2026-06-29T14:08:23.000,Considered BOD,Not yet checked against a Warehouse-team Zoho comment - treated as BOD by default (unconfirmed resolution),-,-
221247,2723205,Missing/Wrong Qty,Lucknow,2026-06-26T11:11:23.000,Considered BOD,Not yet checked against a Warehouse-team Zoho comment - treated as BOD by default (unconfirmed resolution),-,-
222413,2669144,Missing/Wrong Qty,Bangalore,2026-06-28T06:20:06.000,Considered BOD,Not yet checked against a Warehouse-team Zoho comment - treated as BOD by default (unconfirmed resolution),-,-
223829,2846975,Missing/Wrong Qty,Lucknow,2026-06-30T05:08:09.000,Considered BOD,Not yet checked against a Warehouse-team Zoho comment - treated as BOD by default (unconfirmed resolution),-,-
220118,2615707,Missing/Wrong Qty,Lucknow,2026-06-25T06:09:50.000,Considered BOD,Not yet checked against a Warehouse-team Zoho comment - treated as BOD by default (unconfirmed resolution),-,-
222153,2749503,Missing/Wrong Qty,Kolkata,2026-06-28T02:49:32.000,Considered BOD,Not yet checked against a Warehouse-team Zoho comment - treated as BOD by default (unconfirmed resolution),-,-
221075,2719556,Missing/Wrong Qty,Lucknow,2026-06-26T07:14:02.000,Considered BOD,Not yet checked against a Warehouse-team Zoho comment - treated as BOD by default (unconfirmed resolution),-,-
221500,2771118,Missing/Wrong Qty,Delhi,2026-06-27T03:19:11.000,Considered BOD,Not yet checked against a Warehouse-team Zoho comment - treated as BOD by default (unconfirmed resolution),-,-
222600,2733070,Missing/Wrong Qty,Mumbai,2026-06-28T10:43:44.000,Considered BOD,Not yet checked against a Warehouse-team Zoho comment - treated as BOD by default (unconfirmed resolution),-,-
220273,2746517,Missing/Wrong Qty,DocPharma,2026-06-25T09:58:35.000,Considered BOD,No Warehouse-team Zoho comment on this ticket - treated as BOD by default (unconfirmed resolution),-,-
222557,2743983,Missing/Wrong Qty,Mumbai,2026-06-28T09:35:31.000,Considered BOD,"Warehouse-team Zoho comment matched no known admission/denial pattern - needs manual review: ""We have not free bresh"" - treated as BOD by default (unconfirmed resolution)",-,-
223489,2758571,Missing/Wrong Qty,Delhi,2026-06-29T09:11:03.000,Considered BOD,Not yet checked against a Warehouse-team Zoho comment - treated as BOD by default (unconfirmed resolution),-,-
223844,2790498,Missing/Wrong Qty,Lucknow,2026-06-30T05:30:10.000,Considered BOD,Not yet checked against a Warehouse-team Zoho comment - treated as BOD by default (unconfirmed resolution),-,-
223928,2848821,Missing/Wrong Qty,Kolkata,2026-06-30T07:21:37.000,WH Accepted,"Warehouse-team Zoho comment is a genuine admission: ""We have sent short to cx Naveen""",Priyanka_KOL,Aditya_KOL
224333,2841654,Missing/Wrong Qty,Mumbai,2026-06-30T12:33:06.000,WH Accepted,"Warehouse-team Zoho comment is a genuine admission: ""We have sent short qty to""",SakshiH_MUM,Vandana_MUM
224344,2827024,Missing/Wrong Qty,Lucknow,2026-06-30T12:36:19.000,Considered BOD,Not yet checked against a Warehouse-team Zoho comment - treated as BOD by default (unconfirmed resolution),-,-
224348,2852142,Missing/Wrong Qty,Delhi,2026-06-30T12:39:35.000,WH Accepted,"Warehouse-team Zoho comment is a genuine admission: ""Short qty sent Manoj""",Sonu_DEL,CHANDAN_DEL
224352,2828901,Missing/Wrong Qty,Lucknow,2026-06-30T12:43:51.000,Considered BOD,Not yet checked against a Warehouse-team Zoho comment - treated as BOD by default (unconfirmed resolution),-,-
224359,2763168,Missing/Wrong Qty,Lucknow,2026-06-30T12:51:59.000,Considered BOD,Not yet checked against a Warehouse-team Zoho comment - treated as BOD by default (unconfirmed resolution),-,-
223386,2814867,Missing/Wrong Qty,Delhi,2026-06-29T06:51:59.000,Considered BOD,Not yet checked against a Warehouse-team Zoho comment - treated as BOD by default (unconfirmed resolution),-,-
222229,2794312,Missing/Wrong Qty,DocPharma,2026-06-28T04:18:57.000,Considered BOD,No Warehouse-team Zoho comment on this ticket - treated as BOD by default (unconfirmed resolution),-,-
221694,2705463,Missing/Wrong Qty,Bangalore,2026-06-27T08:04:14.000,Considered BOD,Not yet checked against a Warehouse-team Zoho comment - treated as BOD by default (unconfirmed resolution),-,-
224232,2616078,Missing/Wrong Qty,Delhi,2026-06-30T09:59:22.000,WH Accepted,"Warehouse-team Zoho comment is a genuine admission: ""We have sent short qty to cx Naveen""",Mukesh_DEL / Pammy_DEL,Neeru_DEL
223594,2806796,Missing/Wrong Qty,Kolkata,2026-06-29T12:17:28.000,WH Accepted,"Warehouse-team Zoho comment is a genuine admission: ""We have sent short qty to cx Naveen""",Kanhaiya_KOL,Ratan_kol
221013,2801019,Missing/Wrong Qty,Unknown,2026-06-26T06:09:18.000,No return record,No matching marketplace_return_request row found in ClickHouse for this order,-,-
222272,2727956,Missing/Wrong Qty,Lucknow,2026-06-28T05:03:52.000,Considered BOD,Not yet checked against a Warehouse-team Zoho comment - treated as BOD by default (unconfirmed resolution),-,-
223578,2803307,Missing/Wrong Qty,Kolkata,2026-06-29T11:34:35.000,WH Accepted,"Warehouse-team Zoho comment is a genuine admission: ""We have sent short qty to CX Mahiboob bee""",Kanhaiya_KOL,Ratan_kol
222268,2668987,Missing/Wrong Qty,Bangalore,2026-06-28T05:02:06.000,WH Accepted,"Warehouse-team Zoho comment is a genuine admission: ""We have sent short qty to CX Mahiboob bee""",Pallavi_BLRWH,Karthik_BLRWH
223504,2607241,Missing/Wrong Qty,Bangalore,2026-06-29T09:26:25.000,Considered BOD,Not yet checked against a Warehouse-team Zoho comment - treated as BOD by default (unconfirmed resolution),-,-
223518,2779612,Missing/Wrong Qty,Kolkata,2026-06-29T09:49:32.000,WH Accepted,"Warehouse-team Zoho comment is a genuine admission: ""We have sent 3 qty short for cx Naveen""",Rajat_KOL / Sonukumar_KOL,Ratan_kol
223530,2834325,Missing/Wrong Qty,Delhi,2026-06-29T10:14:50.000,WH Accepted,"Warehouse-team Zoho comment is a genuine admission: ""We have sent short qty to cx Naveen""",Minzar_DEL,Sudha_Del
223536,2786647,Missing/Wrong Qty,Kolkata,2026-06-29T10:27:44.000,WH Accepted,"Warehouse-team Zoho comment is a genuine admission: ""We have sent short qty to CX Mahiboob bee""",Arpan_KOL,Koushal_KOL
223537,2792313,Missing/Wrong Qty,Bangalore,2026-06-29T10:29:35.000,Considered BOD,Not yet checked against a Warehouse-team Zoho comment - treated as BOD by default (unconfirmed resolution),-,-
223538,2820096,Missing/Wrong Qty,Bangalore,2026-06-29T10:30:56.000,WH Accepted,"Warehouse-team Zoho comment is a genuine admission: ""We have sent short qty to cx Naveen""",Anusha_BLRWH / Pavithra,kannanmuthu_BLRWH
223540,2822620,Missing/Wrong Qty,Bangalore,2026-06-29T10:33:07.000,Considered BOD,Not yet checked against a Warehouse-team Zoho comment - treated as BOD by default (unconfirmed resolution),-,-
223541,2817307,Missing/Wrong Qty,Delhi,2026-06-29T10:36:22.000,WH Accepted,"Warehouse-team Zoho comment is a genuine admission: ""Short qty sent Manoj""",Sahil_DEL,Seema_DEL
223593,2790455,Missing/Wrong Qty,Bangalore,2026-06-29T12:15:11.000,Considered BOD,Not yet checked against a Warehouse-team Zoho comment - treated as BOD by default (unconfirmed resolution),-,-
223596,2833896,Missing/Wrong Qty,Delhi,2026-06-29T12:21:13.000,Considered BOD,Not yet checked against a Warehouse-team Zoho comment - treated as BOD by default (unconfirmed resolution),-,-
220201,2713993,Missing/Wrong Qty,Delhi,2026-06-25T08:08:26.000,Considered BOD,Not yet checked against a Warehouse-team Zoho comment - treated as BOD by default (unconfirmed resolution),-,-
222559,2661908,Missing/Wrong Qty,Delhi,2026-06-28T09:42:34.000,WH Accepted,"Warehouse-team Zoho comment is a genuine admission: ""We have sent short qty to cx Naveen""",Jyoti_M_DEL / Kuldeep_Del,Sudha_Del
223508,2806989,Missing/Wrong Qty,Bangalore,2026-06-29T09:28:12.000,Considered BOD,Not yet checked against a Warehouse-team Zoho comment - treated as BOD by default (unconfirmed resolution),-,-
223517,2782440,Missing/Wrong Qty,Mumbai,2026-06-29T09:47:11.000,Considered BOD,Not yet checked against a Warehouse-team Zoho comment - treated as BOD by default (unconfirmed resolution),-,-
223513,2750442,Missing/Wrong Qty,Bangalore,2026-06-29T09:39:38.000,Considered BOD,Not yet checked against a Warehouse-team Zoho comment - treated as BOD by default (unconfirmed resolution),-,-
220939,2731486,Missing/Wrong Qty,Kolkata,2026-06-26T04:47:08.000,Considered BOD,Not yet checked against a Warehouse-team Zoho comment - treated as BOD by default (unconfirmed resolution),-,-
220936,2718136,Missing/Wrong Qty,Kolkata,2026-06-26T04:43:48.000,Considered BOD,Not yet checked against a Warehouse-team Zoho comment - treated as BOD by default (unconfirmed resolution),-,-
220014,2696048,Missing/Wrong Qty,Mumbai,2026-06-25T02:54:50.000,Considered BOD,Not yet checked against a Warehouse-team Zoho comment - treated as BOD by default (unconfirmed resolution),-,-
223486,2793051,Missing/Wrong Qty,Mumbai,2026-06-29T09:09:43.000,Considered BOD,Not yet checked against a Warehouse-team Zoho comment - treated as BOD by default (unconfirmed resolution),-,-
223502,2802367,Missing/Wrong Qty,Delhi,2026-06-29T09:22:51.000,Considered BOD,Not yet checked against a Warehouse-team Zoho comment - treated as BOD by default (unconfirmed resolution),-,-
221702,2818178,Missing/Wrong Qty,Delhi,2026-06-27T08:15:58.000,Considered BOD,Not yet checked against a Warehouse-team Zoho comment - treated as BOD by default (unconfirmed resolution),-,-
222001,2717532,Missing/Wrong Qty,Bangalore,2026-06-27T12:55:49.000,Considered BOD,Not yet checked against a Warehouse-team Zoho comment - treated as BOD by default (unconfirmed resolution),-,-
222005,2714402,Missing/Wrong Qty,Mumbai,2026-06-27T13:05:00.000,Considered BOD,Not yet checked against a Warehouse-team Zoho comment - treated as BOD by default (unconfirmed resolution),-,-
222269,2830624,Missing/Wrong Qty,Bangalore,2026-06-28T05:02:23.000,Considered BOD,Not yet checked against a Warehouse-team Zoho comment - treated as BOD by default (unconfirmed resolution),-,-
222307,2731096,Missing/Wrong Qty,Delhi,2026-06-28T05:29:16.000,Considered BOD,Not yet checked against a Warehouse-team Zoho comment - treated as BOD by default (unconfirmed resolution),-,-
222317,2735566,Missing/Wrong Qty,Delhi,2026-06-28T05:34:38.000,Considered BOD,Not yet checked against a Warehouse-team Zoho comment - treated as BOD by default (unconfirmed resolution),-,-
222334,2730633,Missing/Wrong Qty,Mumbai,2026-06-28T05:40:20.000,Considered BOD,Not yet checked against a Warehouse-team Zoho comment - treated as BOD by default (unconfirmed resolution),-,-
222404,2725850,Missing/Wrong Qty,Kolkata,2026-06-28T06:15:06.000,BOD,"Warehouse-team Zoho comment is a denial/non-admission: ""We have sent proper medicine to cx Naveen""",-,-
222415,2751529,Missing/Wrong Qty,Bangalore,2026-06-28T06:21:19.000,Considered BOD,Not yet checked against a Warehouse-team Zoho comment - treated as BOD by default (unconfirmed resolution),-,-
221061,2759471,Missing/Wrong Qty,Kolkata,2026-06-26T07:02:03.000,WH Accepted,"Warehouse-team Zoho comment is a genuine admission: ""Short qty sent Manoj""",Arijit_KOL / nasir_KOL,Sayanti_KOL
222431,2703663,Missing/Wrong Qty,Bangalore,2026-06-28T06:34:01.000,Considered BOD,Not yet checked against a Warehouse-team Zoho comment - treated as BOD by default (unconfirmed resolution),-,-
222440,2723616,Missing/Wrong Qty,Bangalore,2026-06-28T06:42:30.000,Considered BOD,Not yet checked against a Warehouse-team Zoho comment - treated as BOD by default (unconfirmed resolution),-,-
222483,2824553,Missing/Wrong Qty,Delhi,2026-06-28T07:31:09.000,Considered BOD,Not yet checked against a Warehouse-team Zoho comment - treated as BOD by default (unconfirmed resolution),-,-
221703,2769612,Missing/Wrong Qty,Delhi,2026-06-27T08:17:01.000,Considered BOD,Not yet checked against a Warehouse-team Zoho comment - treated as BOD by default (unconfirmed resolution),-,-
222561,2744075,Missing/Wrong Qty,Bangalore,2026-06-28T09:44:27.000,Considered BOD,Not yet checked against a Warehouse-team Zoho comment - treated as BOD by default (unconfirmed resolution),-,-
222565,2757868,Missing/Wrong Qty,Delhi,2026-06-28T09:49:14.000,Considered BOD,Not yet checked against a Warehouse-team Zoho comment - treated as BOD by default (unconfirmed resolution),-,-
222567,2747025,Missing/Wrong Qty,Delhi,2026-06-28T09:51:27.000,Considered BOD,Not yet checked against a Warehouse-team Zoho comment - treated as BOD by default (unconfirmed resolution),-,-
222593,2742555,Missing/Wrong Qty,Delhi,2026-06-28T10:31:53.000,WH Accepted,"Warehouse-team Zoho comment is a genuine admission: ""We have sent short qty to cx Mahiboobe""",Ammina_DEL,VANDANA_DEL
222638,2786171,Missing/Wrong Qty,Mumbai,2026-06-28T12:13:23.000,Considered BOD,Not yet checked against a Warehouse-team Zoho comment - treated as BOD by default (unconfirmed resolution),-,-
222631,2793867,Missing/Wrong Qty,Kolkata,2026-06-28T11:52:18.000,WH Accepted,"Warehouse-team Zoho comment is a genuine admission: ""Short qty sent Manoj""",Priyanka_KOL,Sayanti_KOL
221246,2739671,Missing/Wrong Qty,Mumbai,2026-06-26T11:09:49.000,Considered BOD,Not yet checked against a Warehouse-team Zoho comment - treated as BOD by default (unconfirmed resolution),-,-
222643,2783368,Missing/Wrong Qty,Bangalore,2026-06-28T12:27:27.000,Considered BOD,Not yet checked against a Warehouse-team Zoho comment - treated as BOD by default (unconfirmed resolution),-,-
222627,2783772,Missing/Wrong Qty,Bangalore,2026-06-28T11:44:34.000,BOD,"Warehouse-team Zoho comment is a denial/non-admission: ""We have sent proper medicine to CX""",-,-
222647,2729914,Missing/Wrong Qty,Mumbai,2026-06-28T12:30:29.000,Considered BOD,Not yet checked against a Warehouse-team Zoho comment - treated as BOD by default (unconfirmed resolution),-,-
222648,2768941,Missing/Wrong Qty,Bangalore,2026-06-28T12:34:00.000,Considered BOD,"Warehouse-team Zoho comment matched no known admission/denial pattern - needs manual review: ""Paker didn't removed the sachet out side for count Mahiboob bee"" - treated as BOD by default (unconfirmed resolution)",-,-
222650,2790065,Missing/Wrong Qty,Kolkata,2026-06-28T12:36:35.000,WH Accepted,"Warehouse-team Zoho comment is a genuine admission: ""We have sent short qty to cx Mahiboobe""",Jostasna_KOL,Surojit_KOL
222656,2727475,Missing/Wrong Qty,Mumbai,2026-06-28T12:55:10.000,Considered BOD,Not yet checked against a Warehouse-team Zoho comment - treated as BOD by default (unconfirmed resolution),-,-
222658,2776477,Missing/Wrong Qty,Kolkata,2026-06-28T12:59:00.000,WH Accepted,"Warehouse-team Zoho comment is a genuine admission: ""We have sent short qty to cx Mahiboobe""",Rahul_KOL,Sangita_KOL
222659,2796679,Missing/Wrong Qty,Bangalore,2026-06-28T13:01:17.000,Considered BOD,Not yet checked against a Warehouse-team Zoho comment - treated as BOD by default (unconfirmed resolution),-,-
222662,2822961,Missing/Wrong Qty,Kolkata,2026-06-28T13:06:49.000,Considered BOD,Not yet checked against a Warehouse-team Zoho comment - treated as BOD by default (unconfirmed resolution),-,-
222661,2791143,Missing/Wrong Qty,Delhi,2026-06-28T13:02:27.000,WH Accepted,"Warehouse-team Zoho comment is a genuine admission: ""We have sent short qty to cx Mahiboobe""",Arjun_DEL / Neeruka_DEL,Akash_DEL
222604,2808978,Missing/Wrong Qty,Bangalore,2026-06-28T10:47:14.000,Considered BOD,Not yet checked against a Warehouse-team Zoho comment - treated as BOD by default (unconfirmed resolution),-,-
221999,2706183,Missing/Wrong Qty,Mumbai,2026-06-27T12:52:39.000,WH Accepted,"Warehouse-team Zoho comment is a genuine admission: ""We have sent short qty to cx Naveen""",Fatima_MUM / OmkarK_MUM,SonaliC_MUM
221689,2795421,Missing/Wrong Qty,Bangalore,2026-06-27T07:58:05.000,WH Accepted,"Warehouse-team Zoho comment is a genuine admission: ""We have sent short qty to cx Naveen""",Uzma1_BLRWH,Sumathi_BLR
221990,2664252,Missing/Wrong Qty,Lucknow,2026-06-27T12:31:53.000,Considered BOD,Not yet checked against a Warehouse-team Zoho comment - treated as BOD by default (unconfirmed resolution),-,-
221684,2727179,Missing/Wrong Qty,Kolkata,2026-06-27T07:54:06.000,WH Accepted,"Warehouse-team Zoho comment is a genuine admission: ""We have sent short qty to cx Mahiboobe""",Gopalthakur_KOL,Sangita_KOL
220278,2764591,Missing/Wrong Qty,Lucknow,2026-06-25T10:07:35.000,Considered BOD,Not yet checked against a Warehouse-team Zoho comment - treated as BOD by default (unconfirmed resolution),-,-
220272,2788727,Missing/Wrong Qty,Unknown,2026-06-25T09:55:45.000,No return record,No matching marketplace_return_request row found in ClickHouse for this order,-,-
220137,2719254,Missing/Wrong Qty,Kolkata,2026-06-25T06:34:06.000,WH Accepted,"Warehouse-team Zoho comment is a genuine admission: ""We have sent short qty to cx Naveen""",Arpan_KOL,Soma_KOL
258625,3772094,Missing/Wrong Qty,Bangalore,2026-09-11T12:42:17.000,BOD,"Warehouse-team Zoho comment is a denial/non-admission: ""We have sent proper medicine to cx""",-,-
258437,3780371,Missing/Wrong Qty,Kolkata,2026-09-10T12:58:41.000,BOD,"Warehouse-team Zoho comment is a denial/non-admission: ""We have sent proper medicine to CX Mahiboob bee""",-,-
258581,3813570,Missing/Wrong Qty,Delhi,2026-09-11T09:53:07.000,BOD,"Warehouse-team Zoho comment is a denial/non-admission: ""We have sent proper medicine to CX""",-,-
258626,3789916,Missing/Wrong Qty,Bangalore,2026-09-11T12:44:13.000,BOD,"Warehouse-team Zoho comment is a denial/non-admission: ""We have sent proper medicine to cx""",-,-
258631,3705636,Missing/Wrong Qty,Bangalore,2026-09-11T13:13:08.000,BOD,"Warehouse-team Zoho comment is a denial/non-admission: ""We have sent proper medicine to cx""",-,-
258633,3820762,Missing/Wrong Qty,Bangalore,2026-09-11T13:14:27.000,BOD,"Warehouse-team Zoho comment is a denial/non-admission: ""We have sent proper medicine to cx""",-,-
258769,3822789,Missing/Wrong Qty,Mumbai,2026-09-12T10:09:58.000,BOD,"Warehouse-team Zoho comment is a denial/non-admission: ""We have sent proper medicine to CX Mahiboob bee""",-,-
258634,3794178,Missing/Wrong Qty,Bangalore,2026-09-11T13:20:42.000,BOD,"Warehouse-team Zoho comment is a denial/non-admission: ""We have sent proper medicine to cx""",-,-
258635,3836378,Missing/Wrong Qty,Delhi,2026-09-11T13:22:39.000,BOD,"Warehouse-team Zoho comment is a denial/non-admission: ""We have sent proper medicine to CX""",-,-
258728,3712514,Missing/Wrong Qty,Mumbai,2026-09-12T07:45:06.000,BOD,"Warehouse-team Zoho comment is a denial/non-admission: ""We have sent proper medicine to CX Mahiboob bee""",-,-
258638,3820746,Missing/Wrong Qty,Kolkata,2026-09-11T13:29:50.000,BOD,"Warehouse-team Zoho comment is a denial/non-admission: ""We have sent proper medicine to CX""",-,-
258714,3803411,Missing/Wrong Qty,Lucknow,2026-09-12T06:49:48.000,BOD,"Warehouse-team Zoho comment is a denial/non-admission: ""We have sent proper medicine to CX""",-,-
258585,3810674,Missing/Wrong Qty,Kolkata,2026-09-11T10:02:09.000,BOD,"Warehouse-team Zoho comment is a denial/non-admission: ""We have sent proper medicine to CX Mahiboob bee""",-,-
257971,3713641,Missing/Wrong Qty,Kolkata,2026-09-08T07:55:15.000,BOD,"Warehouse-team Zoho comment is a denial/non-admission: ""We have sent proper medicine to Cx Mahiboob bee""",-,-
258713,3846060,Missing/Wrong Qty,Mumbai,2026-09-12T06:47:28.000,BOD,"Warehouse-team Zoho comment is a denial/non-admission: ""We have sent proper medicine to CX""",-,-
258353,3747427,Missing/Wrong Qty,Delhi,2026-09-10T07:39:34.000,BOD,"Warehouse-team Zoho comment is a denial/non-admission: ""We have sent proper medicine to Cx Mahiboob bee""",-,-
258352,3791385,Missing/Wrong Qty,Lucknow,2026-09-10T07:36:58.000,BOD,"Warehouse-team Zoho comment is a denial/non-admission: ""We have sent proper medicine to Cx""",-,-
258350,3776449,Missing/Wrong Qty,Mumbai,2026-09-10T07:21:45.000,BOD,"Warehouse-team Zoho comment is a denial/non-admission: ""We have sent proper medicine to Cx""",-,-
258348,3806566,Missing/Wrong Qty,Delhi,2026-09-10T07:19:02.000,BOD,"Warehouse-team Zoho comment is a denial/non-admission: ""We have sent proper medicine to Cx""",-,-
258333,3767865,Missing/Wrong Qty,Kolkata,2026-09-10T06:26:02.000,BOD,"Warehouse-team Zoho comment is a denial/non-admission: ""We have sent proper medicine to Cx""",-,-
258330,3776579,Missing/Wrong Qty,Kolkata,2026-09-10T06:12:16.000,WH Accepted,"Warehouse-team Zoho comment is a genuine admission: ""We have sent short qty to Cx""",Suman_bagani_KOL / Srayosree_KOL,Sangita_KOL
258327,3802948,Missing/Wrong Qty,Mumbai,2026-09-10T06:06:18.000,BOD,"Warehouse-team Zoho comment is a denial/non-admission: ""We have sent proper medicine to Cx""",-,-
258324,3696862,Missing/Wrong Qty,Delhi,2026-09-10T06:01:58.000,BOD,"Warehouse-team Zoho comment is a denial/non-admission: ""We have sent proper medicine to Cx""",-,-
258245,3772865,Missing/Wrong Qty,Delhi,2026-09-09T13:07:47.000,BOD,"Warehouse-team Zoho comment is a denial/non-admission: ""We have sent proper medicine to Cx""",-,-
257358,3684695,Missing/Wrong Qty,Bangalore,2026-09-05T08:40:10.000,Considered BOD,"Warehouse-team Zoho comment matched no known admission/denial pattern - needs manual review: ""Return request is approved from from warehouse"" - treated as BOD by default (unconfirmed resolution)",-,-
258309,3746625,Missing/Wrong Qty,Mumbai,2026-09-10T05:13:55.000,BOD,"Warehouse-team Zoho comment is a denial/non-admission: ""We have sent proper medicine to Cx""",-,-
258375,3787327,Missing/Wrong Qty,Bangalore,2026-09-10T08:52:30.000,WH Accepted,"Warehouse-team Zoho comment is a genuine admission: ""We have sent short qty to Cx Mahiboob bee""",Supritha / Nahila_BLRW,Raksha_BLRWH
258594,3776225,Missing/Wrong Qty,Lucknow,2026-09-11T10:27:53.000,BOD,"Warehouse-team Zoho comment is a denial/non-admission: ""We have sent proper medicine to CX""",-,-
258507,3745933,Missing/Wrong Qty,Kolkata,2026-09-11T05:18:35.000,BOD,"Warehouse-team Zoho comment is a denial/non-admission: ""We h have sent proper medicine to CX""",-,-
258504,3822188,Missing/Wrong Qty,Bangalore,2026-09-11T05:16:09.000,BOD,"Warehouse-team Zoho comment is a denial/non-admission: ""We have sent proper medicine to CX""",-,-
257588,3723181,Missing/Wrong Qty,Delhi,2026-09-06T09:57:54.000,BOD,"Warehouse-team Zoho comment is a denial/non-admission: ""We have sent proper medicine to Cx""",-,-
258621,3705197,Missing/Wrong Qty,Bangalore,2026-09-11T12:28:10.000,WH Accepted,"Warehouse-team Zoho comment is a genuine admission: ""We have. Sent short qty to cx Naveen""",Aravind_BLRWH,Shabana_BLRWH
258010,3787327,Missing/Wrong Qty,Bangalore,2026-09-08T10:19:48.000,WH Accepted,"Warehouse-team Zoho comment is a genuine admission: ""We have sent short qty to Cx Mahiboob bee""",Supritha / Nahila_BLRW,Raksha_BLRWH
258523,3810065,Missing/Wrong Qty,Bangalore,2026-09-11T05:59:43.000,BOD,"Warehouse-team Zoho comment is a denial/non-admission: ""We have sent proper medicine to CX""",-,-
258525,3758601,Missing/Wrong Qty,Delhi,2026-09-11T06:09:50.000,BOD,"Warehouse-team Zoho comment is a denial/non-admission: ""We have sent proper medicine to CX""",-,-
258442,3807819,Missing/Wrong Qty,Patna WH,2026-09-10T13:05:19.000,BOD,"Warehouse-team Zoho comment is a denial/non-admission: ""We have sent proper medicine to CX""",-,-
258527,3758430,Missing/Wrong Qty,Mumbai,2026-09-11T06:16:44.000,BOD,"Warehouse-team Zoho comment is a denial/non-admission: ""We have sent proper medicine to CX""",-,-
258232,3772032,Missing/Wrong Qty,Bangalore,2026-09-09T12:28:45.000,BOD,"Warehouse-team Zoho comment is a denial/non-admission: ""We have sent proper medicine to Cx""",-,-
258545,3779945,Missing/Wrong Qty,Lucknow,2026-09-11T07:03:03.000,BOD,"Warehouse-team Zoho comment is a denial/non-admission: ""We have sent proper medicine to CX""",-,-
257033,3665224,Missing/Wrong Qty,Patna WH,2026-09-03T12:49:37.000,Considered BOD,No Warehouse-team Zoho comment on this ticket - treated as BOD by default (unconfirmed resolution),-,-
253574,3424414,Missing/Wrong Qty,Delhi,2026-08-18T10:01:10.000,BOD,"Warehouse-team Zoho comment is a denial/non-admission: ""We have sent proper medicine to Cx""",-,-
257543,3712149,Missing/Wrong Qty,Delhi,2026-09-06T07:11:35.000,BOD,"Warehouse-team Zoho comment is a denial/non-admission: ""We have sent proper medicine to Cx""",-,-
257638,3705216,Missing/Wrong Qty,Hyderabad WH,2026-09-06T12:59:40.000,Considered BOD,No Warehouse-team Zoho comment on this ticket - treated as BOD by default (unconfirmed resolution),-,-
257520,3680003,Missing/Wrong Qty,Unknown,2026-09-06T06:07:57.000,No return record,No matching marketplace_return_request row found in ClickHouse for this order,-,-
258441,3804526,Missing/Wrong Qty,Delhi,2026-09-10T13:04:40.000,BOD,"Warehouse-team Zoho comment is a denial/non-admission: ""We have sent proper medicine to CX""",-,-
257630,3748292,Missing/Wrong Qty,Mumbai,2026-09-06T12:49:01.000,BOD,"Warehouse-team Zoho comment is a denial/non-admission: ""We have sent proper medicine to Cx""",-,-
256450,3658552,Missing/Wrong Qty,Unknown,2026-09-01T04:44:31.000,No return record,No matching marketplace_return_request row found in ClickHouse for this order,-,-
258429,3716673,Missing/Wrong Qty,Delhi,2026-09-10T12:32:19.000,BOD,"Warehouse-team Zoho comment is a denial/non-admission: ""We have sent proper medicine to CX""",-,-
258336,3767115,Missing/Wrong Qty,Delhi,2026-09-10T06:45:01.000,BOD,"Warehouse-team Zoho comment is a denial/non-admission: ""We have sent proper medicine to Cx Mahiboob bee""",-,-
256987,3700598,Missing/Wrong Qty,Delhi,2026-09-03T09:10:28.000,Considered BOD,No Warehouse-team Zoho comment on this ticket - treated as BOD by default (unconfirmed resolution),-,-
256638,3700638,Missing/Wrong Qty,Kolkata,2026-09-01T15:42:14.000,Considered BOD,Not yet checked against a Warehouse-team Zoho comment - treated as BOD by default (unconfirmed resolution),-,-
258066,3745096,Missing/Wrong Qty,Delhi,2026-09-08T13:29:32.000,BOD,"Warehouse-team Zoho comment is a denial/non-admission: ""We have sent proper medicine to Cx""",-,-
258135,3681433,Missing/Wrong Qty,Kolkata,2026-09-09T05:57:49.000,BOD,"Warehouse-team Zoho comment is a denial/non-admission: ""We have sent proper medicine to Cx""",-,-
258148,3780688,Missing/Wrong Qty,Lucknow,2026-09-09T06:19:27.000,BOD,"Warehouse-team Zoho comment is a denial/non-admission: ""We have sent proper medicine to Cx""",-,-
258050,3727670,Missing/Wrong Qty,Lucknow,2026-09-08T12:49:20.000,BOD,"Warehouse-team Zoho comment is a denial/non-admission: ""We have sent proper medicine to Cx""",-,-
257842,3755039,Missing/Wrong Qty,Patna WH,2026-09-07T13:04:24.000,BOD,"Warehouse-team Zoho comment is a denial/non-admission: ""We have sent proper medicine to Cx""",-,-
257693,3728398,Missing/Wrong Qty,Kolkata,2026-09-07T04:48:25.000,BOD,"Warehouse-team Zoho comment is a denial/non-admission: ""We have sent proper medicine to Cx""",-,-
257581,3687221,Missing/Wrong Qty,Kolkata,2026-09-06T09:44:35.000,BOD,"Warehouse-team Zoho comment is a denial/non-admission: ""We have sent proper medicine to Cx""",-,-
257596,3721390,Missing/Wrong Qty,Bangalore,2026-09-06T10:07:28.000,BOD,"Warehouse-team Zoho comment is a denial/non-admission: ""We have sent proper medicine to Cx""",-,-
257609,3720210,Missing/Wrong Qty,Kolkata,2026-09-06T11:13:46.000,BOD,"Warehouse-team Zoho comment is a denial/non-admission: ""We have sent proper medicine to Cx""",-,-
257649,3722287,Missing/Wrong Qty,Unknown,2026-09-06T13:28:52.000,No return record,No matching marketplace_return_request row found in ClickHouse for this order,-,-
257695,3714676,Missing/Wrong Qty,Delhi,2026-09-07T04:52:43.000,BOD,"Warehouse-team Zoho comment is a denial/non-admission: ""We have sent proper medicine to Cx""",-,-
255844,3648285,Missing/Wrong Qty,Unknown,2026-08-29T12:14:25.000,No return record,No matching marketplace_return_request row found in ClickHouse for this order,-,-
257956,3747722,Missing/Wrong Qty,Bangalore,2026-09-08T07:04:30.000,BOD,"Warehouse-team Zoho comment is a denial/non-admission: ""We have sent proper medicine to Cx""",-,-
257938,3769461,Missing/Wrong Qty,Kolkata,2026-09-08T06:17:48.000,BOD,"Warehouse-team Zoho comment is a denial/non-admission: ""We have sent proper medicine to Cx""",-,-
257919,3690997,Missing/Wrong Qty,Bangalore,2026-09-08T05:10:03.000,BOD,"Warehouse-team Zoho comment is a denial/non-admission: ""We have sent proper medicine to Cx""",-,-
257587,3726013,Missing/Wrong Qty,Bangalore,2026-09-06T09:56:18.000,BOD,"Warehouse-team Zoho comment is a denial/non-admission: ""We have sent proper medicine to Cx""",-,-
257639,3686482,Missing/Wrong Qty,Kolkata,2026-09-06T13:00:31.000,BOD,"Warehouse-team Zoho comment is a denial/non-admission: ""We have sent proper medicine to Cx""",-,-
257641,3736539,Missing/Wrong Qty,Kolkata,2026-09-06T13:06:02.000,BOD,"Warehouse-team Zoho comment is a denial/non-admission: ""We have sent proper medicine to Cx""",-,-
255149,3554613,Missing/Wrong Qty,Bangalore,2026-08-26T08:14:36.000,Considered BOD,Not yet checked against a Warehouse-team Zoho comment - treated as BOD by default (unconfirmed resolution),-,-
257607,3655081,Missing/Wrong Qty,Delhi,2026-09-06T11:02:30.000,BOD,"Warehouse-team Zoho comment is a denial/non-admission: ""We have sent proper medicine to Cx""",-,-
257578,3715883,Missing/Wrong Qty,Hyderabad WH,2026-09-06T09:38:04.000,BOD,"Warehouse-team Zoho comment is a denial/non-admission: ""We have sent proper medicine to Cx""",-,-
257631,3699419,Missing/Wrong Qty,Lucknow,2026-09-06T12:51:33.000,BOD,"Warehouse-team Zoho comment is a denial/non-admission: ""We have sent proper medicine to Cx""",-,-
258338,3802105,Missing/Wrong Qty,Bangalore,2026-09-10T06:49:37.000,Considered BOD,No Warehouse-team Zoho comment on this ticket - treated as BOD by default (unconfirmed resolution),-,-
258040,3777523,Missing/Wrong Qty,Mumbai,2026-09-08T12:05:40.000,BOD,"Warehouse-team Zoho comment is a denial/non-admission: ""We have sent proper medicine to Cx""",-,-
258053,3789083,Missing/Wrong Qty,Delhi,2026-09-08T12:57:38.000,BOD,"Warehouse-team Zoho comment is a denial/non-admission: ""We have sent proper medicine to Cx""",-,-
258055,3715804,Missing/Wrong Qty,Delhi,2026-09-08T13:00:22.000,BOD,"Warehouse-team Zoho comment is a denial/non-admission: ""We have sent proper medicine to Cx""",-,-
258061,3769048,Missing/Wrong Qty,Delhi,2026-09-08T13:21:52.000,BOD,"Warehouse-team Zoho comment is a denial/non-admission: ""We have sent proper medicine to Cx""",-,-
257950,3755282,Missing/Wrong Qty,Mumbai,2026-09-08T06:44:17.000,BOD,"Warehouse-team Zoho comment is a denial/non-admission: ""We have sent proper medicine to Cx""",-,-
257951,3765539,Missing/Wrong Qty,Delhi,2026-09-08T06:47:01.000,BOD,"Warehouse-team Zoho comment is a denial/non-admission: ""We have sent proper medicine to Cx""",-,-
258142,3772605,Missing/Wrong Qty,Mumbai,2026-09-09T06:09:21.000,BOD,"Warehouse-team Zoho comment is a denial/non-admission: ""We have sent proper medicine to Cx""",-,-
258068,3790222,Missing/Wrong Qty,Delhi,2026-09-08T13:35:35.000,BOD,"Warehouse-team Zoho comment is a denial/non-admission: ""We have sent proper medicine to Cx""",-,-
257055,3609304,Missing/Wrong Qty,Delhi,2026-09-03T13:50:59.000,Considered BOD,No Warehouse-team Zoho comment on this ticket - treated as BOD by default (unconfirmed resolution),-,-
257977,3769663,Missing/Wrong Qty,Bangalore,2026-09-08T08:26:52.000,BOD,"Warehouse-team Zoho comment is a denial/non-admission: ""We have sent proper medicine to Cx""",-,-
257957,3725462,Missing/Wrong Qty,Kolkata,2026-09-08T07:06:46.000,BOD,"Warehouse-team Zoho comment is a denial/non-admission: ""We have sent proper medicine to Cx""",-,-
257953,3770123,Missing/Wrong Qty,Delhi,2026-09-08T06:58:19.000,BOD,"Warehouse-team Zoho comment is a denial/non-admission: ""We have sent proper medicine to Cx""",-,-
257922,3717044,Missing/Wrong Qty,Delhi,2026-09-08T05:25:55.000,BOD,"Warehouse-team Zoho comment is a denial/non-admission: ""We have sent proper medicine to Cx""",-,-
257921,3697134,Missing/Wrong Qty,Delhi,2026-09-08T05:25:06.000,BOD,"Warehouse-team Zoho comment is a denial/non-admission: ""We have sent proper medicine to Cx""",-,-
257947,3744300,Missing/Wrong Qty,Lucknow,2026-09-08T06:38:37.000,BOD,"Warehouse-team Zoho comment is a denial/non-admission: ""We have sent proper medicine to Cx""",-,-
257838,3674472,Missing/Wrong Qty,Lucknow,2026-09-07T12:49:01.000,BOD,"Warehouse-team Zoho comment is a denial/non-admission: ""We have sent proper medicine to Cx""",-,-
257825,3718266,Missing/Wrong Qty,Delhi,2026-09-07T12:22:22.000,BOD,"Warehouse-team Zoho comment is a denial/non-admission: ""We have sent proper medicine to Cx""",-,-
257116,3579970,Missing/Wrong Qty,Mumbai,2026-09-04T05:17:27.000,BOD,"Warehouse-team Zoho comment is a denial/non-admission: ""We have sent proper medicine to Cx""",-,-
256808,3697963,Missing/Wrong Qty,Delhi,2026-09-02T12:28:53.000,BOD,"Warehouse-team Zoho comment is a denial/non-admission: ""We have sent proper medicine to Cx""",-,-
257584,3712451,Missing/Wrong Qty,Bangalore,2026-09-06T09:49:10.000,Considered BOD,"Warehouse-team Zoho comment matched no known admission/denial pattern - needs manual review: ""Free item is not mentioned on the raper"" - treated as BOD by default (unconfirmed resolution)",-,-
257482,3734372,Missing/Wrong Qty,Delhi,2026-09-06T03:24:04.000,BOD,"Warehouse-team Zoho comment is a denial/non-admission: ""We have sent proper medicine to Cx""",-,-
257998,3691062,Missing/Wrong Qty,Unknown,2026-09-08T09:33:15.000,No return record,No matching marketplace_return_request row found in ClickHouse for this order,-,-
256685,3649688,Missing/Wrong Qty,Bangalore,2026-09-02T05:17:46.000,BOD,"Warehouse-team Zoho comment is a denial/non-admission: ""We have sent proper medicine to Cx""",-,-
257848,3690997,Missing/Wrong Qty,Bangalore,2026-09-07T13:23:53.000,BOD,"Warehouse-team Zoho comment is a denial/non-admission: ""We have sent proper medicine to Cx""",-,-
257819,3726899,Missing/Wrong Qty,Bangalore,2026-09-07T12:09:20.000,WH Accepted,"Warehouse-team Zoho comment is a genuine admission: ""We have sent short qty to Cx Mahiboob bee""",ChandraKanth,Shabana_BLRWH
257823,3722632,Missing/Wrong Qty,Delhi,2026-09-07T12:17:09.000,BOD,"Warehouse-team Zoho comment is a denial/non-admission: ""We have sent proper medicine to Cx""",-,-
257818,3716535,Missing/Wrong Qty,Mumbai,2026-09-07T12:08:30.000,BOD,"Warehouse-team Zoho comment is a denial/non-admission: ""We have sent proper medicine to Cx""",-,-
257813,3738322,Missing/Wrong Qty,Lucknow,2026-09-07T12:00:12.000,BOD,"Warehouse-team Zoho comment is a denial/non-admission: ""We have sent proper medicine to Cx""",-,-
258104,3758627,Missing/Wrong Qty,Bangalore,2026-09-09T03:31:00.000,Considered BOD,No Warehouse-team Zoho comment on this ticket - treated as BOD by default (unconfirmed resolution),-,-
257790,3675782,Missing/Wrong Qty,Bangalore,2026-09-07T10:29:30.000,BOD,"Warehouse-team Zoho comment is a denial/non-admission: ""We have sent proper medicine to Cx""",-,-
257780,3711810,Missing/Wrong Qty,Bangalore,2026-09-07T09:50:58.000,BOD,"Warehouse-team Zoho comment is a denial/non-admission: ""We have sent proper medicine to Cx""",-,-
257776,3627161,Missing/Wrong Qty,Kolkata,2026-09-07T09:40:36.000,Considered BOD,"Warehouse-team Zoho comment matched no known admission/denial pattern - needs manual review: ""Footage not found because it is under maintenance"" - treated as BOD by default (unconfirmed resolution)",-,-
257772,3711776,Missing/Wrong Qty,Mumbai,2026-09-07T09:28:13.000,BOD,"Warehouse-team Zoho comment is a denial/non-admission: ""We have sent proper medicine to Cx""",-,-
257013,3681433,Missing/Wrong Qty,Kolkata,2026-09-03T11:07:32.000,Considered BOD,No Warehouse-team Zoho comment on this ticket - treated as BOD by default (unconfirmed resolution),-,-
257363,3690780,Missing/Wrong Qty,Unknown,2026-09-05T09:11:48.000,No return record,No matching marketplace_return_request row found in ClickHouse for this order,-,-
257991,3729320,Missing/Wrong Qty,Bangalore,2026-09-08T09:00:43.000,BOD,"Warehouse-team Zoho comment is a denial/non-admission: ""We have sent proper medicine to Cx""",-,-
257983,3756281,Missing/Wrong Qty,Delhi,2026-09-08T08:37:49.000,BOD,"Warehouse-team Zoho comment is a denial/non-admission: ""We have sent proper medicine to Cx""",-,-
257982,3645256,Missing/Wrong Qty,Kolkata,2026-09-08T08:37:48.000,Considered BOD,"Warehouse-team Zoho comment matched no known admission/denial pattern - needs manual review: ""Footage not found because it is under maintenance"" - treated as BOD by default (unconfirmed resolution)",-,-
257490,3718425,Missing/Wrong Qty,Mumbai,2026-09-06T03:50:39.000,WH Accepted,"Warehouse-team Zoho comment is a genuine admission: ""We have sent short qty to Cx""",GaneshK_MUM,NishaS_Mum
257980,3732279,Missing/Wrong Qty,Bangalore,2026-09-08T08:32:31.000,BOD,"Warehouse-team Zoho comment is a denial/non-admission: ""We have sent proper medicine to Cx""",-,-
257472,3683680,Missing/Wrong Qty,Mumbai,2026-09-06T02:51:46.000,BOD,"Warehouse-team Zoho comment is a denial/non-admission: ""We have sent proper medicine to Cx Mahiboob bee""",-,-
257498,3737837,Missing/Wrong Qty,Kolkata,2026-09-06T04:38:44.000,BOD,"Warehouse-team Zoho comment is a denial/non-admission: ""We have sent proper medicine to Cx""",-,-
257924,3771683,Missing/Wrong Qty,Delhi,2026-09-08T05:31:39.000,BOD,"Warehouse-team Zoho comment is a denial/non-admission: ""We have sent proper medicine to Cx""",-,-
257771,3752292,Missing/Wrong Qty,Kolkata,2026-09-07T09:27:13.000,BOD,"Warehouse-team Zoho comment is a denial/non-admission: ""We have sent proper medicine to Cx""",-,-
257774,3758771,Missing/Wrong Qty,Kolkata,2026-09-07T09:29:38.000,BOD,"Warehouse-team Zoho comment is a denial/non-admission: ""We have sent proper medicine to Cx""",-,-
257970,3752292,Missing/Wrong Qty,Kolkata,2026-09-08T07:52:10.000,BOD,"Warehouse-team Zoho comment is a denial/non-admission: ""We have sent proper medicine to Cx""",-,-
257937,3634601,Missing/Wrong Qty,Kolkata,2026-09-08T06:13:49.000,Considered BOD,"Warehouse-team Zoho comment matched no known admission/denial pattern - needs manual review: ""Footage not found because it is under maintenance"" - treated as BOD by default (unconfirmed resolution)",-,-
257948,3756670,Missing/Wrong Qty,Kolkata,2026-09-08T06:40:21.000,BOD,"Warehouse-team Zoho comment is a denial/non-admission: ""We have sent proper medicine to Cx""",-,-
257966,3724914,Missing/Wrong Qty,Mumbai,2026-09-08T07:37:30.000,BOD,"Warehouse-team Zoho comment is a denial/non-admission: ""We have sent proper medicine to Cx""",-,-
257954,3725275,Missing/Wrong Qty,Kolkata,2026-09-08T07:01:45.000,BOD,"Warehouse-team Zoho comment is a denial/non-admission: ""We have sent proper medicine to Cx Mahiboob bee""",-,-
257963,3707523,Missing/Wrong Qty,Delhi,2026-09-08T07:29:14.000,BOD,"Warehouse-team Zoho comment is a denial/non-admission: ""We have sent proper medicine to Cx Mahiboob bee""",-,-
255842,3545493,Missing/Wrong Qty,Unknown,2026-08-29T12:10:37.000,No return record,No matching marketplace_return_request row found in ClickHouse for this order,-,-
257821,3764734,Missing/Wrong Qty,Delhi,2026-09-07T12:13:41.000,BOD,"Warehouse-team Zoho comment is a denial/non-admission: ""We have sent proper medicine to Cx Mahiboob bee""",-,-
257533,3706804,Missing/Wrong Qty,Delhi,2026-09-06T06:41:05.000,BOD,"Warehouse-team Zoho comment is a denial/non-admission: ""We have sent proper medicine to Cx""",-,-
257530,3665873,Missing/Wrong Qty,Lucknow,2026-09-06T06:28:49.000,BOD,"Warehouse-team Zoho comment is a denial/non-admission: ""We have sent proper medicine to Cx""",-,-
254732,3548439,Missing/Wrong Qty,Bangalore,2026-08-24T07:41:57.000,WH Accepted,"Warehouse-team Zoho comment is a genuine admission: ""We have sent short qty to Cx Mahiboob bee""",Shivaraj_BLRWH,ChandraKanth
256504,2872251,Missing/Wrong Qty,Bangalore,2026-09-01T07:44:35.000,Considered BOD,Not yet checked against a Warehouse-team Zoho comment - treated as BOD by default (unconfirmed resolution),-,-
256549,3653347,Missing/Wrong Qty,Unknown,2026-09-01T10:06:52.000,No return record,No matching marketplace_return_request row found in ClickHouse for this order,-,-
256523,3546926,Missing/Wrong Qty,Delhi,2026-09-01T08:33:17.000,BOD,"Warehouse-team Zoho comment is a denial/non-admission: ""We have sent proper medicine to Cx Mahiboob bee""",-,-
257142,3695127,Missing/Wrong Qty,Patna WH,2026-09-04T06:40:21.000,Considered BOD,No Warehouse-team Zoho comment on this ticket - treated as BOD by default (unconfirmed resolution),-,-
257589,3730741,Missing/Wrong Qty,Mumbai,2026-09-06T09:58:33.000,BOD,"Warehouse-team Zoho comment is a denial/non-admission: ""We have sent proper medicine to Cx""",-,-
255133,3515032,Missing/Wrong Qty,Mumbai,2026-08-26T07:20:51.000,BOD,"Warehouse-team Zoho comment is a denial/non-admission: ""We have sent proper medicine to Cx""",-,-
256793,3702208,Missing/Wrong Qty,Delhi,2026-09-02T11:52:55.000,BOD,"Warehouse-team Zoho comment is a denial/non-admission: ""We have sent proper medicine to Cx""",-,-
255237,3577195,Missing/Wrong Qty,Kolkata,2026-08-26T13:21:30.000,BOD,"Warehouse-team Zoho comment is a denial/non-admission: ""We have sent proper medicine to Cx""",-,-
255949,3594104,Missing/Wrong Qty,Mumbai,2026-08-30T05:44:12.000,Considered BOD,Not yet checked against a Warehouse-team Zoho comment - treated as BOD by default (unconfirmed resolution),-,-
257035,3626579,Missing/Wrong Qty,Lucknow,2026-09-03T12:51:16.000,BOD,"Warehouse-team Zoho comment is a denial/non-admission: ""We have sent proper medicine to Cx""",-,-
254947,3571063,Missing/Wrong Qty,Kolkata,2026-08-25T07:06:02.000,BOD,"Warehouse-team Zoho comment is a denial/non-admission: ""We have sent proper medicine to Cx""",-,-
256326,3621883,Missing/Wrong Qty,Unknown,2026-08-31T10:31:37.000,No return record,No matching marketplace_return_request row found in ClickHouse for this order,-,-
255147,3461594,Missing/Wrong Qty,Kolkata,2026-08-26T08:13:04.000,BOD,"Warehouse-team Zoho comment is a denial/non-admission: ""We have sent proper medicine to Cx Mahiboob bee""",-,-
257405,3696439,Missing/Wrong Qty,Unknown,2026-09-05T12:05:08.000,No return record,No matching marketplace_return_request row found in ClickHouse for this order,-,-
256783,3658594,Missing/Wrong Qty,Bangalore,2026-09-02T11:09:45.000,BOD,"Warehouse-team Zoho comment is a denial/non-admission: ""We have sent proper medicine to Cx""",-,-
256975,3645256,Missing/Wrong Qty,Kolkata,2026-09-03T08:24:00.000,Considered BOD,"Warehouse-team Zoho comment matched no known admission/denial pattern - needs manual review: ""None"" - treated as BOD by default (unconfirmed resolution)",-,-
256995,3702294,Missing/Wrong Qty,Delhi,2026-09-03T09:51:59.000,BOD,"Warehouse-team Zoho comment is a denial/non-admission: ""We have sent proper medicine to Cx""",-,-
257011,3718578,Missing/Wrong Qty,Delhi,2026-09-03T10:44:33.000,BOD,"Warehouse-team Zoho comment is a denial/non-admission: ""We have sent proper medicine to Cx""",-,-
257158,3696565,Missing/Wrong Qty,Mumbai,2026-09-04T07:37:36.000,BOD,"Warehouse-team Zoho comment is a denial/non-admission: ""We have sent proper medicine to Cx""",-,-
257300,3701845,Missing/Wrong Qty,Lucknow,2026-09-05T04:53:43.000,WH Accepted,"Warehouse-team Zoho comment is a genuine admission: ""We have sent short qty to Cx Mahiboob bee""",Prince_LKO,Shafeeque_lko
257223,3719837,Missing/Wrong Qty,Bangalore,2026-09-04T13:29:00.000,Considered BOD,No Warehouse-team Zoho comment on this ticket - treated as BOD by default (unconfirmed resolution),-,-
255217,3532151,Missing/Wrong Qty,Delhi,2026-08-26T12:14:09.000,BOD,"Warehouse-team Zoho comment is a denial/non-admission: ""We have sent proper medicine to Cx""",-,-
256933,3693933,Missing/Wrong Qty,Mumbai,2026-09-03T06:03:17.000,Considered BOD,Not yet checked against a Warehouse-team Zoho comment - treated as BOD by default (unconfirmed resolution),-,-
256837,3641753,Missing/Wrong Qty,Bangalore,2026-09-02T13:54:08.000,WH Accepted,"Warehouse-team Zoho comment is a genuine admission: ""We have sent only 3 qty short oxemia to cx Kindly check the footage ( We also have footage proof )""",Fathima_BLRW,Raksha_BLRWH
256797,3641753,Missing/Wrong Qty,Bangalore,2026-09-02T12:00:59.000,WH Accepted,"Warehouse-team Zoho comment is a genuine admission: ""We have sent short qty to Cx Mahiboob bee""",Fathima_BLRW,Raksha_BLRWH
256825,3648356,Missing/Wrong Qty,Bangalore,2026-09-02T13:12:03.000,Considered BOD,Not yet checked against a Warehouse-team Zoho comment - treated as BOD by default (unconfirmed resolution),-,-
256934,3697989,Missing/Wrong Qty,Mumbai,2026-09-03T06:06:46.000,Considered BOD,Not yet checked against a Warehouse-team Zoho comment - treated as BOD by default (unconfirmed resolution),-,-
256863,3678071,Missing/Wrong Qty,Lucknow,2026-09-02T16:57:27.000,BOD,"Warehouse-team Zoho comment is a denial/non-admission: ""We have sent proper medicine to Cx""",-,-
256991,3665901,Missing/Wrong Qty,Mumbai,2026-09-03T09:31:59.000,Considered BOD,No Warehouse-team Zoho comment on this ticket - treated as BOD by default (unconfirmed resolution),-,-
257161,3718801,Missing/Wrong Qty,Bangalore,2026-09-04T07:59:29.000,WH Accepted,"Warehouse-team Zoho comment is a genuine admission: ""We have sent only 1qty short qty to Cx""",Shrusti_BLRWH,Raksha_BLRWH
255198,3555782,Missing/Wrong Qty,Delhi,2026-08-26T11:14:23.000,BOD,"Warehouse-team Zoho comment is a denial/non-admission: ""We have sent proper medicine to Cx""",-,-
254499,3469196,Missing/Wrong Qty,Mumbai,2026-08-23T04:46:33.000,Considered BOD,Not yet checked against a Warehouse-team Zoho comment - treated as BOD by default (unconfirmed resolution),-,-
255387,3577260,Missing/Wrong Qty,Delhi,2026-08-27T10:11:56.000,Considered BOD,No Warehouse-team Zoho comment on this ticket - treated as BOD by default (unconfirmed resolution),-,-
255144,3549749,Missing/Wrong Qty,Mumbai,2026-08-26T08:04:43.000,BOD,"Warehouse-team Zoho comment is a denial/non-admission: ""We have sent proper medicine to Cx""",-,-
256935,3700053,Missing/Wrong Qty,Delhi,2026-09-03T06:07:46.000,Considered BOD,Not yet checked against a Warehouse-team Zoho comment - treated as BOD by default (unconfirmed resolution),-,-
256996,3675807,Missing/Wrong Qty,Mumbai,2026-09-03T09:56:48.000,BOD,"Warehouse-team Zoho comment is a denial/non-admission: ""We have sent proper medicine to Cx""",-,-
257002,3685071,Missing/Wrong Qty,Kolkata,2026-09-03T10:11:10.000,BOD,"Warehouse-team Zoho comment is a denial/non-admission: ""We have sent proper medicine to Cx""",-,-
256994,3681353,Missing/Wrong Qty,Bangalore,2026-09-03T09:41:09.000,BOD,"Warehouse-team Zoho comment is a denial/non-admission: ""We have sent proper medicine to Cx""",-,-
257105,3671927,Missing/Wrong Qty,Bangalore,2026-09-04T04:51:44.000,BOD,"Warehouse-team Zoho comment is a denial/non-admission: ""We have sent proper medicine to Cx""",-,-
256813,3665628,Missing/Wrong Qty,Delhi,2026-09-02T12:38:16.000,Considered BOD,Not yet checked against a Warehouse-team Zoho comment - treated as BOD by default (unconfirmed resolution),-,-
256625,3562658,Missing/Wrong Qty,Unknown,2026-09-01T13:53:52.000,No return record,No matching marketplace_return_request row found in ClickHouse for this order,-,-
257018,3658334,Missing/Wrong Qty,Bangalore,2026-09-03T11:37:53.000,BOD,"Warehouse-team Zoho comment is a denial/non-admission: ""We have sent proper medicine to Cx""",-,-
257036,3651671,Missing/Wrong Qty,Kolkata,2026-09-03T12:52:48.000,Considered BOD,"Warehouse-team Zoho comment matched no known admission/denial pattern - needs manual review: ""Footage not found because it is under maintenance"" - treated as BOD by default (unconfirmed resolution)",-,-
257037,3716667,Missing/Wrong Qty,Delhi,2026-09-03T12:56:29.000,BOD,"Warehouse-team Zoho comment is a denial/non-admission: ""We have sent proper medicine to Cx""",-,-
257048,3657925,Missing/Wrong Qty,Bangalore,2026-09-03T13:26:47.000,WH Accepted,"Warehouse-team Zoho comment is a genuine admission: ""We have sent short qty to Cx Mahiboob bee""",Aravind_BLRWH,Sumathi_BLR
256805,3691592,Missing/Wrong Qty,Delhi,2026-09-02T12:25:58.000,Considered BOD,Not yet checked against a Warehouse-team Zoho comment - treated as BOD by default (unconfirmed resolution),-,-
256829,3657227,Missing/Wrong Qty,Bangalore,2026-09-02T13:26:55.000,Considered BOD,Not yet checked against a Warehouse-team Zoho comment - treated as BOD by default (unconfirmed resolution),-,-
255496,3565633,Missing/Wrong Qty,Delhi,2026-08-28T05:57:59.000,BOD,"Warehouse-team Zoho comment is a denial/non-admission: ""We have sent proper medicine to Cx Mahiboob bee""",-,-
256476,3647241,Missing/Wrong Qty,Bangalore,2026-09-01T05:50:37.000,Considered BOD,Not yet checked against a Warehouse-team Zoho comment - treated as BOD by default (unconfirmed resolution),-,-
256452,3688745,Missing/Wrong Qty,Bangalore,2026-09-01T04:49:45.000,Considered BOD,No Warehouse-team Zoho comment on this ticket - treated as BOD by default (unconfirmed resolution),-,-
255477,3428472,Missing/Wrong Qty,Lucknow,2026-08-28T05:08:53.000,Considered BOD,Not yet checked against a Warehouse-team Zoho comment - treated as BOD by default (unconfirmed resolution),-,-
257104,3648839,Missing/Wrong Qty,Lucknow,2026-09-04T04:46:53.000,BOD,"Warehouse-team Zoho comment is a denial/non-admission: ""We have sent proper medicine to Cx""",-,-
256700,3544280,Missing/Wrong Qty,Delhi,2026-09-02T05:45:19.000,Considered BOD,Not yet checked against a Warehouse-team Zoho comment - treated as BOD by default (unconfirmed resolution),-,-
256950,3665901,Missing/Wrong Qty,Mumbai,2026-09-03T06:53:31.000,Considered BOD,Not yet checked against a Warehouse-team Zoho comment - treated as BOD by default (unconfirmed resolution),-,-
257005,3695754,Missing/Wrong Qty,Lucknow,2026-09-03T10:19:46.000,BOD,"Warehouse-team Zoho comment is a denial/non-admission: ""We have sent proper medicine to Cx to""",-,-
255417,3593434,Missing/Wrong Qty,Delhi,2026-08-27T12:27:27.000,Considered BOD,Not yet checked against a Warehouse-team Zoho comment - treated as BOD by default (unconfirmed resolution),-,-
255134,3582346,Missing/Wrong Qty,Delhi,2026-08-26T07:26:31.000,Considered BOD,Not yet checked against a Warehouse-team Zoho comment - treated as BOD by default (unconfirmed resolution),-,-
254994,3523752,Missing/Wrong Qty,Mumbai,2026-08-25T09:29:14.000,BOD,"Warehouse-team Zoho comment is a denial/non-admission: ""We have sent proper medicine to Cx""",-,-
254917,3541476,Missing/Wrong Qty,Delhi,2026-08-25T05:14:56.000,Considered BOD,Not yet checked against a Warehouse-team Zoho comment - treated as BOD by default (unconfirmed resolution),-,-
254502,3533232,Missing/Wrong Qty,DocPharma,2026-08-23T05:08:19.000,Considered BOD,No Warehouse-team Zoho comment on this ticket - treated as BOD by default (unconfirmed resolution),-,-
255111,3528089,Missing/Wrong Qty,Bangalore,2026-08-26T05:56:22.000,Considered BOD,Not yet checked against a Warehouse-team Zoho comment - treated as BOD by default (unconfirmed resolution),-,-
255991,3573332,Missing/Wrong Qty,Delhi,2026-08-30T07:11:38.000,BOD,"Warehouse-team Zoho comment is a denial/non-admission: ""We have sent proper medicine to Cx""",-,-
255168,3460699,Missing/Wrong Qty,Bangalore,2026-08-26T09:25:11.000,Considered BOD,Not yet checked against a Warehouse-team Zoho comment - treated as BOD by default (unconfirmed resolution),-,-
255230,3600070,Missing/Wrong Qty,Bangalore,2026-08-26T13:03:01.000,Considered BOD,Not yet checked against a Warehouse-team Zoho comment - treated as BOD by default (unconfirmed resolution),-,-
255392,3535394,Missing/Wrong Qty,Bangalore,2026-08-27T10:20:11.000,Considered BOD,No Warehouse-team Zoho comment on this ticket - treated as BOD by default (unconfirmed resolution),-,-
255231,3582343,Missing/Wrong Qty,Patna WH,2026-08-26T13:04:05.000,Considered BOD,No Warehouse-team Zoho comment on this ticket - treated as BOD by default (unconfirmed resolution),-,-
254956,3574163,Missing/Wrong Qty,Unknown,2026-08-25T07:39:08.000,No return record,No matching marketplace_return_request row found in ClickHouse for this order,-,-
255354,3572178,Missing/Wrong Qty,Kolkata,2026-08-27T08:04:12.000,BOD,"Warehouse-team Zoho comment is a denial/non-admission: ""We have sent proper medicine to Cx Mahiboob bee""",-,-
255356,3463566,Missing/Wrong Qty,Lucknow,2026-08-27T08:11:03.000,Considered BOD,No Warehouse-team Zoho comment on this ticket - treated as BOD by default (unconfirmed resolution),-,-
256945,3680692,Missing/Wrong Qty,Kolkata,2026-09-03T06:32:19.000,Considered BOD,Not yet checked against a Warehouse-team Zoho comment - treated as BOD by default (unconfirmed resolution),-,-
255222,3587243,Missing/Wrong Qty,Lucknow,2026-08-26T12:35:51.000,BOD,"Warehouse-team Zoho comment is a denial/non-admission: ""We have sent proper medicine to Cx""",-,-
255359,3611301,Missing/Wrong Qty,Kolkata,2026-08-27T08:34:35.000,BOD,"Warehouse-team Zoho comment is a denial/non-admission: ""We have sent proper medicine to Cx Mahiboob bee""",-,-
256771,3669606,Missing/Wrong Qty,Delhi,2026-09-02T10:36:08.000,Considered BOD,Not yet checked against a Warehouse-team Zoho comment - treated as BOD by default (unconfirmed resolution),-,-
256586,3651607,Missing/Wrong Qty,Lucknow,2026-09-01T11:53:00.000,Considered BOD,Not yet checked against a Warehouse-team Zoho comment - treated as BOD by default (unconfirmed resolution),-,-
256572,3651602,Missing/Wrong Qty,Bangalore,2026-09-01T11:03:04.000,Considered BOD,Not yet checked against a Warehouse-team Zoho comment - treated as BOD by default (unconfirmed resolution),-,-
255423,3591121,Missing/Wrong Qty,Mumbai,2026-08-27T12:46:38.000,BOD,"Warehouse-team Zoho comment is a denial/non-admission: ""We have sent proper medicine to Cx Mahiboob bee""",-,-
256554,3627324,Missing/Wrong Qty,Kolkata,2026-09-01T10:15:51.000,Considered BOD,Not yet checked against a Warehouse-team Zoho comment - treated as BOD by default (unconfirmed resolution),-,-
255511,3604549,Missing/Wrong Qty,Delhi,2026-08-28T06:38:48.000,BOD,"Warehouse-team Zoho comment is a denial/non-admission: ""We have sent proper medicine to Cx Mahiboob bee""",-,-
256551,3607868,Missing/Wrong Qty,Delhi,2026-09-01T10:10:08.000,Considered BOD,Not yet checked against a Warehouse-team Zoho comment - treated as BOD by default (unconfirmed resolution),-,-
256548,3609304,Missing/Wrong Qty,Delhi,2026-09-01T10:04:50.000,Considered BOD,Not yet checked against a Warehouse-team Zoho comment - treated as BOD by default (unconfirmed resolution),-,-
256498,3668916,Missing/Wrong Qty,Kolkata,2026-09-01T07:04:22.000,Considered BOD,Not yet checked against a Warehouse-team Zoho comment - treated as BOD by default (unconfirmed resolution),-,-
256542,3672872,Missing/Wrong Qty,Mumbai,2026-09-01T09:53:07.000,BOD,"Warehouse-team Zoho comment is a denial/non-admission: ""We have sent proper medicine to Cx Mahiboob bee""",-,-
256515,3650623,Missing/Wrong Qty,Bangalore,2026-09-01T08:15:41.000,BOD,"Warehouse-team Zoho comment is a denial/non-admission: ""We have sent proper medicine to Cx Mahiboob bee""",-,-
256541,3666688,Missing/Wrong Qty,Lucknow,2026-09-01T09:52:28.000,Considered BOD,Not yet checked against a Warehouse-team Zoho comment - treated as BOD by default (unconfirmed resolution),-,-
255611,3610833,Missing/Wrong Qty,Bangalore,2026-08-28T12:35:28.000,BOD,"Warehouse-team Zoho comment is a denial/non-admission: ""We have sent proper medicine to Cx Mahiboob bee""",-,-
255384,3586885,Missing/Wrong Qty,Kolkata,2026-08-27T10:06:28.000,Considered BOD,No Warehouse-team Zoho comment on this ticket - treated as BOD by default (unconfirmed resolution),-,-
256066,3576079,Missing/Wrong Qty,Kolkata,2026-08-30T10:22:02.000,BOD,"Warehouse-team Zoho comment is a denial/non-admission: ""We have sent proper medicine to Cx""",-,-
255421,3601356,Missing/Wrong Qty,Mumbai,2026-08-27T12:40:46.000,BOD,"Warehouse-team Zoho comment is a denial/non-admission: ""We have sent proper medicine to Cx Mahiboob bee""",-,-
256076,3605440,Missing/Wrong Qty,Bangalore,2026-08-30T10:32:26.000,Considered BOD,Not yet checked against a Warehouse-team Zoho comment - treated as BOD by default (unconfirmed resolution),-,-
256077,3575331,Missing/Wrong Qty,Kolkata,2026-08-30T10:34:35.000,Considered BOD,Not yet checked against a Warehouse-team Zoho comment - treated as BOD by default (unconfirmed resolution),-,-
256080,3625509,Missing/Wrong Qty,Lucknow,2026-08-30T10:37:38.000,BOD,"Warehouse-team Zoho comment is a denial/non-admission: ""We have sent proper medicine to Cx""",-,-
255187,3582374,Missing/Wrong Qty,Delhi,2026-08-26T10:41:00.000,BOD,"Warehouse-team Zoho comment is a denial/non-admission: ""We have sent proper medicine to Cx""",-,-
256081,3544376,Missing/Wrong Qty,Mumbai,2026-08-30T10:38:47.000,Considered BOD,Not yet checked against a Warehouse-team Zoho comment - treated as BOD by default (unconfirmed resolution),-,-
256086,3576395,Missing/Wrong Qty,Kolkata,2026-08-30T10:49:38.000,Considered BOD,Not yet checked against a Warehouse-team Zoho comment - treated as BOD by default (unconfirmed resolution),-,-
256087,3650334,Missing/Wrong Qty,Delhi,2026-08-30T10:50:26.000,Considered BOD,Not yet checked against a Warehouse-team Zoho comment - treated as BOD by default (unconfirmed resolution),-,-
254684,3544280,Missing/Wrong Qty,Delhi,2026-08-24T05:23:16.000,BOD,"Warehouse-team Zoho comment is a denial/non-admission: ""We have sent proper medicine to Cx Mahiboob bee""",-,-
256576,3687620,Missing/Wrong Qty,Bangalore,2026-09-01T11:18:14.000,WH Accepted,"Warehouse-team Zoho comment is a genuine admission: ""We have sent short qty to Cx""",Nagesh / Fardeen_BLRWH,Vasantha
256676,3614886,Missing/Wrong Qty,Kolkata,2026-09-02T05:01:04.000,Considered BOD,Not yet checked against a Warehouse-team Zoho comment - treated as BOD by default (unconfirmed resolution),-,-
256247,3596122,Missing/Wrong Qty,Lucknow,2026-08-31T05:19:19.000,Considered BOD,Not yet checked against a Warehouse-team Zoho comment - treated as BOD by default (unconfirmed resolution),-,-
256815,3687268,Missing/Wrong Qty,Lucknow,2026-09-02T12:39:22.000,Considered BOD,Not yet checked against a Warehouse-team Zoho comment - treated as BOD by default (unconfirmed resolution),-,-
256784,3662521,Missing/Wrong Qty,Delhi,2026-09-02T11:12:08.000,Considered BOD,Not yet checked against a Warehouse-team Zoho comment - treated as BOD by default (unconfirmed resolution),-,-
254924,3291258,Missing/Wrong Qty,Kolkata,2026-08-25T05:54:49.000,Considered BOD,Not yet checked against a Warehouse-team Zoho comment - treated as BOD by default (unconfirmed resolution),-,-
256459,3573786,Missing/Wrong Qty,Kolkata,2026-09-01T05:03:04.000,Considered BOD,Not yet checked against a Warehouse-team Zoho comment - treated as BOD by default (unconfirmed resolution),-,-
256628,3559560,Missing/Wrong Qty,Delhi,2026-09-01T13:58:05.000,BOD,"Warehouse-team Zoho comment is a denial/non-admission: ""We have sent proper medicine to Cx""",-,-
254565,3379927,Missing/Wrong Qty,Kolkata,2026-08-23T09:05:13.000,BOD,"Warehouse-team Zoho comment is a denial/non-admission: ""We have sent proper medicine to Cx""",-,-
256368,3623279,Missing/Wrong Qty,Bangalore,2026-08-31T12:39:08.000,Considered BOD,Not yet checked against a Warehouse-team Zoho comment - treated as BOD by default (unconfirmed resolution),-,-
256563,3604257,Missing/Wrong Qty,Delhi,2026-09-01T10:50:36.000,Considered BOD,Not yet checked against a Warehouse-team Zoho comment - treated as BOD by default (unconfirmed resolution),-,-
254847,3541143,Missing/Wrong Qty,Lucknow,2026-08-24T13:30:46.000,Considered BOD,Not yet checked against a Warehouse-team Zoho comment - treated as BOD by default (unconfirmed resolution),-,-
254845,3577442,Missing/Wrong Qty,Mumbai,2026-08-24T13:29:59.000,Considered BOD,Not yet checked against a Warehouse-team Zoho comment - treated as BOD by default (unconfirmed resolution),-,-
254843,3558356,Missing/Wrong Qty,Delhi,2026-08-24T13:28:11.000,BOD,"Warehouse-team Zoho comment is a denial/non-admission: ""We have sent proper medicine to Cx Mahiboob bee""",-,-
256384,3637764,Missing/Wrong Qty,Unknown,2026-08-31T13:41:34.000,No return record,No matching marketplace_return_request row found in ClickHouse for this order,-,-
254842,3550080,Missing/Wrong Qty,Delhi,2026-08-24T13:26:47.000,Considered BOD,Not yet checked against a Warehouse-team Zoho comment - treated as BOD by default (unconfirmed resolution),-,-
256571,3692067,Missing/Wrong Qty,Delhi,2026-09-01T11:02:10.000,Considered BOD,Not yet checked against a Warehouse-team Zoho comment - treated as BOD by default (unconfirmed resolution),-,-
254841,3550797,Missing/Wrong Qty,Bangalore,2026-08-24T13:25:34.000,BOD,"Warehouse-team Zoho comment is a denial/non-admission: ""We have sent proper medicine to Cx Mahiboob bee""",-,-
256947,3693123,Missing/Wrong Qty,Mumbai,2026-09-03T06:34:31.000,Considered BOD,Not yet checked against a Warehouse-team Zoho comment - treated as BOD by default (unconfirmed resolution),-,-
256553,3661970,Missing/Wrong Qty,Kolkata,2026-09-01T10:15:06.000,Considered BOD,Not yet checked against a Warehouse-team Zoho comment - treated as BOD by default (unconfirmed resolution),-,-
256938,3666035,Missing/Wrong Qty,Bangalore,2026-09-03T06:14:01.000,Considered BOD,Not yet checked against a Warehouse-team Zoho comment - treated as BOD by default (unconfirmed resolution),-,-
256803,3673670,Missing/Wrong Qty,Kolkata,2026-09-02T12:21:03.000,BOD,"Warehouse-team Zoho comment is a denial/non-admission: ""We have sent proper medicine to Cx Mahiboob bee""",-,-
256613,3677533,Missing/Wrong Qty,Mumbai,2026-09-01T13:17:44.000,Considered BOD,Not yet checked against a Warehouse-team Zoho comment - treated as BOD by default (unconfirmed resolution),-,-
256598,3618649,Missing/Wrong Qty,Lucknow,2026-09-01T12:37:30.000,Considered BOD,Not yet checked against a Warehouse-team Zoho comment - treated as BOD by default (unconfirmed resolution),-,-
256612,3677527,Missing/Wrong Qty,Bangalore,2026-09-01T13:15:09.000,Considered BOD,Not yet checked against a Warehouse-team Zoho comment - treated as BOD by default (unconfirmed resolution),-,-
253973,3453517,Missing/Wrong Qty,Bangalore,2026-08-20T07:49:09.000,Considered BOD,Not yet checked against a Warehouse-team Zoho comment - treated as BOD by default (unconfirmed resolution),-,-
256609,3677558,Missing/Wrong Qty,Mumbai,2026-09-01T13:13:35.000,Considered BOD,Not yet checked against a Warehouse-team Zoho comment - treated as BOD by default (unconfirmed resolution),-,-
256376,3639185,Missing/Wrong Qty,Lucknow,2026-08-31T13:12:39.000,Considered BOD,Not yet checked against a Warehouse-team Zoho comment - treated as BOD by default (unconfirmed resolution),-,-
256371,3641761,Missing/Wrong Qty,Delhi,2026-08-31T12:51:25.000,Considered BOD,Not yet checked against a Warehouse-team Zoho comment - treated as BOD by default (unconfirmed resolution),-,-
245111,3164368,Missing/Wrong Qty,Delhi,2026-07-26T04:59:36.000,Considered BOD,Not yet checked against a Warehouse-team Zoho comment - treated as BOD by default (unconfirmed resolution),-,-
251024,3301408,Missing/Wrong Qty,Unknown,2026-08-05T11:34:53.000,No return record,No matching marketplace_return_request row found in ClickHouse for this order,-,-
250915,3231018,Missing/Wrong Qty,Kolkata,2026-08-05T03:55:00.000,Considered BOD,Not yet checked against a Warehouse-team Zoho comment - treated as BOD by default (unconfirmed resolution),-,-
251220,3283743,Missing/Wrong Qty,Bangalore,2026-08-06T11:33:12.000,BOD,"Warehouse-team Zoho comment is a denial/non-admission: ""We have sent proper medicine to cx""",-,-
251227,3302812,Missing/Wrong Qty,Unknown,2026-08-06T11:52:22.000,No return record,No matching marketplace_return_request row found in ClickHouse for this order,-,-
251396,3317829,Missing/Wrong Qty,Kolkata,2026-08-07T12:12:18.000,Considered BOD,No Warehouse-team Zoho comment on this ticket - treated as BOD by default (unconfirmed resolution),-,-
251258,3290696,Missing/Wrong Qty,Bangalore,2026-08-06T14:38:13.000,BOD,"Warehouse-team Zoho comment is a denial/non-admission: ""We have sent proper medicine to Cx""",-,-
251466,3296169,Missing/Wrong Qty,Mumbai,2026-08-08T04:40:52.000,BOD,"Warehouse-team Zoho comment is a denial/non-admission: ""We have sent proper medicine to Cx Mahiboob bee""",-,-
251465,3296169,Missing/Wrong Qty,Mumbai,2026-08-08T04:40:52.000,Considered BOD,No Warehouse-team Zoho comment on this ticket - treated as BOD by default (unconfirmed resolution),-,-
251549,3325475,Missing/Wrong Qty,Mumbai,2026-08-08T10:35:25.000,BOD,"Warehouse-team Zoho comment is a denial/non-admission: ""We have sent proper medicine to Cx Mahiboob bee""",-,-
251591,3286202,Missing/Wrong Qty,Lucknow,2026-08-08T12:50:45.000,BOD,"Warehouse-team Zoho comment is a denial/non-admission: ""We have sent proper medicine to cx""",-,-
251572,3285565,Missing/Wrong Qty,Mumbai,2026-08-08T11:41:20.000,BOD,"Warehouse-team Zoho comment is a denial/non-admission: ""We have sent proper medicine to Cx""",-,-
251530,3320630,Missing/Wrong Qty,Kolkata,2026-08-08T09:25:40.000,BOD,"Warehouse-team Zoho comment is a denial/non-admission: ""We have sent proper medicine to cx""",-,-
251538,3330255,Missing/Wrong Qty,Kolkata,2026-08-08T09:53:58.000,Considered BOD,"Warehouse-team Zoho comment matched no known admission/denial pattern - needs manual review: ""None"" - treated as BOD by default (unconfirmed resolution)",-,-
251592,3330255,Missing/Wrong Qty,Kolkata,2026-08-08T12:51:39.000,Considered BOD,"Warehouse-team Zoho comment matched no known admission/denial pattern - needs manual review: ""None"" - treated as BOD by default (unconfirmed resolution)",-,-
251602,3286268,Missing/Wrong Qty,Unknown,2026-08-08T13:15:41.000,No return record,No matching marketplace_return_request row found in ClickHouse for this order,-,-
256774,3695102,Missing/Wrong Qty,Kolkata,2026-09-02T10:43:40.000,BOD,"Warehouse-team Zoho comment is a denial/non-admission: ""We have sent proper medicine to Cx Mahiboob bee""",-,-
255433,3607019,Missing/Wrong Qty,Bangalore,2026-08-27T13:27:55.000,BOD,"Warehouse-team Zoho comment is a denial/non-admission: ""We have sent proper medicine to Cx Mahiboob bee""",-,-
254262,3513487,Missing/Wrong Qty,Delhi,2026-08-21T15:15:09.000,BOD,"Warehouse-team Zoho comment is a denial/non-admission: ""We have sent proper medicine to Cx""",-,-
255617,3644458,Missing/Wrong Qty,DocPharma,2026-08-28T12:46:17.000,Considered BOD,No Warehouse-team Zoho comment on this ticket - treated as BOD by default (unconfirmed resolution),-,-
255934,3649408,Missing/Wrong Qty,Bangalore,2026-08-30T05:15:05.000,BOD,"Warehouse-team Zoho comment is a denial/non-admission: ""We have sent proper medicine to Cx Mahiboob bee""",-,-
256337,3672212,Missing/Wrong Qty,Bangalore,2026-08-31T11:20:15.000,Considered BOD,Not yet checked against a Warehouse-team Zoho comment - treated as BOD by default (unconfirmed resolution),-,-
256340,3635198,Missing/Wrong Qty,Kolkata,2026-08-31T11:28:24.000,Considered BOD,Not yet checked against a Warehouse-team Zoho comment - treated as BOD by default (unconfirmed resolution),-,-
255933,3630500,Missing/Wrong Qty,Mumbai,2026-08-30T05:12:40.000,Considered BOD,Not yet checked against a Warehouse-team Zoho comment - treated as BOD by default (unconfirmed resolution),-,-
255837,3622245,Missing/Wrong Qty,Delhi,2026-08-29T11:39:12.000,Considered BOD,Not yet checked against a Warehouse-team Zoho comment - treated as BOD by default (unconfirmed resolution),-,-
255795,3631106,Missing/Wrong Qty,Delhi,2026-08-29T09:19:50.000,Considered BOD,Not yet checked against a Warehouse-team Zoho comment - treated as BOD by default (unconfirmed resolution),-,-
255549,3616906,Missing/Wrong Qty,Unknown,2026-08-28T08:45:14.000,No return record,No matching marketplace_return_request row found in ClickHouse for this order,-,-
256465,3453810,Missing/Wrong Qty,Mumbai,2026-09-01T05:14:21.000,Considered BOD,Not yet checked against a Warehouse-team Zoho comment - treated as BOD by default (unconfirmed resolution),-,-
256517,3655328,Missing/Wrong Qty,Delhi,2026-09-01T08:17:59.000,Considered BOD,Not yet checked against a Warehouse-team Zoho comment - treated as BOD by default (unconfirmed resolution),-,-
256339,3629596,Missing/Wrong Qty,Kolkata,2026-08-31T11:23:50.000,Considered BOD,Not yet checked against a Warehouse-team Zoho comment - treated as BOD by default (unconfirmed resolution),-,-
256362,3677086,Missing/Wrong Qty,Kolkata,2026-08-31T12:09:14.000,Considered BOD,Not yet checked against a Warehouse-team Zoho comment - treated as BOD by default (unconfirmed resolution),-,-
256334,3607459,Missing/Wrong Qty,Bangalore,2026-08-31T11:06:02.000,WH Accepted,"Warehouse-team Zoho comment is a genuine admission: ""We have sent short qty to Cx Mahiboob bee""",Aravind_BLRWH,Tharun_BLRWH
256341,3627950,Missing/Wrong Qty,Delhi,2026-08-31T11:38:28.000,Considered BOD,Not yet checked against a Warehouse-team Zoho comment - treated as BOD by default (unconfirmed resolution),-,-
255032,3589921,Missing/Wrong Qty,Delhi,2026-08-25T11:31:02.000,Considered BOD,Not yet checked against a Warehouse-team Zoho comment - treated as BOD by default (unconfirmed resolution),-,-
255130,3581152,Missing/Wrong Qty,Delhi,2026-08-26T07:11:29.000,BOD,"Warehouse-team Zoho comment is a denial/non-admission: ""We have sent proper medicine to Cx""",-,-
255132,3578715,Missing/Wrong Qty,Mumbai,2026-08-26T07:20:46.000,BOD,"Warehouse-team Zoho comment is a denial/non-admission: ""We have sent proper medicine to Cx""",-,-
255353,3536569,Missing/Wrong Qty,Mumbai,2026-08-27T08:03:19.000,Considered BOD,No Warehouse-team Zoho comment on this ticket - treated as BOD by default (unconfirmed resolution),-,-
255365,3555108,Missing/Wrong Qty,Delhi,2026-08-27T08:41:13.000,Considered BOD,No Warehouse-team Zoho comment on this ticket - treated as BOD by default (unconfirmed resolution),-,-
255383,3523365,Missing/Wrong Qty,Lucknow,2026-08-27T10:03:36.000,Considered BOD,No Warehouse-team Zoho comment on this ticket - treated as BOD by default (unconfirmed resolution),-,-
255386,3605672,Missing/Wrong Qty,Bangalore,2026-08-27T10:08:34.000,Considered BOD,No Warehouse-team Zoho comment on this ticket - treated as BOD by default (unconfirmed resolution),-,-
255391,3603254,Missing/Wrong Qty,Delhi,2026-08-27T10:17:13.000,Considered BOD,No Warehouse-team Zoho comment on this ticket - treated as BOD by default (unconfirmed resolution),-,-
255393,3617165,Missing/Wrong Qty,Delhi,2026-08-27T10:22:50.000,Considered BOD,No Warehouse-team Zoho comment on this ticket - treated as BOD by default (unconfirmed resolution),-,-
256345,3673617,Missing/Wrong Qty,Delhi,2026-08-31T11:48:57.000,Considered BOD,Not yet checked against a Warehouse-team Zoho comment - treated as BOD by default (unconfirmed resolution),-,-
254959,3553484,Missing/Wrong Qty,Kolkata,2026-08-25T07:51:00.000,BOD,"Warehouse-team Zoho comment is a denial/non-admission: ""We have sent proper medicine to Cx""",-,-
256356,3670704,Missing/Wrong Qty,Delhi,2026-08-31T12:04:59.000,Considered BOD,Not yet checked against a Warehouse-team Zoho comment - treated as BOD by default (unconfirmed resolution),-,-
256120,3630968,Missing/Wrong Qty,Delhi,2026-08-30T11:42:44.000,Considered BOD,Not yet checked against a Warehouse-team Zoho comment - treated as BOD by default (unconfirmed resolution),-,-
255031,3540978,Missing/Wrong Qty,Bangalore,2026-08-25T11:28:57.000,Considered BOD,Not yet checked against a Warehouse-team Zoho comment - treated as BOD by default (unconfirmed resolution),-,-
254526,3507186,Missing/Wrong Qty,Hyderabad WH,2026-08-23T07:17:29.000,Considered BOD,No Warehouse-team Zoho comment on this ticket - treated as BOD by default (unconfirmed resolution),-,-
254514,3528172,Missing/Wrong Qty,Mumbai,2026-08-23T06:37:58.000,Considered BOD,Not yet checked against a Warehouse-team Zoho comment - treated as BOD by default (unconfirmed resolution),-,-
255831,3581500,Missing/Wrong Qty,Bangalore,2026-08-29T11:19:10.000,WH Accepted,"Warehouse-team Zoho comment is a genuine admission: ""We have sent short qty to Cx""",Aravind_BLRWH,kannanmuthu_BLRWH
256119,3528266,Missing/Wrong Qty,Mumbai,2026-08-30T11:41:16.000,Considered BOD,Not yet checked against a Warehouse-team Zoho comment - treated as BOD by default (unconfirmed resolution),-,-
256110,3641552,Missing/Wrong Qty,Delhi,2026-08-30T11:16:53.000,Considered BOD,Not yet checked against a Warehouse-team Zoho comment - treated as BOD by default (unconfirmed resolution),-,-
254840,3523019,Missing/Wrong Qty,Delhi,2026-08-24T13:23:47.000,Considered BOD,Not yet checked against a Warehouse-team Zoho comment - treated as BOD by default (unconfirmed resolution),-,-
254669,3541957,Missing/Wrong Qty,Hyderabad WH,2026-08-24T04:08:05.000,Considered BOD,Not yet checked against a Warehouse-team Zoho comment - treated as BOD by default (unconfirmed resolution),-,-
253387,3361056,Missing/Wrong Qty,Hyderabad WH,2026-08-17T11:23:53.000,Considered BOD,No Warehouse-team Zoho comment on this ticket - treated as BOD by default (unconfirmed resolution),-,-
255618,3585140,Missing/Wrong Qty,Mumbai,2026-08-28T12:51:43.000,BOD,"Warehouse-team Zoho comment is a denial/non-admission: ""We have sent proper medicine to Cx Mahiboob bee""",-,-
251314,3231018,Missing/Wrong Qty,Kolkata,2026-08-07T07:10:50.000,Considered BOD,Not yet checked against a Warehouse-team Zoho comment - treated as BOD by default (unconfirmed resolution),-,-
256079,3256184,Missing/Wrong Qty,Delhi,2026-08-30T10:36:28.000,Considered BOD,Not yet checked against a Warehouse-team Zoho comment - treated as BOD by default (unconfirmed resolution),-,-
255506,3617521,Missing/Wrong Qty,Kolkata,2026-08-28T06:21:24.000,Considered BOD,Not yet checked against a Warehouse-team Zoho comment - treated as BOD by default (unconfirmed resolution),-,-
255796,3625469,Missing/Wrong Qty,Kolkata,2026-08-29T09:21:11.000,Considered BOD,Not yet checked against a Warehouse-team Zoho comment - treated as BOD by default (unconfirmed resolution),-,-
254563,3538819,Missing/Wrong Qty,Lucknow,2026-08-23T08:57:38.000,BOD,"Warehouse-team Zoho comment is a denial/non-admission: ""We have sent proper medicine to Cx""",-,-
254439,3542085,Missing/Wrong Qty,Delhi,2026-08-22T12:11:01.000,BOD,"Warehouse-team Zoho comment is a denial/non-admission: ""We have sent proper medicine to Cx Mahiboob bee""",-,-
255866,3639894,Missing/Wrong Qty,Unknown,2026-08-29T14:01:08.000,No return record,No matching marketplace_return_request row found in ClickHouse for this order,-,-
254503,3460296,Missing/Wrong Qty,Lucknow,2026-08-23T05:09:32.000,BOD,"Warehouse-team Zoho comment is a denial/non-admission: ""We have sent proper medicine to Cx""",-,-
255056,3517166,Missing/Wrong Qty,Mumbai,2026-08-25T13:37:15.000,BOD,"Warehouse-team Zoho comment is a denial/non-admission: ""We have sent proper medicine to Cx Mahiboob bee""",-,-
255014,3576968,Missing/Wrong Qty,Bangalore,2026-08-25T10:40:09.000,BOD,"Warehouse-team Zoho comment is a denial/non-admission: ""We have sent proper medicine to Cx Mahiboob bee""",-,-
255182,3543795,Missing/Wrong Qty,Bangalore,2026-08-26T10:24:15.000,BOD,"Warehouse-team Zoho comment is a denial/non-admission: ""We have sent proper medicine to Cx Mahiboob bee""",-,-
255005,3542297,Missing/Wrong Qty,Kolkata,2026-08-25T09:59:42.000,BOD,"Warehouse-team Zoho comment is a denial/non-admission: ""We have sent proper medicine to Cx Mahiboob bee""",-,-
255021,3546433,Missing/Wrong Qty,Delhi,2026-08-25T11:04:30.000,WH Accepted,"Warehouse-team Zoho comment is a genuine admission: ""We have sent short qty to Cx Mahiboob bee""",Seema_DEL,Devki-DEL
255030,3586285,Missing/Wrong Qty,Delhi,2026-08-25T11:28:04.000,BOD,"Warehouse-team Zoho comment is a denial/non-admission: ""We have sent proper medicine to cx Naveed.""",-,-
254960,3471515,Missing/Wrong Qty,Lucknow,2026-08-25T07:53:53.000,BOD,"Warehouse-team Zoho comment is a denial/non-admission: ""We have sent proper medicine to cx Naveed.""",-,-
254968,3543270,Missing/Wrong Qty,Kolkata,2026-08-25T08:13:29.000,BOD,"Warehouse-team Zoho comment is a denial/non-admission: ""We have sent proper medicine to Cx Mahiboob bee""",-,-
254955,3529625,Missing/Wrong Qty,Lucknow,2026-08-25T07:38:59.000,BOD,"Warehouse-team Zoho comment is a denial/non-admission: ""We have sent proper medicine to cx Naveen""",-,-
255020,3544958,Missing/Wrong Qty,Delhi,2026-08-25T11:03:31.000,BOD,"Warehouse-team Zoho comment is a denial/non-admission: ""We have sent proper medicine to Cx Mahiboob bee""",-,-
254807,3521610,Missing/Wrong Qty,Delhi,2026-08-24T11:36:46.000,BOD,"Warehouse-team Zoho comment is a denial/non-admission: ""We have sent proper medicine to Cx Mahiboob bee""",-,-
254957,3547815,Missing/Wrong Qty,Bangalore,2026-08-25T07:45:42.000,BOD,"Warehouse-team Zoho comment is a denial/non-admission: ""We have sent proper medicine to Cx Mahiboob bee""",-,-
255006,3546285,Missing/Wrong Qty,Bangalore,2026-08-25T10:01:44.000,BOD,"Warehouse-team Zoho comment is a denial/non-admission: ""We have sent proper medicine to Cx Mahiboob bee""",-,-
255010,3460266,Missing/Wrong Qty,Bangalore,2026-08-25T10:26:00.000,BOD,"Warehouse-team Zoho comment is a denial/non-admission: ""We have sent proper medicine to Cx Mahiboob bee""",-,-
254962,3561770,Missing/Wrong Qty,Lucknow,2026-08-25T08:00:46.000,BOD,"Warehouse-team Zoho comment is a denial/non-admission: ""We have sent proper medicine to Cx Mahiboob bee""",-,-
254973,3530486,Missing/Wrong Qty,Bangalore,2026-08-25T08:25:47.000,BOD,"Warehouse-team Zoho comment is a denial/non-admission: ""We have sent proper medicine to Cx Mahiboob bee""",-,-
254803,3529249,Missing/Wrong Qty,Mumbai,2026-08-24T11:29:51.000,Considered BOD,Not yet checked against a Warehouse-team Zoho comment - treated as BOD by default (unconfirmed resolution),-,-
254550,3545908,Missing/Wrong Qty,Delhi,2026-08-23T08:23:20.000,BOD,"Warehouse-team Zoho comment is a denial/non-admission: ""We have sent proper medicine to Cx""",-,-
255195,3568976,Missing/Wrong Qty,Delhi,2026-08-26T11:04:42.000,Considered BOD,Not yet checked against a Warehouse-team Zoho comment - treated as BOD by default (unconfirmed resolution),-,-
255201,3544622,Missing/Wrong Qty,Bangalore,2026-08-26T11:17:57.000,Considered BOD,Not yet checked against a Warehouse-team Zoho comment - treated as BOD by default (unconfirmed resolution),-,-
255467,3250639,Missing/Wrong Qty,Kolkata,2026-08-28T04:03:52.000,Considered BOD,Not yet checked against a Warehouse-team Zoho comment - treated as BOD by default (unconfirmed resolution),-,-
255519,3595950,Missing/Wrong Qty,Lucknow,2026-08-28T06:58:46.000,Considered BOD,Not yet checked against a Warehouse-team Zoho comment - treated as BOD by default (unconfirmed resolution),-,-
255612,3607487,Missing/Wrong Qty,Bangalore,2026-08-28T12:37:48.000,Considered BOD,Not yet checked against a Warehouse-team Zoho comment - treated as BOD by default (unconfirmed resolution),-,-
255621,3544843,Missing/Wrong Qty,Delhi,2026-08-28T12:54:47.000,Considered BOD,Not yet checked against a Warehouse-team Zoho comment - treated as BOD by default (unconfirmed resolution),-,-
254305,3531152,Missing/Wrong Qty,Bangalore,2026-08-22T05:06:02.000,BOD,"Warehouse-team Zoho comment is a denial/non-admission: ""We have sent proper medicine to Cx""",-,-
254686,3563269,Missing/Wrong Qty,Lucknow,2026-08-24T05:25:44.000,BOD,"Warehouse-team Zoho comment is a denial/non-admission: ""We have sent proper medicine to Cx Mahiboob bee""",-,-
254681,3480921,Missing/Wrong Qty,Delhi,2026-08-24T05:16:55.000,BOD,"Warehouse-team Zoho comment is a denial/non-admission: ""We have sent proper medicine to Cx Mahiboob bee""",-,-
254459,3536838,Missing/Wrong Qty,Mumbai,2026-08-22T13:50:58.000,BOD,"Warehouse-team Zoho comment is a denial/non-admission: ""We have sent proper medicine to Cx""",-,-
254475,3527682,Missing/Wrong Qty,Mumbai,2026-08-22T16:27:20.000,BOD,"Warehouse-team Zoho comment is a denial/non-admission: ""We have sent proper medicine to cx Naveen""",-,-
254619,3512714,Missing/Wrong Qty,Mumbai,2026-08-23T13:34:30.000,Considered BOD,Not yet checked against a Warehouse-team Zoho comment - treated as BOD by default (unconfirmed resolution),-,-
255209,3585462,Missing/Wrong Qty,Kolkata,2026-08-26T11:45:45.000,Considered BOD,Not yet checked against a Warehouse-team Zoho comment - treated as BOD by default (unconfirmed resolution),-,-
254673,3564285,Missing/Wrong Qty,Delhi,2026-08-24T04:28:05.000,Considered BOD,No Warehouse-team Zoho comment on this ticket - treated as BOD by default (unconfirmed resolution),-,-
255188,3552310,Missing/Wrong Qty,Delhi,2026-08-26T10:44:40.000,Considered BOD,Not yet checked against a Warehouse-team Zoho comment - treated as BOD by default (unconfirmed resolution),-,-
254288,3500706,Missing/Wrong Qty,Kolkata,2026-08-22T04:34:16.000,BOD,"Warehouse-team Zoho comment is a denial/non-admission: ""We have sent proper medicine to Cx""",-,-
254301,3314986,Missing/Wrong Qty,Lucknow,2026-08-22T04:59:01.000,BOD,"Warehouse-team Zoho comment is a denial/non-admission: ""We have sent proper medicine to Cx""",-,-
254518,3541927,Missing/Wrong Qty,Unknown,2026-08-23T06:54:12.000,No return record,No matching marketplace_return_request row found in ClickHouse for this order,-,-
254516,3459391,Missing/Wrong Qty,Bangalore,2026-08-23T06:49:26.000,BOD,"Warehouse-team Zoho comment is a denial/non-admission: ""We have sent proper medicine to Cx""",-,-
254282,3384787,Missing/Wrong Qty,Delhi,2026-08-22T03:33:55.000,BOD,"Warehouse-team Zoho comment is a denial/non-admission: ""We have sent proper medicine to Cx""",-,-
254210,3433144,Missing/Wrong Qty,Bangalore,2026-08-21T11:21:17.000,Considered BOD,Not yet checked against a Warehouse-team Zoho comment - treated as BOD by default (unconfirmed resolution),-,-
253349,3439263,Missing/Wrong Qty,Unknown,2026-08-17T09:44:39.000,No return record,No matching marketplace_return_request row found in ClickHouse for this order,-,-
255328,3548196,Missing/Wrong Qty,Kolkata,2026-08-27T07:05:24.000,Considered BOD,No Warehouse-team Zoho comment on this ticket - treated as BOD by default (unconfirmed resolution),-,-
254844,3564285,Missing/Wrong Qty,Delhi,2026-08-24T13:28:57.000,BOD,"Warehouse-team Zoho comment is a denial/non-admission: ""We have sent proper medicine to Cx Mahiboob bee""",-,-
254678,3532554,Missing/Wrong Qty,Bangalore,2026-08-24T05:13:09.000,WH Accepted,"Warehouse-team Zoho comment is a genuine admission: ""We have sent wrong sku to Cx""",Santosh,Shabana_BLRWH
254690,3535809,Missing/Wrong Qty,Bangalore,2026-08-24T05:38:05.000,Considered BOD,Not yet checked against a Warehouse-team Zoho comment - treated as BOD by default (unconfirmed resolution),-,-
254697,3520199,Missing/Wrong Qty,Kolkata,2026-08-24T06:02:26.000,Considered BOD,Not yet checked against a Warehouse-team Zoho comment - treated as BOD by default (unconfirmed resolution),-,-
254699,3530010,Missing/Wrong Qty,Delhi,2026-08-24T06:03:31.000,Considered BOD,Not yet checked against a Warehouse-team Zoho comment - treated as BOD by default (unconfirmed resolution),-,-
254315,3466932,Missing/Wrong Qty,Mumbai,2026-08-22T05:27:05.000,BOD,"Warehouse-team Zoho comment is a denial/non-admission: ""We have sent proper medicine to Cx""",-,-
254415,3525943,Missing/Wrong Qty,Delhi,2026-08-22T10:47:11.000,Considered BOD,No Warehouse-team Zoho comment on this ticket - treated as BOD by default (unconfirmed resolution),-,-
254767,3471748,Missing/Wrong Qty,Lucknow,2026-08-24T09:47:11.000,BOD,"Warehouse-team Zoho comment is a denial/non-admission: ""We have sent proper medicine to Cx Mahiboob bee""",-,-
254559,3500886,Missing/Wrong Qty,Bangalore,2026-08-23T08:38:51.000,BOD,"Warehouse-team Zoho comment is a denial/non-admission: ""We have sent proper medicine to Cx""",-,-
254256,3392213,Missing/Wrong Qty,Delhi,2026-08-21T14:20:52.000,BOD,"Warehouse-team Zoho comment is a denial/non-admission: ""We have sent proper medicine to Cx""",-,-
254001,3455943,Missing/Wrong Qty,Bangalore,2026-08-20T09:27:31.000,BOD,"Warehouse-team Zoho comment is a denial/non-admission: ""We have sent proper medicine to Cx""",-,-
254976,3578504,Missing/Wrong Qty,Kolkata,2026-08-25T08:31:49.000,Considered BOD,Not yet checked against a Warehouse-team Zoho comment - treated as BOD by default (unconfirmed resolution),-,-
254909,3589778,Missing/Wrong Qty,Unknown,2026-08-25T04:42:02.000,No return record,No matching marketplace_return_request row found in ClickHouse for this order,-,-
253638,3470814,Missing/Wrong Qty,Delhi,2026-08-18T13:24:38.000,BOD,"Warehouse-team Zoho comment is a denial/non-admission: ""We have sent proper medicine to Cx""",-,-
254517,3532128,Missing/Wrong Qty,Mumbai,2026-08-23T06:50:29.000,WH Accepted,"Warehouse-team Zoho comment is a genuine admission: ""We have sent short qty to Cx Mahiboob bee""",SwapnilP_MUM,ShivamS_MUM
254802,3531974,Missing/Wrong Qty,Delhi,2026-08-24T11:25:48.000,BOD,"Warehouse-team Zoho comment is a denial/non-admission: ""We have sent proper medicine to Cx Mahiboob bee""",-,-
254582,3488962,Missing/Wrong Qty,Delhi,2026-08-23T10:21:36.000,Considered BOD,Not yet checked against a Warehouse-team Zoho comment - treated as BOD by default (unconfirmed resolution),-,-
253849,3478577,Missing/Wrong Qty,Unknown,2026-08-19T12:23:29.000,No return record,No matching marketplace_return_request row found in ClickHouse for this order,-,-
254142,3457866,Missing/Wrong Qty,Lucknow,2026-08-21T06:59:15.000,BOD,"Warehouse-team Zoho comment is a denial/non-admission: ""We have sent proper medicine to Cx Mahiboob bee""",-,-
254147,3482612,Missing/Wrong Qty,Bangalore,2026-08-21T07:16:04.000,BOD,"Warehouse-team Zoho comment is a denial/non-admission: ""We have sent proper medicine to Cx Mahiboob bee""",-,-
254555,3495905,Missing/Wrong Qty,Delhi,2026-08-23T08:30:35.000,Considered BOD,Not yet checked against a Warehouse-team Zoho comment - treated as BOD by default (unconfirmed resolution),-,-
254312,3543577,Missing/Wrong Qty,Unknown,2026-08-22T05:22:58.000,No return record,No matching marketplace_return_request row found in ClickHouse for this order,-,-
254410,3473374,Missing/Wrong Qty,Kolkata,2026-08-22T10:17:54.000,Considered BOD,Not yet checked against a Warehouse-team Zoho comment - treated as BOD by default (unconfirmed resolution),-,-
254407,3490453,Missing/Wrong Qty,Bangalore,2026-08-22T09:53:18.000,WH Accepted,"Warehouse-team Zoho comment is a genuine admission: ""We have sent short qty to Cx Mahiboob bee""",Veena_BLRWH,Raksha_BLRWH
254313,3525777,Missing/Wrong Qty,Bangalore,2026-08-22T05:24:06.000,Considered BOD,Not yet checked against a Warehouse-team Zoho comment - treated as BOD by default (unconfirmed resolution),-,-
254360,3478647,Missing/Wrong Qty,Delhi,2026-08-22T07:06:18.000,Considered BOD,Not yet checked against a Warehouse-team Zoho comment - treated as BOD by default (unconfirmed resolution),-,-
254306,3501925,Missing/Wrong Qty,Kolkata,2026-08-22T05:14:05.000,Considered BOD,Not yet checked against a Warehouse-team Zoho comment - treated as BOD by default (unconfirmed resolution),-,-
254310,3477077,Missing/Wrong Qty,Lucknow,2026-08-22T05:16:29.000,WH Accepted,"Warehouse-team Zoho comment is a genuine admission: ""We have sent short qty to Cx Mahiboob bee""",Anand.K_LKO,Roshani_LKO
254602,3498535,Missing/Wrong Qty,Delhi,2026-08-23T12:20:41.000,BOD,"Warehouse-team Zoho comment is a denial/non-admission: ""We have sent proper medicine to Cx""",-,-
254577,3499742,Missing/Wrong Qty,Kolkata,2026-08-23T09:51:53.000,BOD,"Warehouse-team Zoho comment is a denial/non-admission: ""We have sent proper medicine to Cx""",-,-
254446,3524039,Missing/Wrong Qty,Delhi,2026-08-22T12:45:25.000,BOD,"Warehouse-team Zoho comment is a denial/non-admission: ""We have sent proper medicine to Cx""",-,-
254711,3366721,Missing/Wrong Qty,Mumbai,2026-08-24T06:34:00.000,Considered BOD,No Warehouse-team Zoho comment on this ticket - treated as BOD by default (unconfirmed resolution),-,-
253703,3453362,Missing/Wrong Qty,Delhi,2026-08-19T05:09:25.000,BOD,"Warehouse-team Zoho comment is a denial/non-admission: ""We have sent proper medicine to Cx""",-,-
254409,3508067,Missing/Wrong Qty,Mumbai,2026-08-22T10:15:44.000,Considered BOD,Not yet checked against a Warehouse-team Zoho comment - treated as BOD by default (unconfirmed resolution),-,-
254418,3544813,Missing/Wrong Qty,Bangalore,2026-08-22T10:53:08.000,Considered BOD,Not yet checked against a Warehouse-team Zoho comment - treated as BOD by default (unconfirmed resolution),-,-
254419,3533795,Missing/Wrong Qty,Bangalore,2026-08-22T10:54:59.000,Considered BOD,Not yet checked against a Warehouse-team Zoho comment - treated as BOD by default (unconfirmed resolution),-,-
253836,3450522,Missing/Wrong Qty,Delhi,2026-08-19T11:20:21.000,BOD,"Warehouse-team Zoho comment is a denial/non-admission: ""We have sent proper medicine to Cx""",-,-
254235,3496340,Missing/Wrong Qty,Mumbai,2026-08-21T13:04:02.000,BOD,"Warehouse-team Zoho comment is a denial/non-admission: ""We have sent proper medicine to Cx""",-,-
254548,3534357,Missing/Wrong Qty,Bangalore,2026-08-23T08:20:06.000,BOD,"Warehouse-team Zoho comment is a denial/non-admission: ""We have sent proper medicine to Cx Mahiboob bee""",-,-
252857,3413534,Missing/Wrong Qty,Kolkata,2026-08-14T12:33:40.000,Considered BOD,No Warehouse-team Zoho comment on this ticket - treated as BOD by default (unconfirmed resolution),-,-
253806,3473882,Missing/Wrong Qty,Delhi,2026-08-19T10:13:08.000,BOD,"Warehouse-team Zoho comment is a denial/non-admission: ""We have sent proper medicine to Cx""",-,-
253925,3430488,Missing/Wrong Qty,Delhi,2026-08-20T05:20:07.000,Considered BOD,Not yet checked against a Warehouse-team Zoho comment - treated as BOD by default (unconfirmed resolution),-,-
253629,3454380,Missing/Wrong Qty,Mumbai,2026-08-18T12:48:07.000,Considered BOD,"Warehouse-team Zoho comment matched no known admission/denial pattern - needs manual review: ""None"" - treated as BOD by default (unconfirmed resolution)",-,-
253791,3486170,Missing/Wrong Qty,Delhi,2026-08-19T08:54:44.000,BOD,"Warehouse-team Zoho comment is a denial/non-admission: ""We have sent proper medicine to Cx""",-,-
254064,3395679,Missing/Wrong Qty,Bangalore,2026-08-20T13:24:31.000,Considered BOD,Not yet checked against a Warehouse-team Zoho comment - treated as BOD by default (unconfirmed resolution),-,-
254195,3502816,Missing/Wrong Qty,Delhi,2026-08-21T10:28:21.000,BOD,"Warehouse-team Zoho comment is a denial/non-admission: ""We have sent proper medicine to Cx Mahiboob bee""",-,-
254031,3473393,Missing/Wrong Qty,Mumbai,2026-08-20T11:04:22.000,Considered BOD,Not yet checked against a Warehouse-team Zoho comment - treated as BOD by default (unconfirmed resolution),-,-
254126,3508281,Missing/Wrong Qty,Kolkata,2026-08-21T05:45:38.000,Considered BOD,Not yet checked against a Warehouse-team Zoho comment - treated as BOD by default (unconfirmed resolution),-,-
254159,3505585,Missing/Wrong Qty,Mumbai,2026-08-21T07:57:36.000,Considered BOD,Not yet checked against a Warehouse-team Zoho comment - treated as BOD by default (unconfirmed resolution),-,-
253706,3464409,Missing/Wrong Qty,Bangalore,2026-08-19T05:19:16.000,BOD,"Warehouse-team Zoho comment is a denial/non-admission: ""We have sent proper medicine to Cx""",-,-
254190,3517234,Missing/Wrong Qty,Delhi,2026-08-21T10:13:57.000,BOD,"Warehouse-team Zoho comment is a denial/non-admission: ""We have sent proper medicine to Cx Mahiboob bee""",-,-
254196,3486989,Missing/Wrong Qty,Mumbai,2026-08-21T10:31:08.000,BOD,"Warehouse-team Zoho comment is a denial/non-admission: ""We have sent proper medicine to Cx Mahiboob bee""",-,-
254002,3479940,Missing/Wrong Qty,Kolkata,2026-08-20T09:28:43.000,Considered BOD,Not yet checked against a Warehouse-team Zoho comment - treated as BOD by default (unconfirmed resolution),-,-
254148,3477504,Missing/Wrong Qty,Lucknow,2026-08-21T07:19:05.000,BOD,"Warehouse-team Zoho comment is a denial/non-admission: ""We have sent proper medicine to Cx Mahiboob bee""",-,-
254156,3516123,Missing/Wrong Qty,Lucknow,2026-08-21T07:50:42.000,Considered BOD,Not yet checked against a Warehouse-team Zoho comment - treated as BOD by default (unconfirmed resolution),-,-
254193,3490462,Missing/Wrong Qty,Delhi,2026-08-21T10:23:38.000,Considered BOD,Not yet checked against a Warehouse-team Zoho comment - treated as BOD by default (unconfirmed resolution),-,-
254197,3483616,Missing/Wrong Qty,Delhi,2026-08-21T10:32:18.000,Considered BOD,Not yet checked against a Warehouse-team Zoho comment - treated as BOD by default (unconfirmed resolution),-,-
254290,3537002,Missing/Wrong Qty,Delhi,2026-08-22T04:35:28.000,Considered BOD,Not yet checked against a Warehouse-team Zoho comment - treated as BOD by default (unconfirmed resolution),-,-
254293,3532721,Missing/Wrong Qty,Lucknow,2026-08-22T04:42:27.000,BOD,"Warehouse-team Zoho comment is a denial/non-admission: ""We have sent proper medicine to Cx Mahiboob bee""",-,-
253088,3392213,Missing/Wrong Qty,Delhi,2026-08-16T05:53:52.000,BOD,"Warehouse-team Zoho comment is a denial/non-admission: ""We have sent proper medicine to Cx""",-,-
253724,3478398,Missing/Wrong Qty,Lucknow,2026-08-19T06:02:33.000,BOD,"Warehouse-team Zoho comment is a denial/non-admission: ""We have sent proper medicine to Cx""",-,-
253634,3434030,Missing/Wrong Qty,Bangalore,2026-08-18T13:00:08.000,Considered BOD,"Warehouse-team Zoho comment matched no known admission/denial pattern - needs manual review: ""None"" - treated as BOD by default (unconfirmed resolution)",-,-
253612,3422168,Missing/Wrong Qty,Delhi,2026-08-18T11:39:22.000,BOD,"Warehouse-team Zoho comment is a denial/non-admission: ""We have sent proper medicine to Cx""",-,-
253603,3477804,Missing/Wrong Qty,Kolkata,2026-08-18T11:05:06.000,BOD,"Warehouse-team Zoho comment is a denial/non-admission: ""We have sent proper medicine to Cx""",-,-
253579,3339115,Missing/Wrong Qty,Unknown,2026-08-18T10:16:11.000,No return record,No matching marketplace_return_request row found in ClickHouse for this order,-,-
253139,3408813,Missing/Wrong Qty,Mumbai,2026-08-16T08:32:34.000,Considered BOD,Not yet checked against a Warehouse-team Zoho comment - treated as BOD by default (unconfirmed resolution),-,-
252944,3379927,Missing/Wrong Qty,Kolkata,2026-08-15T07:07:04.000,BOD,"Warehouse-team Zoho comment is a denial/non-admission: ""We have sent proper medicine to Cx Mahiboob bee""",-,-
253976,3246596,Missing/Wrong Qty,Bangalore,2026-08-20T07:56:24.000,Considered BOD,Not yet checked against a Warehouse-team Zoho comment - treated as BOD by default (unconfirmed resolution),-,-
253373,3428472,Missing/Wrong Qty,Lucknow,2026-08-17T11:07:59.000,BOD,"Warehouse-team Zoho comment is a denial/non-admission: ""We have sent proper medicine to Cx""",-,-
253410,3436152,Missing/Wrong Qty,Bangalore,2026-08-17T12:31:16.000,Considered BOD,Not yet checked against a Warehouse-team Zoho comment - treated as BOD by default (unconfirmed resolution),-,-
253435,3449327,Missing/Wrong Qty,Mumbai,2026-08-17T14:12:57.000,Considered BOD,No Warehouse-team Zoho comment on this ticket - treated as BOD by default (unconfirmed resolution),-,-
253485,3453226,Missing/Wrong Qty,Delhi,2026-08-18T05:34:37.000,BOD,"Warehouse-team Zoho comment is a denial/non-admission: ""We have sent proper medicine to cx""",-,-
252435,3348149,Missing/Wrong Qty,Delhi,2026-08-12T11:51:08.000,Considered BOD,Not yet checked against a Warehouse-team Zoho comment - treated as BOD by default (unconfirmed resolution),-,-
253709,3347474,Missing/Wrong Qty,Delhi,2026-08-19T05:26:05.000,Considered BOD,Not yet checked against a Warehouse-team Zoho comment - treated as BOD by default (unconfirmed resolution),-,-
253585,3451237,Missing/Wrong Qty,Bangalore,2026-08-18T10:27:39.000,Considered BOD,Not yet checked against a Warehouse-team Zoho comment - treated as BOD by default (unconfirmed resolution),-,-
254048,3455337,Missing/Wrong Qty,Kolkata,2026-08-20T12:08:22.000,Considered BOD,No Warehouse-team Zoho comment on this ticket - treated as BOD by default (unconfirmed resolution),-,-
253600,3445068,Missing/Wrong Qty,Delhi,2026-08-18T11:00:04.000,Considered BOD,Not yet checked against a Warehouse-team Zoho comment - treated as BOD by default (unconfirmed resolution),-,-
253722,3447916,Missing/Wrong Qty,Delhi,2026-08-19T06:00:35.000,Considered BOD,Not yet checked against a Warehouse-team Zoho comment - treated as BOD by default (unconfirmed resolution),-,-
253821,3448950,Missing/Wrong Qty,Lucknow,2026-08-19T10:47:08.000,BOD,"Warehouse-team Zoho comment is a denial/non-admission: ""We have sent proper medicine to Cx Mahiboob bee""",-,-
253995,3331021,Missing/Wrong Qty,Bangalore,2026-08-20T09:19:05.000,Considered BOD,Not yet checked against a Warehouse-team Zoho comment - treated as BOD by default (unconfirmed resolution),-,-
253380,3384787,Missing/Wrong Qty,Delhi,2026-08-17T11:16:29.000,BOD,"Warehouse-team Zoho comment is a denial/non-admission: ""We have sent proper medicine to Cx""",-,-
253810,3435959,Missing/Wrong Qty,Delhi,2026-08-19T10:22:16.000,Considered BOD,Not yet checked against a Warehouse-team Zoho comment - treated as BOD by default (unconfirmed resolution),-,-
253491,3462050,Missing/Wrong Qty,Bangalore,2026-08-18T05:49:54.000,Considered BOD,Not yet checked against a Warehouse-team Zoho comment - treated as BOD by default (unconfirmed resolution),-,-
253573,3341145,Missing/Wrong Qty,Kolkata,2026-08-18T10:01:05.000,Considered BOD,Not yet checked against a Warehouse-team Zoho comment - treated as BOD by default (unconfirmed resolution),-,-
253583,3476035,Missing/Wrong Qty,Bangalore,2026-08-18T10:23:39.000,BOD,"Warehouse-team Zoho comment is a denial/non-admission: ""We have sent proper medicine to Cx Mahiboob bee""",-,-
253802,3439668,Missing/Wrong Qty,Delhi,2026-08-19T10:02:00.000,Considered BOD,Not yet checked against a Warehouse-team Zoho comment - treated as BOD by default (unconfirmed resolution),-,-
253386,3428871,Missing/Wrong Qty,Unknown,2026-08-17T11:23:45.000,No return record,No matching marketplace_return_request row found in ClickHouse for this order,-,-
253375,3419301,Missing/Wrong Qty,Kolkata,2026-08-17T11:09:27.000,BOD,"Warehouse-team Zoho comment is a denial/non-admission: ""We have sent proper medicine to Cx""",-,-
253412,3439668,Missing/Wrong Qty,Delhi,2026-08-17T12:41:32.000,Considered BOD,Not yet checked against a Warehouse-team Zoho comment - treated as BOD by default (unconfirmed resolution),-,-
251953,3356833,Missing/Wrong Qty,Unknown,2026-08-10T12:01:25.000,No return record,No matching marketplace_return_request row found in ClickHouse for this order,-,-
253617,3422129,Missing/Wrong Qty,Delhi,2026-08-18T12:07:20.000,Considered BOD,Not yet checked against a Warehouse-team Zoho comment - treated as BOD by default (unconfirmed resolution),-,-
253618,3470814,Missing/Wrong Qty,Delhi,2026-08-18T12:08:59.000,BOD,"Warehouse-team Zoho comment is a denial/non-admission: ""We have sent proper medicine to Cx""",-,-
253783,3470814,Missing/Wrong Qty,Delhi,2026-08-19T08:23:45.000,Considered BOD,Not yet checked against a Warehouse-team Zoho comment - treated as BOD by default (unconfirmed resolution),-,-
253518,3466415,Missing/Wrong Qty,Lucknow,2026-08-18T07:03:49.000,BOD,"Warehouse-team Zoho comment is a denial/non-admission: ""We have sent proper medicine to cx""",-,-
253426,3392213,Missing/Wrong Qty,Delhi,2026-08-17T13:40:20.000,BOD,"Warehouse-team Zoho comment is a denial/non-admission: ""We have sent proper medicine to Cx""",-,-
253369,3416534,Missing/Wrong Qty,Bangalore,2026-08-17T10:53:57.000,BOD,"Warehouse-team Zoho comment is a denial/non-admission: ""We have sent proper medicine to Cx""",-,-
253519,3466415,Missing/Wrong Qty,Lucknow,2026-08-18T07:09:57.000,BOD,"Warehouse-team Zoho comment is a denial/non-admission: ""We have sent proper medicine to Cx""",-,-
254017,3393248,Missing/Wrong Qty,Unknown,2026-08-20T10:10:40.000,No return record,No matching marketplace_return_request row found in ClickHouse for this order,-,-
253382,3436676,Missing/Wrong Qty,Lucknow,2026-08-17T11:18:47.000,Considered BOD,Not yet checked against a Warehouse-team Zoho comment - treated as BOD by default (unconfirmed resolution),-,-
253335,3462545,Missing/Wrong Qty,Bangalore,2026-08-17T08:23:34.000,WH Accepted,"Warehouse-team Zoho comment is a genuine admission: ""we have sent short qty to Cx""",Uzma1_BLRWH / Veena_BLRWH,Raksha_BLRWH
253850,3471321,Missing/Wrong Qty,Bangalore,2026-08-19T12:23:33.000,WH Accepted,"Warehouse-team Zoho comment is a genuine admission: ""We have sent short qty to Cx Mahiboob bee""",Kavana_BLRWH,Shwetha_BLRWH
253823,3410721,Missing/Wrong Qty,Delhi,2026-08-19T10:48:58.000,Considered BOD,Not yet checked against a Warehouse-team Zoho comment - treated as BOD by default (unconfirmed resolution),-,-
252832,3405082,Missing/Wrong Qty,Bangalore,2026-08-14T11:05:49.000,BOD,"Warehouse-team Zoho comment is a denial/non-admission: ""We have sent proper medicine to Cx""",-,-
252830,3239286,Missing/Wrong Qty,Kolkata,2026-08-14T10:59:26.000,Considered BOD,Not yet checked against a Warehouse-team Zoho comment - treated as BOD by default (unconfirmed resolution),-,-
253818,3447420,Missing/Wrong Qty,Delhi,2026-08-19T10:39:41.000,Considered BOD,Not yet checked against a Warehouse-team Zoho comment - treated as BOD by default (unconfirmed resolution),-,-
253822,3461523,Missing/Wrong Qty,Mumbai,2026-08-19T10:48:01.000,Considered BOD,Not yet checked against a Warehouse-team Zoho comment - treated as BOD by default (unconfirmed resolution),-,-
253834,3449204,Missing/Wrong Qty,Delhi,2026-08-19T11:18:53.000,BOD,"Warehouse-team Zoho comment is a denial/non-admission: ""We have sent proper medicine to Cx""",-,-
252587,3371334,Missing/Wrong Qty,Mumbai,2026-08-13T07:55:43.000,BOD,"Warehouse-team Zoho comment is a denial/non-admission: ""We have sent proper medicine to Cx""",-,-
253794,3456148,Missing/Wrong Qty,Bangalore,2026-08-19T09:12:29.000,BOD,"Warehouse-team Zoho comment is a denial/non-admission: ""We have sent proper medicine to Cx""",-,-
253307,3395307,Missing/Wrong Qty,Delhi,2026-08-17T06:58:54.000,Considered BOD,"Warehouse-team Zoho comment matched no known admission/denial pattern - needs manual review: ""Still not received the wh"" - treated as BOD by default (unconfirmed resolution)",-,-
253384,3434260,Missing/Wrong Qty,Lucknow,2026-08-17T11:21:04.000,BOD,"Warehouse-team Zoho comment is a denial/non-admission: ""We have sent proper medicine to Cx""",-,-
252438,3301505,Missing/Wrong Qty,Bangalore,2026-08-12T11:55:38.000,BOD,"Warehouse-team Zoho comment is a denial/non-admission: ""We have sent proper medicine to Cx""",-,-
253318,3394168,Missing/Wrong Qty,Delhi,2026-08-17T07:26:47.000,BOD,"Warehouse-team Zoho comment is a denial/non-admission: ""We have sent proper medicine to Cx""",-,-
253170,3398334,Missing/Wrong Qty,Delhi,2026-08-16T10:15:31.000,Considered BOD,Not yet checked against a Warehouse-team Zoho comment - treated as BOD by default (unconfirmed resolution),-,-
253027,3433342,Missing/Wrong Qty,Bangalore,2026-08-15T12:36:04.000,BOD,"Warehouse-team Zoho comment is a denial/non-admission: ""We have sent proper medicine to Cx""",-,-
253028,3443106,Missing/Wrong Qty,Mumbai,2026-08-15T12:37:45.000,BOD,"Warehouse-team Zoho comment is a denial/non-admission: ""We have sent proper medicine to cx""",-,-
250831,3256802,Missing/Wrong Qty,Bangalore,2026-08-04T10:49:57.000,WH Accepted,"Warehouse-team Zoho comment is a genuine admission: ""We have sent short qty to Cx Mahiboob bee""",Santosh,Tharun_BLRWH
250830,3226235,Missing/Wrong Qty,Mumbai,2026-08-04T10:48:28.000,BOD,"Warehouse-team Zoho comment is a denial/non-admission: ""We have sent proper medicine to Cx Mahiboob bee""",-,-
251695,3318605,Missing/Wrong Qty,Delhi,2026-08-09T07:45:59.000,Considered BOD,"Warehouse-team Zoho comment matched no known admission/denial pattern - needs manual review: ""Still not received the wh"" - treated as BOD by default (unconfirmed resolution)",-,-
253639,3450185,Missing/Wrong Qty,Kolkata,2026-08-18T13:30:50.000,Considered BOD,Not yet checked against a Warehouse-team Zoho comment - treated as BOD by default (unconfirmed resolution),-,-
253488,3448026,Missing/Wrong Qty,Lucknow,2026-08-18T05:44:33.000,Considered BOD,Not yet checked against a Warehouse-team Zoho comment - treated as BOD by default (unconfirmed resolution),-,-
253531,3444871,Missing/Wrong Qty,Bangalore,2026-08-18T07:50:13.000,Considered BOD,Not yet checked against a Warehouse-team Zoho comment - treated as BOD by default (unconfirmed resolution),-,-
252941,3387798,Missing/Wrong Qty,Lucknow,2026-08-15T06:57:36.000,BOD,"Warehouse-team Zoho comment is a denial/non-admission: ""We have sent proper medicine to Cx""",-,-
253660,3487719,Missing/Wrong Qty,Unknown,2026-08-18T15:30:07.000,No return record,No matching marketplace_return_request row found in ClickHouse for this order,-,-
253692,3458721,Missing/Wrong Qty,Delhi,2026-08-19T04:20:26.000,Considered BOD,Not yet checked against a Warehouse-team Zoho comment - treated as BOD by default (unconfirmed resolution),-,-
253666,3487846,Missing/Wrong Qty,Unknown,2026-08-18T15:58:43.000,No return record,No matching marketplace_return_request row found in ClickHouse for this order,-,-
253487,3475309,Missing/Wrong Qty,Bangalore,2026-08-18T05:42:56.000,WH Accepted,"Warehouse-team Zoho comment is a genuine admission: ""We have sent short qty to cx""",Anjana_BLRW,Shwetha_BLRWH
253421,3454895,Missing/Wrong Qty,Delhi,2026-08-17T13:20:16.000,Considered BOD,Not yet checked against a Warehouse-team Zoho comment - treated as BOD by default (unconfirmed resolution),-,-
253417,3452160,Missing/Wrong Qty,Bangalore,2026-08-17T12:57:46.000,Considered BOD,Not yet checked against a Warehouse-team Zoho comment - treated as BOD by default (unconfirmed resolution),-,-
253278,3461016,Missing/Wrong Qty,Bangalore,2026-08-17T06:02:01.000,Considered BOD,"Warehouse-team Zoho comment matched no known admission/denial pattern - needs manual review: ""3395307 from this order id ticket raised 3 times a day Same issue"" - treated as BOD by default (unconfirmed resolution)",-,-
253357,3359114,Missing/Wrong Qty,Bangalore,2026-08-17T10:09:57.000,BOD,"Warehouse-team Zoho comment is a denial/non-admission: ""Free item is not mentioned on the item We have sent proper medicine to Cx""",-,-
253342,3386312,Missing/Wrong Qty,Kolkata,2026-08-17T09:12:56.000,Considered BOD,Not yet checked against a Warehouse-team Zoho comment - treated as BOD by default (unconfirmed resolution),-,-
253169,3388295,Missing/Wrong Qty,Bangalore,2026-08-16T10:14:40.000,BOD,"Warehouse-team Zoho comment is a denial/non-admission: ""We have sent proper medicine to Cx Mahiboob bee""",-,-
253167,3417800,Missing/Wrong Qty,Kolkata,2026-08-16T10:12:47.000,Considered BOD,Not yet checked against a Warehouse-team Zoho comment - treated as BOD by default (unconfirmed resolution),-,-
253016,3440935,Missing/Wrong Qty,Kolkata,2026-08-15T11:58:26.000,WH Accepted,"Warehouse-team Zoho comment is a genuine admission: ""We have sent short qty to Cx""",Anurag_KOL / Rahul_KOL,Debashish_KOL
253005,3409918,Missing/Wrong Qty,Bangalore,2026-08-15T11:26:01.000,BOD,"Warehouse-team Zoho comment is a denial/non-admission: ""We have sent proper medicine to Cx""",-,-
252996,3441544,Missing/Wrong Qty,Bangalore,2026-08-15T10:55:44.000,BOD,"Warehouse-team Zoho comment is a denial/non-admission: ""We have sent proper medicine to Cx""",-,-
252656,3258516,Missing/Wrong Qty,Mumbai,2026-08-13T11:39:53.000,BOD,"Warehouse-team Zoho comment is a denial/non-admission: ""We have sent proper medicine to Cx""",-,-
253024,3358155,Missing/Wrong Qty,Delhi,2026-08-15T12:22:15.000,BOD,"Warehouse-team Zoho comment is a denial/non-admission: ""We have sent proper medicine to Cx""",-,-
253304,3358155,Missing/Wrong Qty,Delhi,2026-08-17T06:54:47.000,Considered BOD,Not yet checked against a Warehouse-team Zoho comment - treated as BOD by default (unconfirmed resolution),-,-
253162,3376953,Missing/Wrong Qty,Lucknow,2026-08-16T10:00:12.000,WH Accepted,"Warehouse-team Zoho comment is a genuine admission: ""We have sent short qty to Cx Mahiboob bee""",Shubham.K_LKO,Roshani_LKO
253434,3442608,Missing/Wrong Qty,Unknown,2026-08-17T14:11:00.000,No return record,No matching marketplace_return_request row found in ClickHouse for this order,-,-
253395,3473173,Missing/Wrong Qty,Kolkata,2026-08-17T11:46:18.000,Considered BOD,Not yet checked against a Warehouse-team Zoho comment - treated as BOD by default (unconfirmed resolution),-,-
253385,3468526,Missing/Wrong Qty,Delhi,2026-08-17T11:22:19.000,BOD,"Warehouse-team Zoho comment is a denial/non-admission: ""We have sent proper medicine to cx Naveen""",-,-
253081,3453125,Missing/Wrong Qty,Bangalore,2026-08-16T05:13:56.000,Considered BOD,Not yet checked against a Warehouse-team Zoho comment - treated as BOD by default (unconfirmed resolution),-,-
253090,3420632,Missing/Wrong Qty,Bangalore,2026-08-16T05:59:14.000,Considered BOD,Not yet checked against a Warehouse-team Zoho comment - treated as BOD by default (unconfirmed resolution),-,-
253163,3435207,Missing/Wrong Qty,Bangalore,2026-08-16T10:02:25.000,Considered BOD,Not yet checked against a Warehouse-team Zoho comment - treated as BOD by default (unconfirmed resolution),-,-
253166,3356704,Missing/Wrong Qty,Bangalore,2026-08-16T10:11:56.000,Considered BOD,Not yet checked against a Warehouse-team Zoho comment - treated as BOD by default (unconfirmed resolution),-,-
253207,3450480,Missing/Wrong Qty,Kolkata,2026-08-16T12:26:05.000,Considered BOD,Not yet checked against a Warehouse-team Zoho comment - treated as BOD by default (unconfirmed resolution),-,-
253370,3437978,Missing/Wrong Qty,Delhi,2026-08-17T10:53:58.000,Considered BOD,Not yet checked against a Warehouse-team Zoho comment - treated as BOD by default (unconfirmed resolution),-,-
253371,3445498,Missing/Wrong Qty,Bangalore,2026-08-17T11:01:53.000,Considered BOD,Not yet checked against a Warehouse-team Zoho comment - treated as BOD by default (unconfirmed resolution),-,-
252919,3437170,Missing/Wrong Qty,Bangalore,2026-08-15T05:12:49.000,Considered BOD,Not yet checked against a Warehouse-team Zoho comment - treated as BOD by default (unconfirmed resolution),-,-
253353,3464001,Missing/Wrong Qty,Delhi,2026-08-17T10:03:28.000,Considered BOD,Not yet checked against a Warehouse-team Zoho comment - treated as BOD by default (unconfirmed resolution),-,-
253354,3396547,Missing/Wrong Qty,Delhi,2026-08-17T10:04:55.000,Considered BOD,Not yet checked against a Warehouse-team Zoho comment - treated as BOD by default (unconfirmed resolution),-,-
253377,3392185,Missing/Wrong Qty,Bangalore,2026-08-17T11:10:51.000,BOD,"Warehouse-team Zoho comment is a denial/non-admission: ""We have sent proper medicine to cx Naveen""",-,-
253192,3392797,Missing/Wrong Qty,Lucknow,2026-08-16T11:00:47.000,Considered BOD,Not yet checked against a Warehouse-team Zoho comment - treated as BOD by default (unconfirmed resolution),-,-
252976,3391052,Missing/Wrong Qty,Delhi,2026-08-15T09:35:14.000,BOD,"Warehouse-team Zoho comment is a denial/non-admission: ""We have sent proper medicine to Cx""",-,-
253186,3386312,Missing/Wrong Qty,Kolkata,2026-08-16T10:45:01.000,Considered BOD,Not yet checked against a Warehouse-team Zoho comment - treated as BOD by default (unconfirmed resolution),-,-
253018,3422579,Missing/Wrong Qty,Delhi,2026-08-15T12:01:20.000,Considered BOD,Not yet checked against a Warehouse-team Zoho comment - treated as BOD by default (unconfirmed resolution),-,-
253083,3432363,Missing/Wrong Qty,Delhi,2026-08-16T05:16:49.000,Considered BOD,Not yet checked against a Warehouse-team Zoho comment - treated as BOD by default (unconfirmed resolution),-,-
253158,3438750,Missing/Wrong Qty,Delhi,2026-08-16T09:39:22.000,Considered BOD,Not yet checked against a Warehouse-team Zoho comment - treated as BOD by default (unconfirmed resolution),-,-
252992,3441959,Missing/Wrong Qty,Delhi,2026-08-15T10:26:43.000,WH Accepted,"Warehouse-team Zoho comment is a genuine admission: ""We have sent short qty to Cx Mahiboob bee""",Saurav_DEL,Shailesh_DEL
252989,3404938,Missing/Wrong Qty,Delhi,2026-08-15T10:23:10.000,Considered BOD,Not yet checked against a Warehouse-team Zoho comment - treated as BOD by default (unconfirmed resolution),-,-
252973,3389099,Missing/Wrong Qty,Lucknow,2026-08-15T09:12:21.000,Considered BOD,Not yet checked against a Warehouse-team Zoho comment - treated as BOD by default (unconfirmed resolution),-,-
252597,3361684,Missing/Wrong Qty,Bangalore,2026-08-13T08:19:10.000,Considered BOD,Not yet checked against a Warehouse-team Zoho comment - treated as BOD by default (unconfirmed resolution),-,-
252563,3366721,Missing/Wrong Qty,Mumbai,2026-08-13T06:38:46.000,BOD,"Warehouse-team Zoho comment is a denial/non-admission: ""We have sent proper medicine to Cx""",-,-
252987,3426515,Missing/Wrong Qty,Delhi,2026-08-15T10:21:02.000,Considered BOD,Not yet checked against a Warehouse-team Zoho comment - treated as BOD by default (unconfirmed resolution),-,-
252083,3225380,Missing/Wrong Qty,Lucknow,2026-08-11T06:06:32.000,BOD,"Warehouse-team Zoho comment is a denial/non-admission: ""We have sent proper medicine to Cx""",-,-
252986,3418099,Missing/Wrong Qty,Delhi,2026-08-15T10:17:53.000,Considered BOD,Not yet checked against a Warehouse-team Zoho comment - treated as BOD by default (unconfirmed resolution),-,-
252871,3384973,Missing/Wrong Qty,Bangalore,2026-08-14T13:16:29.000,BOD,"Warehouse-team Zoho comment is a denial/non-admission: ""We have sent proper medicine to Cx""",-,-
252936,3363058,Missing/Wrong Qty,Delhi,2026-08-15T06:52:11.000,Considered BOD,Not yet checked against a Warehouse-team Zoho comment - treated as BOD by default (unconfirmed resolution),-,-
252983,3391162,Missing/Wrong Qty,Bangalore,2026-08-15T10:11:03.000,Considered BOD,Not yet checked against a Warehouse-team Zoho comment - treated as BOD by default (unconfirmed resolution),-,-
252988,3348023,Missing/Wrong Qty,Bangalore,2026-08-15T10:21:49.000,Considered BOD,Not yet checked against a Warehouse-team Zoho comment - treated as BOD by default (unconfirmed resolution),-,-
252990,3362566,Missing/Wrong Qty,Lucknow,2026-08-15T10:24:04.000,Considered BOD,Not yet checked against a Warehouse-team Zoho comment - treated as BOD by default (unconfirmed resolution),-,-
252991,3410328,Missing/Wrong Qty,Lucknow,2026-08-15T10:25:22.000,WH Accepted,"Warehouse-team Zoho comment is a genuine admission: ""We have sent short qty to Cx Mahiboob bee""",Prince_LKO,Anuj.S_LKO
251540,3327735,Missing/Wrong Qty,Bangalore,2026-08-08T10:04:53.000,Considered BOD,Not yet checked against a Warehouse-team Zoho comment - treated as BOD by default (unconfirmed resolution),-,-
252445,3342944,Missing/Wrong Qty,Lucknow,2026-08-12T12:10:13.000,BOD,"Warehouse-team Zoho comment is a denial/non-admission: ""We have sent proper medicine to Cx Mahiboob bee""",-,-
252041,3280391,Missing/Wrong Qty,Kolkata,2026-08-11T04:48:56.000,BOD,"Warehouse-team Zoho comment is a denial/non-admission: ""We have sent proper medicine to Cx""",-,-
251142,3296148,Missing/Wrong Qty,Delhi,2026-08-06T07:00:38.000,WH Accepted,"Warehouse-team Zoho comment is a genuine admission: ""We have sent 1 qty short to Cx Mahiboob bee""",Vinay_Del,Shailesh_DEL
251153,3288619,Missing/Wrong Qty,Mumbai,2026-08-06T07:29:51.000,Considered BOD,Not yet checked against a Warehouse-team Zoho comment - treated as BOD by default (unconfirmed resolution),-,-
252873,3374005,Missing/Wrong Qty,Mumbai,2026-08-14T13:22:42.000,Considered BOD,Not yet checked against a Warehouse-team Zoho comment - treated as BOD by default (unconfirmed resolution),-,-
252817,3413731,Missing/Wrong Qty,Mumbai,2026-08-14T10:08:20.000,WH Accepted,"Warehouse-team Zoho comment is a genuine admission: ""we have sent short qty to Cx""",SapnaY_MUM,NishaS_Mum
252839,3239889,Missing/Wrong Qty,Bangalore,2026-08-14T11:26:19.000,Considered BOD,Not yet checked against a Warehouse-team Zoho comment - treated as BOD by default (unconfirmed resolution),-,-
252842,3369996,Missing/Wrong Qty,Lucknow,2026-08-14T11:33:04.000,Considered BOD,Not yet checked against a Warehouse-team Zoho comment - treated as BOD by default (unconfirmed resolution),-,-
252661,3354677,Missing/Wrong Qty,Bangalore,2026-08-13T12:03:59.000,Considered BOD,Not yet checked against a Warehouse-team Zoho comment - treated as BOD by default (unconfirmed resolution),-,-
252639,3395307,Missing/Wrong Qty,Delhi,2026-08-13T10:47:13.000,Considered BOD,"Warehouse-team Zoho comment matched no known admission/denial pattern - needs manual review: ""3395307 from this order id ticket raised 3 times a day Same issue"" - treated as BOD by default (unconfirmed resolution)",-,-
252650,3395307,Missing/Wrong Qty,Delhi,2026-08-13T11:25:30.000,WH Accepted,"Warehouse-team Zoho comment is a genuine admission: ""we have sent short qty to Cx""",Pooja_B_DEL,Neeru_DEL
252655,3410778,Missing/Wrong Qty,Mumbai,2026-08-13T11:37:47.000,WH Accepted,"Warehouse-team Zoho comment is a genuine admission: ""we have sent short qty to Cx""",JyotiD_MUM,JayeshW_MUM
252651,3390585,Missing/Wrong Qty,Delhi,2026-08-13T11:27:06.000,BOD,"Warehouse-team Zoho comment is a denial/non-admission: ""We have sent proper medicine to Cx Mahiboob bee""",-,-
252469,3387427,Missing/Wrong Qty,Delhi,2026-08-12T13:26:10.000,BOD,"Warehouse-team Zoho comment is a denial/non-admission: ""We have sent proper medicine to Cx""",-,-
251882,3347474,Missing/Wrong Qty,Delhi,2026-08-10T07:33:45.000,Considered BOD,No Warehouse-team Zoho comment on this ticket - treated as BOD by default (unconfirmed resolution),-,-
252847,3374160,Missing/Wrong Qty,Bangalore,2026-08-14T11:43:48.000,WH Accepted,"Warehouse-team Zoho comment is a genuine admission: ""we have sent short qty to Cx""",Aravind_BLRWH,Shabana_BLRWH
252796,3047552,Missing/Wrong Qty,Mumbai,2026-08-14T08:41:08.000,Considered BOD,No Warehouse-team Zoho comment on this ticket - treated as BOD by default (unconfirmed resolution),-,-
252636,3395307,Missing/Wrong Qty,Delhi,2026-08-13T10:40:09.000,Considered BOD,"Warehouse-team Zoho comment matched no known admission/denial pattern - needs manual review: ""3395307 from this order ticket raised 3 times a day Same issue"" - treated as BOD by default (unconfirmed resolution)",-,-
252582,3396829,Missing/Wrong Qty,Mumbai,2026-08-13T07:48:30.000,WH Accepted,"Warehouse-team Zoho comment is a genuine admission: ""we have sent short qty to Cx""",AmishaG_MUM,KasturiR_MUM
252586,3393111,Missing/Wrong Qty,Delhi,2026-08-13T07:54:01.000,Considered BOD,Not yet checked against a Warehouse-team Zoho comment - treated as BOD by default (unconfirmed resolution),-,-
252589,3362740,Missing/Wrong Qty,Delhi,2026-08-13T07:58:47.000,BOD,"Warehouse-team Zoho comment is a denial/non-admission: ""We have sent proper medicine to Cx Mahiboob bee""",-,-
252590,3398608,Missing/Wrong Qty,Bangalore,2026-08-13T08:02:03.000,Considered BOD,Not yet checked against a Warehouse-team Zoho comment - treated as BOD by default (unconfirmed resolution),-,-
252662,3377273,Missing/Wrong Qty,Delhi,2026-08-13T12:07:34.000,Considered BOD,Not yet checked against a Warehouse-team Zoho comment - treated as BOD by default (unconfirmed resolution),-,-
252666,3368623,Missing/Wrong Qty,Delhi,2026-08-13T12:16:59.000,Considered BOD,Not yet checked against a Warehouse-team Zoho comment - treated as BOD by default (unconfirmed resolution),-,-
252596,3324395,Missing/Wrong Qty,Delhi,2026-08-13T08:16:25.000,BOD,"Warehouse-team Zoho comment is a denial/non-admission: ""We have sent proper medicine to Cx Mahiboob bee""",-,-
252649,3364636,Missing/Wrong Qty,Delhi,2026-08-13T11:24:19.000,Considered BOD,Not yet checked against a Warehouse-team Zoho comment - treated as BOD by default (unconfirmed resolution),-,-
252288,3243551,Missing/Wrong Qty,Kolkata,2026-08-12T04:47:49.000,BOD,"Warehouse-team Zoho comment is a denial/non-admission: ""We have sent proper medicine to Cx""",-,-
252468,3289051,Missing/Wrong Qty,Delhi,2026-08-12T13:23:58.000,Considered BOD,Not yet checked against a Warehouse-team Zoho comment - treated as BOD by default (unconfirmed resolution),-,-
252463,3358499,Missing/Wrong Qty,Lucknow,2026-08-12T13:00:49.000,BOD,"Warehouse-team Zoho comment is a denial/non-admission: ""We have sent proper medicine to Cx Mahiboob bee""",-,-
252451,3286570,Missing/Wrong Qty,Delhi,2026-08-12T12:26:51.000,Considered BOD,Not yet checked against a Warehouse-team Zoho comment - treated as BOD by default (unconfirmed resolution),-,-
252440,3367493,Missing/Wrong Qty,Bangalore,2026-08-12T11:58:58.000,Considered BOD,Not yet checked against a Warehouse-team Zoho comment - treated as BOD by default (unconfirmed resolution),-,-
252363,3387986,Missing/Wrong Qty,Mumbai,2026-08-12T07:58:07.000,Considered BOD,Not yet checked against a Warehouse-team Zoho comment - treated as BOD by default (unconfirmed resolution),-,-
252410,3381612,Missing/Wrong Qty,Delhi,2026-08-12T10:33:35.000,Considered BOD,Not yet checked against a Warehouse-team Zoho comment - treated as BOD by default (unconfirmed resolution),-,-
252406,3369638,Missing/Wrong Qty,Bangalore,2026-08-12T10:24:28.000,Considered BOD,Not yet checked against a Warehouse-team Zoho comment - treated as BOD by default (unconfirmed resolution),-,-
252453,3395992,Missing/Wrong Qty,Delhi,2026-08-12T12:39:19.000,Considered BOD,Not yet checked against a Warehouse-team Zoho comment - treated as BOD by default (unconfirmed resolution),-,-
252397,3352386,Missing/Wrong Qty,Kolkata,2026-08-12T10:09:02.000,Considered BOD,Not yet checked against a Warehouse-team Zoho comment - treated as BOD by default (unconfirmed resolution),-,-
252359,3384884,Missing/Wrong Qty,Delhi,2026-08-12T07:50:00.000,BOD,"Warehouse-team Zoho comment is a denial/non-admission: ""We have sent proper medicine to Cx Mahiboob bee""",-,-
252224,3383809,Missing/Wrong Qty,Bangalore,2026-08-11T13:30:20.000,BOD,"Warehouse-team Zoho comment is a denial/non-admission: ""We have sent proper medicine to Cx Mahiboob bee""",-,-
252157,3351910,Missing/Wrong Qty,Lucknow,2026-08-11T10:27:38.000,BOD,"Warehouse-team Zoho comment is a denial/non-admission: ""We have sent proper medicine to Cx Mahiboob bee""",-,-
252402,3377878,Missing/Wrong Qty,Delhi,2026-08-12T10:20:22.000,Considered BOD,Not yet checked against a Warehouse-team Zoho comment - treated as BOD by default (unconfirmed resolution),-,-
252423,3372609,Missing/Wrong Qty,Bangalore,2026-08-12T11:20:33.000,Considered BOD,Not yet checked against a Warehouse-team Zoho comment - treated as BOD by default (unconfirmed resolution),-,-
252418,3381072,Missing/Wrong Qty,Lucknow,2026-08-12T11:05:59.000,Considered BOD,Not yet checked against a Warehouse-team Zoho comment - treated as BOD by default (unconfirmed resolution),-,-
251703,3309976,Missing/Wrong Qty,Bangalore,2026-08-09T08:21:17.000,BOD,"Warehouse-team Zoho comment is a denial/non-admission: ""We have sent proper medicine to cx Naveen""",-,-
252302,3361684,Missing/Wrong Qty,Bangalore,2026-08-12T05:36:08.000,Considered BOD,Not yet checked against a Warehouse-team Zoho comment - treated as BOD by default (unconfirmed resolution),-,-
252361,3376411,Missing/Wrong Qty,Delhi,2026-08-12T07:56:19.000,Considered BOD,Not yet checked against a Warehouse-team Zoho comment - treated as BOD by default (unconfirmed resolution),-,-
252354,3383888,Missing/Wrong Qty,Mumbai,2026-08-12T07:34:08.000,Considered BOD,Not yet checked against a Warehouse-team Zoho comment - treated as BOD by default (unconfirmed resolution),-,-
252350,3153746,Missing/Wrong Qty,Bangalore,2026-08-12T07:23:52.000,Considered BOD,Not yet checked against a Warehouse-team Zoho comment - treated as BOD by default (unconfirmed resolution),-,-
252219,3349841,Missing/Wrong Qty,Lucknow,2026-08-11T13:25:26.000,WH Accepted,"Warehouse-team Zoho comment is a genuine admission: ""We have sent short qty to Cx Mahiboob bee""",Aniket_LKO,Raj.V_LKO
252196,3338561,Missing/Wrong Qty,Kolkata,2026-08-11T12:23:42.000,Considered BOD,"Warehouse-team Zoho comment matched no known admission/denial pattern - needs manual review: ""Footage not found because it is under maintenance"" - treated as BOD by default (unconfirmed resolution)",-,-
251973,3337963,Missing/Wrong Qty,Bangalore,2026-08-10T12:47:41.000,Considered BOD,Not yet checked against a Warehouse-team Zoho comment - treated as BOD by default (unconfirmed resolution),-,-
251961,3321270,Missing/Wrong Qty,Delhi,2026-08-10T12:25:51.000,BOD,"Warehouse-team Zoho comment is a denial/non-admission: ""We have sent proper medicine to cx""",-,-
251960,3333178,Missing/Wrong Qty,Bangalore,2026-08-10T12:18:22.000,BOD,"Warehouse-team Zoho comment is a denial/non-admission: ""We have sent proper medicine to cx""",-,-
251945,3321729,Missing/Wrong Qty,Bangalore,2026-08-10T11:31:28.000,BOD,"Warehouse-team Zoho comment is a denial/non-admission: ""We have sent proper medicine to cx""",-,-
252210,3331716,Missing/Wrong Qty,Bangalore,2026-08-11T12:57:57.000,WH Accepted,"Warehouse-team Zoho comment is a genuine admission: ""We have sent cerecetam  syrup 1 qty short to Cx""",Shashikumar_BLRWH,kannanmuthu_BLRWH
252167,3352948,Missing/Wrong Qty,Delhi,2026-08-11T10:55:34.000,BOD,"Warehouse-team Zoho comment is a denial/non-admission: ""We have sent proper medicine to Cx Mahiboob bee""",-,-
252193,3341342,Missing/Wrong Qty,Bangalore,2026-08-11T12:13:38.000,Considered BOD,Not yet checked against a Warehouse-team Zoho comment - treated as BOD by default (unconfirmed resolution),-,-
252212,3312631,Missing/Wrong Qty,Lucknow,2026-08-11T13:02:33.000,Considered BOD,Not yet checked against a Warehouse-team Zoho comment - treated as BOD by default (unconfirmed resolution),-,-
252213,3311178,Missing/Wrong Qty,Bangalore,2026-08-11T13:04:53.000,Considered BOD,Not yet checked against a Warehouse-team Zoho comment - treated as BOD by default (unconfirmed resolution),-,-
252130,3351721,Missing/Wrong Qty,Delhi,2026-08-11T07:48:51.000,BOD,"Warehouse-team Zoho comment is a denial/non-admission: ""We have sent proper medicine to Cx""",-,-
252155,3183944,Missing/Wrong Qty,Bangalore,2026-08-11T10:22:19.000,BOD,"Warehouse-team Zoho comment is a denial/non-admission: ""We have sent proper proper medicine to Cx Mahiboob bee""",-,-
252160,3370292,Missing/Wrong Qty,Delhi,2026-08-11T10:36:38.000,Considered BOD,Not yet checked against a Warehouse-team Zoho comment - treated as BOD by default (unconfirmed resolution),-,-
252168,3385467,Missing/Wrong Qty,Delhi,2026-08-11T11:00:26.000,Considered BOD,Not yet checked against a Warehouse-team Zoho comment - treated as BOD by default (unconfirmed resolution),-,-
252170,3342441,Missing/Wrong Qty,Delhi,2026-08-11T11:03:46.000,BOD,"Warehouse-team Zoho comment is a denial/non-admission: ""We have sent proper medicine to Cx Mahiboob bee""",-,-
252174,3319912,Missing/Wrong Qty,Bangalore,2026-08-11T11:20:30.000,Considered BOD,Not yet checked against a Warehouse-team Zoho comment - treated as BOD by default (unconfirmed resolution),-,-
251163,3300434,Missing/Wrong Qty,Delhi,2026-08-06T07:50:44.000,BOD,"Warehouse-team Zoho comment is a denial/non-admission: ""We have sent proper medicine to Cx""",-,-
252112,3342175,Missing/Wrong Qty,Bangalore,2026-08-11T07:13:39.000,Considered BOD,Not yet checked against a Warehouse-team Zoho comment - treated as BOD by default (unconfirmed resolution),-,-
251984,3359927,Missing/Wrong Qty,Delhi,2026-08-10T13:25:33.000,BOD,"Warehouse-team Zoho comment is a denial/non-admission: ""We have sent proper medicine to Cx""",-,-
251939,3305533,Missing/Wrong Qty,Kolkata,2026-08-10T11:16:44.000,WH Accepted,"Warehouse-team Zoho comment is a genuine admission: ""We have sent short qty to cx Naveen""",Priyanka_KOL / Rakeshkayal_KOL,Surojit_KOL
251947,3334231,Missing/Wrong Qty,Bangalore,2026-08-10T11:33:19.000,Considered BOD,Not yet checked against a Warehouse-team Zoho comment - treated as BOD by default (unconfirmed resolution),-,-
251874,3358216,Missing/Wrong Qty,Mumbai,2026-08-10T06:49:26.000,BOD,"Warehouse-team Zoho comment is a denial/non-admission: ""We have sent proper medicine to Cx Mahiboob bee""",-,-
251937,3368432,Missing/Wrong Qty,Lucknow,2026-08-10T11:10:24.000,Considered BOD,Not yet checked against a Warehouse-team Zoho comment - treated as BOD by default (unconfirmed resolution),-,-
251951,3282854,Missing/Wrong Qty,Kolkata,2026-08-10T11:46:52.000,BOD,"Warehouse-team Zoho comment is a denial/non-admission: ""We have sent proper medicine to Cx""",-,-
251930,3306311,Missing/Wrong Qty,Delhi,2026-08-10T10:45:14.000,Considered BOD,Not yet checked against a Warehouse-team Zoho comment - treated as BOD by default (unconfirmed resolution),-,-
251938,3239286,Missing/Wrong Qty,Kolkata,2026-08-10T11:11:04.000,Considered BOD,Not yet checked against a Warehouse-team Zoho comment - treated as BOD by default (unconfirmed resolution),-,-
251923,3344321,Missing/Wrong Qty,Kolkata,2026-08-10T10:25:06.000,Considered BOD,Not yet checked against a Warehouse-team Zoho comment - treated as BOD by default (unconfirmed resolution),-,-
251920,3315632,Missing/Wrong Qty,Mumbai,2026-08-10T10:21:45.000,BOD,"Warehouse-team Zoho comment is a denial/non-admission: ""We have sent proper medicine to Cx Mahiboob bee""",-,-
251918,3326482,Missing/Wrong Qty,Delhi,2026-08-10T10:16:47.000,Considered BOD,Not yet checked against a Warehouse-team Zoho comment - treated as BOD by default (unconfirmed resolution),-,-
251739,3338789,Missing/Wrong Qty,Delhi,2026-08-09T10:47:39.000,Considered BOD,Not yet checked against a Warehouse-team Zoho comment - treated as BOD by default (unconfirmed resolution),-,-
251727,3341359,Missing/Wrong Qty,Mumbai,2026-08-09T10:26:49.000,BOD,"Warehouse-team Zoho comment is a denial/non-admission: ""We have sent proper medicine to c""",-,-
251301,3326696,Missing/Wrong Qty,Unknown,2026-08-07T06:17:08.000,No return record,No matching marketplace_return_request row found in ClickHouse for this order,-,-
251832,3139834,Missing/Wrong Qty,Bangalore,2026-08-10T04:44:55.000,Considered BOD,Not yet checked against a Warehouse-team Zoho comment - treated as BOD by default (unconfirmed resolution),-,-
250871,3258291,Missing/Wrong Qty,Lucknow,2026-08-04T13:09:23.000,BOD,"Warehouse-team Zoho comment is a denial/non-admission: ""We have sent proper medicine to Cx Mahiboob bee""",-,-
251859,3199760,Missing/Wrong Qty,Bangalore,2026-08-10T06:08:03.000,Considered BOD,No Warehouse-team Zoho comment on this ticket - treated as BOD by default (unconfirmed resolution),-,-
251839,3323274,Missing/Wrong Qty,Lucknow,2026-08-10T04:57:30.000,BOD,"Warehouse-team Zoho comment is a denial/non-admission: ""We have sent proper medicine to cx Naveen""",-,-
251768,3293223,Missing/Wrong Qty,Bangalore,2026-08-09T12:39:44.000,BOD,"Warehouse-team Zoho comment is a denial/non-admission: ""We have sent proper medicine to cx Naveen""",-,-
251764,3326942,Missing/Wrong Qty,Delhi,2026-08-09T12:31:52.000,Considered BOD,Not yet checked against a Warehouse-team Zoho comment - treated as BOD by default (unconfirmed resolution),-,-
251742,3339298,Missing/Wrong Qty,Kolkata,2026-08-09T10:51:39.000,Considered BOD,"Warehouse-team Zoho comment matched no known admission/denial pattern - needs manual review: ""Footage not found because cctv is under Maintenance"" - treated as BOD by default (unconfirmed resolution)",-,-
251722,3306795,Missing/Wrong Qty,Delhi,2026-08-09T10:11:04.000,Considered BOD,Not yet checked against a Warehouse-team Zoho comment - treated as BOD by default (unconfirmed resolution),-,-
251680,3309863,Missing/Wrong Qty,Lucknow,2026-08-09T06:50:04.000,Considered BOD,Not yet checked against a Warehouse-team Zoho comment - treated as BOD by default (unconfirmed resolution),-,-
251596,3314822,Missing/Wrong Qty,Delhi,2026-08-08T12:59:42.000,Considered BOD,Not yet checked against a Warehouse-team Zoho comment - treated as BOD by default (unconfirmed resolution),-,-
251578,3330303,Missing/Wrong Qty,Lucknow,2026-08-08T11:57:10.000,Considered BOD,Not yet checked against a Warehouse-team Zoho comment - treated as BOD by default (unconfirmed resolution),-,-
251552,3279125,Missing/Wrong Qty,Delhi,2026-08-08T10:38:23.000,Considered BOD,Not yet checked against a Warehouse-team Zoho comment - treated as BOD by default (unconfirmed resolution),-,-
251394,3272139,Missing/Wrong Qty,Delhi,2026-08-07T12:07:56.000,BOD,"Warehouse-team Zoho comment is a denial/non-admission: ""We have sent proper medicine to Cx""",-,-
251493,3276240,Missing/Wrong Qty,Delhi,2026-08-08T06:33:11.000,Considered BOD,Not yet checked against a Warehouse-team Zoho comment - treated as BOD by default (unconfirmed resolution),-,-
250854,3187230,Missing/Wrong Qty,Lucknow,2026-08-04T12:06:22.000,Considered BOD,No Warehouse-team Zoho comment on this ticket - treated as BOD by default (unconfirmed resolution),-,-
250829,3225587,Missing/Wrong Qty,Kolkata,2026-08-04T10:42:28.000,Considered BOD,No Warehouse-team Zoho comment on this ticket - treated as BOD by default (unconfirmed resolution),-,-
251256,3118702,Missing/Wrong Qty,Delhi,2026-08-06T14:11:49.000,WH Accepted,"Warehouse-team Zoho comment is a genuine admission: ""We have sent short qty to Cx Mahiboob bee""",Muskan_Del / Azaz-DEL,Seema_DEL
250876,3197183,Missing/Wrong Qty,Lucknow,2026-08-04T13:22:51.000,Considered BOD,No Warehouse-team Zoho comment on this ticket - treated as BOD by default (unconfirmed resolution),-,-
250781,3237120,Missing/Wrong Qty,Delhi,2026-08-04T08:05:24.000,BOD,"Warehouse-team Zoho comment is a denial/non-admission: ""We have sent proper medicine to Cx Mahiboob bee""",-,-
250628,3231855,Missing/Wrong Qty,Bangalore,2026-08-03T10:40:39.000,BOD,"Warehouse-team Zoho comment is a denial/non-admission: ""We have sent proper medicine to Cx Mahiboob bee""",-,-
251134,3282950,Missing/Wrong Qty,Delhi,2026-08-06T06:47:53.000,WH Accepted,"Warehouse-team Zoho comment is a genuine admission: ""We have sent short qty to Cx""",Pankaj,Shailesh_DEL
251017,3199760,Missing/Wrong Qty,Bangalore,2026-08-05T11:18:30.000,BOD,"Warehouse-team Zoho comment is a denial/non-admission: ""We have sent proper medicine to Cx""",-,-
251235,3291629,Missing/Wrong Qty,Mumbai,2026-08-06T12:18:40.000,BOD,"Warehouse-team Zoho comment is a denial/non-admission: ""We have sent proper medicine to Cx ( One box containce Pak of two )""",-,-
251184,3186044,Missing/Wrong Qty,Lucknow,2026-08-06T09:31:08.000,Considered BOD,No Warehouse-team Zoho comment on this ticket - treated as BOD by default (unconfirmed resolution),-,-
251149,3300354,Missing/Wrong Qty,Delhi,2026-08-06T07:26:07.000,BOD,"Warehouse-team Zoho comment is a denial/non-admission: ""We have sent proper medicine to Cx""",-,-
251145,3265032,Missing/Wrong Qty,Delhi,2026-08-06T07:18:27.000,BOD,"Warehouse-team Zoho comment is a denial/non-admission: ""We have sent proper medicine to Cx""",-,-
251037,3274566,Missing/Wrong Qty,Kolkata,2026-08-05T12:16:31.000,BOD,"Warehouse-team Zoho comment is a denial/non-admission: ""We have sent proper medicine to Cx Mahiboob bee""",-,-
251101,3265569,Missing/Wrong Qty,Delhi,2026-08-06T05:08:59.000,BOD,"Warehouse-team Zoho comment is a denial/non-admission: ""We have sent proper medicine to Cx""",-,-
250951,3265569,Missing/Wrong Qty,Delhi,2026-08-05T06:16:10.000,BOD,"Warehouse-team Zoho comment is a denial/non-admission: ""We have sent proper medicine to Cx Mahiboob bee""",-,-
250838,3244557,Missing/Wrong Qty,Bangalore,2026-08-04T11:21:59.000,Considered BOD,No Warehouse-team Zoho comment on this ticket - treated as BOD by default (unconfirmed resolution),-,-
250283,3200311,Missing/Wrong Qty,Bangalore,2026-08-01T10:21:38.000,BOD,"Warehouse-team Zoho comment is a denial/non-admission: ""We have sent proper medicine to Cx Mahiboob bee""",-,-
251230,3272492,Missing/Wrong Qty,Mumbai,2026-08-06T11:57:01.000,Considered BOD,Not yet checked against a Warehouse-team Zoho comment - treated as BOD by default (unconfirmed resolution),-,-
250878,3263619,Missing/Wrong Qty,Bangalore,2026-08-04T13:35:24.000,Considered BOD,No Warehouse-team Zoho comment on this ticket - treated as BOD by default (unconfirmed resolution),-,-
251038,3283814,Missing/Wrong Qty,Lucknow,2026-08-05T12:24:01.000,Considered BOD,Not yet checked against a Warehouse-team Zoho comment - treated as BOD by default (unconfirmed resolution),-,-
251041,3187434,Missing/Wrong Qty,Delhi,2026-08-05T12:25:04.000,Considered BOD,No Warehouse-team Zoho comment on this ticket - treated as BOD by default (unconfirmed resolution),-,-
251055,3306137,Missing/Wrong Qty,Bangalore,2026-08-05T13:05:19.000,WH Accepted,"Warehouse-team Zoho comment is a genuine admission: ""We have sent short qty to Cx Mahiboob bee""",Anjana_BLRW,Asha_BLRWH
251123,3249673,Missing/Wrong Qty,Delhi,2026-08-06T06:17:35.000,Considered BOD,Not yet checked against a Warehouse-team Zoho comment - treated as BOD by default (unconfirmed resolution),-,-
251160,3228301,Missing/Wrong Qty,Bangalore,2026-08-06T07:46:35.000,Considered BOD,Not yet checked against a Warehouse-team Zoho comment - treated as BOD by default (unconfirmed resolution),-,-
251186,3308703,Missing/Wrong Qty,Delhi,2026-08-06T09:36:46.000,Considered BOD,Not yet checked against a Warehouse-team Zoho comment - treated as BOD by default (unconfirmed resolution),-,-
251027,3262438,Missing/Wrong Qty,Bangalore,2026-08-05T11:40:28.000,Considered BOD,No Warehouse-team Zoho comment on this ticket - treated as BOD by default (unconfirmed resolution),-,-
250960,3293256,Missing/Wrong Qty,Bangalore,2026-08-05T06:35:35.000,WH Accepted,"Warehouse-team Zoho comment is a genuine admission: ""We have sent short qty to Cx Mahiboob bee""",Uzma1_BLRWH,Kaveri_BLRWH
251007,3299838,Missing/Wrong Qty,Mumbai,2026-08-05T10:31:49.000,BOD,"Warehouse-team Zoho comment is a denial/non-admission: ""We have sent proper medicine to Cx Mahiboob bee""",-,-
251029,3245312,Missing/Wrong Qty,Bangalore,2026-08-05T11:43:42.000,Considered BOD,No Warehouse-team Zoho comment on this ticket - treated as BOD by default (unconfirmed resolution),-,-
251051,3298479,Missing/Wrong Qty,Kolkata,2026-08-05T12:47:01.000,BOD,"Warehouse-team Zoho comment is a denial/non-admission: ""We have sent proper medicine to Cx Mahiboob bee""",-,-
251020,3278991,Missing/Wrong Qty,Delhi,2026-08-05T11:28:08.000,Considered BOD,Not yet checked against a Warehouse-team Zoho comment - treated as BOD by default (unconfirmed resolution),-,-
251031,3266571,Missing/Wrong Qty,Delhi,2026-08-05T11:45:53.000,Considered BOD,Not yet checked against a Warehouse-team Zoho comment - treated as BOD by default (unconfirmed resolution),-,-
250929,3268957,Missing/Wrong Qty,Mumbai,2026-08-05T04:46:12.000,Considered BOD,Not yet checked against a Warehouse-team Zoho comment - treated as BOD by default (unconfirmed resolution),-,-
250846,3270537,Missing/Wrong Qty,Mumbai,2026-08-04T11:42:21.000,BOD,"Warehouse-team Zoho comment is a denial/non-admission: ""We have sent proper medicine to Cx Mahiboob bee""",-,-
250867,3268611,Missing/Wrong Qty,Kolkata,2026-08-04T12:56:26.000,Considered BOD,No Warehouse-team Zoho comment on this ticket - treated as BOD by default (unconfirmed resolution),-,-
250877,3276217,Missing/Wrong Qty,Bangalore,2026-08-04T13:23:37.000,Considered BOD,No Warehouse-team Zoho comment on this ticket - treated as BOD by default (unconfirmed resolution),-,-
250822,3277312,Missing/Wrong Qty,Kolkata,2026-08-04T10:18:46.000,Considered BOD,No Warehouse-team Zoho comment on this ticket - treated as BOD by default (unconfirmed resolution),-,-
250487,3235104,Missing/Wrong Qty,Bangalore,2026-08-02T11:43:10.000,BOD,"Warehouse-team Zoho comment is a denial/non-admission: ""We have sent proper medicine to Cx""",-,-
250966,3209498,Missing/Wrong Qty,Lucknow,2026-08-05T06:44:11.000,WH Accepted,"Warehouse-team Zoho comment is a genuine admission: ""We have sent short qty to Cx Mahiboob bee""",Gayatri.M_LKO,Adiba.F_LKO
250964,3252820,Missing/Wrong Qty,Lucknow,2026-08-05T06:40:56.000,Considered BOD,Not yet checked against a Warehouse-team Zoho comment - treated as BOD by default (unconfirmed resolution),-,-
250353,3216629,Missing/Wrong Qty,Mumbai,2026-08-01T12:50:26.000,BOD,"Warehouse-team Zoho comment is a denial/non-admission: ""We have sent proper medicine to Cx""",-,-
250841,3271428,Missing/Wrong Qty,Delhi,2026-08-04T11:33:27.000,Considered BOD,Not yet checked against a Warehouse-team Zoho comment - treated as BOD by default (unconfirmed resolution),-,-
250845,3266241,Missing/Wrong Qty,Delhi,2026-08-04T11:40:15.000,Considered BOD,Not yet checked against a Warehouse-team Zoho comment - treated as BOD by default (unconfirmed resolution),-,-
250406,3240329,Missing/Wrong Qty,Delhi,2026-08-02T04:54:21.000,WH Accepted,"Warehouse-team Zoho comment is a genuine admission: ""We have sent lexaheal 20 mg 4 qty short to Cx Mahiboob bee""",KAJAL_DEL,Seema_DEL
250812,3240983,Missing/Wrong Qty,Delhi,2026-08-04T09:47:53.000,Considered BOD,No Warehouse-team Zoho comment on this ticket - treated as BOD by default (unconfirmed resolution),-,-
250778,3255903,Missing/Wrong Qty,Lucknow,2026-08-04T07:51:01.000,Considered BOD,Not yet checked against a Warehouse-team Zoho comment - treated as BOD by default (unconfirmed resolution),-,-
250785,3230117,Missing/Wrong Qty,Delhi,2026-08-04T08:12:10.000,BOD,"Warehouse-team Zoho comment is a denial/non-admission: ""We have sent proper medicine to Cx Mahiboob bee""",-,-
250646,3248196,Missing/Wrong Qty,Mumbai,2026-08-03T11:49:38.000,Considered BOD,No Warehouse-team Zoho comment on this ticket - treated as BOD by default (unconfirmed resolution),-,-
250549,3245857,Missing/Wrong Qty,Lucknow,2026-08-03T05:35:35.000,WH Accepted,"Warehouse-team Zoho comment is a genuine admission: ""We have sent short qty to Cx Mahiboob bee""",Shivam.J_LKO / Dheeraj_LKO,Anuj.S_LKO
250396,3216102,Missing/Wrong Qty,Delhi,2026-08-02T04:13:22.000,WH Accepted,"Warehouse-team Zoho comment is a genuine admission: ""We have sent short qty to Cx Mahiboob bee""",Khushbu_DEL,Abhijeet_DEL
250655,3244231,Missing/Wrong Qty,Lucknow,2026-08-03T12:12:18.000,Considered BOD,No Warehouse-team Zoho comment on this ticket - treated as BOD by default (unconfirmed resolution),-,-
250676,3252013,Missing/Wrong Qty,Delhi,2026-08-03T13:16:05.000,Considered BOD,No Warehouse-team Zoho comment on this ticket - treated as BOD by default (unconfirmed resolution),-,-
250664,3241660,Missing/Wrong Qty,Delhi,2026-08-03T12:52:32.000,Considered BOD,No Warehouse-team Zoho comment on this ticket - treated as BOD by default (unconfirmed resolution),-,-
250661,3255264,Missing/Wrong Qty,Delhi,2026-08-03T12:42:48.000,Considered BOD,Not yet checked against a Warehouse-team Zoho comment - treated as BOD by default (unconfirmed resolution),-,-
250509,3246347,Missing/Wrong Qty,Bangalore,2026-08-02T13:35:29.000,Considered BOD,No Warehouse-team Zoho comment on this ticket - treated as BOD by default (unconfirmed resolution),-,-
250657,3227858,Missing/Wrong Qty,Mumbai,2026-08-03T12:17:04.000,Considered BOD,No Warehouse-team Zoho comment on this ticket - treated as BOD by default (unconfirmed resolution),-,-
250595,3229315,Missing/Wrong Qty,Mumbai,2026-08-03T08:05:54.000,BOD,"Warehouse-team Zoho comment is a denial/non-admission: ""We have sent proper medicine to Cx Mahiboob bee""",-,-
250585,3257328,Missing/Wrong Qty,Bangalore,2026-08-03T07:36:11.000,WH Accepted,"Warehouse-team Zoho comment is a genuine admission: ""We have sent short qty to Cx Mahiboob bee""",ChandraKanth / Kavana_BLRWH,Kaveri_BLRWH
250641,3212511,Missing/Wrong Qty,Lucknow,2026-08-03T11:34:19.000,Considered BOD,No Warehouse-team Zoho comment on this ticket - treated as BOD by default (unconfirmed resolution),-,-
250479,3223227,Missing/Wrong Qty,Delhi,2026-08-02T10:45:08.000,BOD,"Warehouse-team Zoho comment is a denial/non-admission: ""We have sent proper medicine to Cx""",-,-
250575,3248410,Missing/Wrong Qty,Bangalore,2026-08-03T07:05:52.000,WH Accepted,"Warehouse-team Zoho comment is a genuine admission: ""We have sent short qty to Cx Mahiboob bee""",ChandraKanth / Mukund_BLRWH,Fardeen_BLRWH
250482,3240712,Missing/Wrong Qty,Mumbai,2026-08-02T10:52:44.000,BOD,"Warehouse-team Zoho comment is a denial/non-admission: ""We have sent proper medicine to Cx""",-,-
250480,3242929,Missing/Wrong Qty,Delhi,2026-08-02T10:47:53.000,BOD,"Warehouse-team Zoho comment is a denial/non-admission: ""We have sent proper medicine to Cx""",-,-
250458,3241917,Missing/Wrong Qty,Kolkata,2026-08-02T08:47:56.000,BOD,"Warehouse-team Zoho comment is a denial/non-admission: ""We have sent proper medicine to Cx""",-,-
250432,3234383,Missing/Wrong Qty,Delhi,2026-08-02T06:50:04.000,BOD,"Warehouse-team Zoho comment is a denial/non-admission: ""We have sent proper medicine to Cx""",-,-
250363,3236738,Missing/Wrong Qty,Mumbai,2026-08-01T13:19:35.000,BOD,"Warehouse-team Zoho comment is a denial/non-admission: ""We have sent proper medicine to Cx""",-,-
250352,3217398,Missing/Wrong Qty,Delhi,2026-08-01T12:45:37.000,BOD,"Warehouse-team Zoho comment is a denial/non-admission: ""We have sent proper medicine to Cx""",-,-
250351,3216655,Missing/Wrong Qty,Delhi,2026-08-01T12:44:54.000,BOD,"Warehouse-team Zoho comment is a denial/non-admission: ""We have sent proper medicine to Cx""",-,-
250303,3232610,Missing/Wrong Qty,Delhi,2026-08-01T10:59:25.000,BOD,"Warehouse-team Zoho comment is a denial/non-admission: ""We have sent proper medicine to Cx""",-,-
250348,3244384,Missing/Wrong Qty,Kolkata,2026-08-01T12:29:21.000,BOD,"Warehouse-team Zoho comment is a denial/non-admission: ""We have sent proper medicine to Cx Mahiboob bee""",-,-
250347,3174978,Missing/Wrong Qty,Delhi,2026-08-01T12:27:28.000,BOD,"Warehouse-team Zoho comment is a denial/non-admission: ""We have sent proper medicine to Cx Mahiboob bee""",-,-
250344,3225437,Missing/Wrong Qty,Lucknow,2026-08-01T12:23:19.000,BOD,"Warehouse-team Zoho comment is a denial/non-admission: ""We have sent proper medicine to Cx Mahiboob bee""",-,-
250343,3189354,Missing/Wrong Qty,Delhi,2026-08-01T12:21:03.000,BOD,"Warehouse-team Zoho comment is a denial/non-admission: ""We have sent proper medicine to Cx Mahiboob bee""",-,-
250342,3209807,Missing/Wrong Qty,Delhi,2026-08-01T12:19:39.000,BOD,"Warehouse-team Zoho comment is a denial/non-admission: ""We have sent proper medicine to Cx Mahiboob bee""",-,-
250340,3231905,Missing/Wrong Qty,Delhi,2026-08-01T12:14:44.000,BOD,"Warehouse-team Zoho comment is a denial/non-admission: ""We have sent proper medicine to Cx Mahiboob bee""",-,-
250338,3140456,Missing/Wrong Qty,Bangalore,2026-08-01T12:09:08.000,BOD,"Warehouse-team Zoho comment is a denial/non-admission: ""We have sent proper medicine to Cx Mahiboob bee""",-,-
250313,3210772,Missing/Wrong Qty,Delhi,2026-08-01T11:18:34.000,BOD,"Warehouse-team Zoho comment is a denial/non-admission: ""We have sent proper medicine to Cx""",-,-
250311,3217224,Missing/Wrong Qty,Delhi,2026-08-01T11:09:10.000,BOD,"Warehouse-team Zoho comment is a denial/non-admission: ""We have sent proper medicine to Cx Mahiboob bee""",-,-
250300,3212997,Missing/Wrong Qty,Lucknow,2026-08-01T10:49:58.000,BOD,"Warehouse-team Zoho comment is a denial/non-admission: ""We have sent proper medicine to Cx Mahiboob bee""",-,-
250298,3210613,Missing/Wrong Qty,Bangalore,2026-08-01T10:44:55.000,BOD,"Warehouse-team Zoho comment is a denial/non-admission: ""We have sent proper medicine to Cx Mahiboob bee""",-,-
250294,3042349,Missing/Wrong Qty,Delhi,2026-08-01T10:39:09.000,BOD,"Warehouse-team Zoho comment is a denial/non-admission: ""We have sent proper medicine to Cx Mahiboob bee""",-,-
250291,3177226,Missing/Wrong Qty,Mumbai,2026-08-01T10:36:36.000,BOD,"Warehouse-team Zoho comment is a denial/non-admission: ""We have sent proper medicine to Cx""",-,-
250275,3199528,Missing/Wrong Qty,Delhi,2026-08-01T09:07:08.000,BOD,"Warehouse-team Zoho comment is a denial/non-admission: ""We have sent proper medicine to Cx Mahiboob bee""",-,-
250591,3238011,Missing/Wrong Qty,Delhi,2026-08-03T07:59:20.000,BOD,"Warehouse-team Zoho comment is a denial/non-admission: ""We have sent proper medicine to Cx Mahiboob bee""",-,-
250592,3244501,Missing/Wrong Qty,Bangalore,2026-08-03T08:00:19.000,BOD,"Warehouse-team Zoho comment is a denial/non-admission: ""We have sent proper medicine to Cx Mahiboob bee""",-,-
250619,3238011,Missing/Wrong Qty,Delhi,2026-08-03T09:51:10.000,BOD,"Warehouse-team Zoho comment is a denial/non-admission: ""We have sent proper medicine to Cx Mahiboob bee""",-,-
250624,3253020,Missing/Wrong Qty,Delhi,2026-08-03T10:17:37.000,WH Accepted,"Warehouse-team Zoho comment is a genuine admission: ""We have short qty to Cx Mahiboob bee""",Azaz-DEL,Sudha_Del
250636,3251465,Missing/Wrong Qty,Delhi,2026-08-03T11:18:16.000,WH Accepted,"Warehouse-team Zoho comment is a genuine admission: ""We have sent short qty to Cx Mahiboob bee""",Azaz-DEL / ANSHIKA_DEL,Seema_DEL
250648,3243545,Missing/Wrong Qty,Bangalore,2026-08-03T11:59:03.000,WH Accepted,"Warehouse-team Zoho comment is a genuine admission: ""We have sent short qty to Cx Mahiboob bee""",Laxmi_BLRWH / Anjana_BLRW,Asha_BLRWH
250652,3258053,Missing/Wrong Qty,Delhi,2026-08-03T12:08:54.000,BOD,"Warehouse-team Zoho comment is a denial/non-admission: ""We have sent proper medicine to Cx Mahiboob bee""",-,-
258940,3847315,Wrong Medicines,Delhi,2026-09-13T11:41:07.000,BOD,"Warehouse-team Zoho comment is a denial/non-admission: ""We have sent proper medicine to CX""",-,-
259417,3650846,Wrong Medicines,Bangalore,2026-09-16T06:57:14.000,Considered BOD,"Warehouse-team Zoho comment matched no known admission/denial pattern - needs manual review: ""Return scanned at warehouse"" - treated as BOD by default (unconfirmed resolution)",-,-
260097,3940469,Wrong Medicines,Mumbai,2026-09-20T06:55:41.000,Considered BOD,"Warehouse-team Zoho comment matched no known admission/denial pattern - needs manual review: ""Still not received the wh"" - treated as BOD by default (unconfirmed resolution)",-,-
259190,3881972,Wrong Medicines,Bangalore,2026-09-15T05:09:17.000,WH Accepted,"Warehouse-team Zoho comment is a genuine admission: ""We have sent wrong sku to CX Mahiboob bee""",Ananda_BLRWH,Sumathi_BLR
260503,3907041,Wrong Medicines,Hyderabad WH,2026-09-22T10:48:25.000,Considered BOD,Not yet checked against a Warehouse-team Zoho comment - treated as BOD by default (unconfirmed resolution),-,-
260435,3982855,Wrong Medicines,Bangalore,2026-09-22T06:33:41.000,Considered BOD,Not yet checked against a Warehouse-team Zoho comment - treated as BOD by default (unconfirmed resolution),-,-
260412,3979083,Wrong Medicines,Bangalore,2026-09-22T05:08:44.000,Considered BOD,Not yet checked against a Warehouse-team Zoho comment - treated as BOD by default (unconfirmed resolution),-,-
260312,3940087,Wrong Medicines,Lucknow,2026-09-21T12:09:46.000,Considered BOD,Not yet checked against a Warehouse-team Zoho comment - treated as BOD by default (unconfirmed resolution),-,-
259082,3720322,Wrong Medicines,Unknown,2026-09-14T10:52:01.000,No return record,No matching marketplace_return_request row found in ClickHouse for this order,-,-
258886,3795927,Wrong Medicines,DocPharma,2026-09-13T06:10:20.000,Considered BOD,No Warehouse-team Zoho comment on this ticket - treated as BOD by default (unconfirmed resolution),-,-
260508,3969129,Wrong Medicines,Delhi,2026-09-22T11:11:05.000,Considered BOD,Not yet checked against a Warehouse-team Zoho comment - treated as BOD by default (unconfirmed resolution),-,-
260342,3954408,Wrong Medicines,Hyderabad WH,2026-09-21T12:35:33.000,Considered BOD,Not yet checked against a Warehouse-team Zoho comment - treated as BOD by default (unconfirmed resolution),-,-
259063,3786777,Wrong Medicines,Bangalore,2026-09-14T09:11:17.000,BOD,"Warehouse-team Zoho comment is a denial/non-admission: ""We have sent proper medicine to CX""",-,-
260181,3964239,Wrong Medicines,Delhi,2026-09-20T17:29:57.000,Considered BOD,No Warehouse-team Zoho comment on this ticket - treated as BOD by default (unconfirmed resolution),-,-
260348,3920507,Wrong Medicines,Delhi,2026-09-21T12:53:14.000,Considered BOD,Not yet checked against a Warehouse-team Zoho comment - treated as BOD by default (unconfirmed resolution),-,-
259933,3865188,Wrong Medicines,Kolkata,2026-09-19T07:07:49.000,BOD,"Warehouse-team Zoho comment is a denial/non-admission: ""We have sent proper medicine to cx Naveen""",-,-
260236,3947368,Wrong Medicines,Bangalore,2026-09-21T06:38:49.000,Considered BOD,Not yet checked against a Warehouse-team Zoho comment - treated as BOD by default (unconfirmed resolution),-,-
260353,3980220,Wrong Medicines,Delhi,2026-09-21T13:12:38.000,Considered BOD,Not yet checked against a Warehouse-team Zoho comment - treated as BOD by default (unconfirmed resolution),-,-
260306,3980220,Wrong Medicines,Delhi,2026-09-21T11:24:48.000,Considered BOD,Not yet checked against a Warehouse-team Zoho comment - treated as BOD by default (unconfirmed resolution),-,-
260244,3931620,Wrong Medicines,Delhi,2026-09-21T07:07:55.000,Considered BOD,Not yet checked against a Warehouse-team Zoho comment - treated as BOD by default (unconfirmed resolution),-,-
260205,3858380,Wrong Medicines,Kolkata,2026-09-21T05:10:30.000,Considered BOD,Not yet checked against a Warehouse-team Zoho comment - treated as BOD by default (unconfirmed resolution),-,-
260098,3958670,Wrong Medicines,Kolkata,2026-09-20T06:57:15.000,BOD,"Warehouse-team Zoho comment is a denial/non-admission: ""We have sent proper clod storage to cx""",-,-
259910,3913381,Wrong Medicines,Mumbai,2026-09-19T05:45:12.000,WH Accepted,"Warehouse-team Zoho comment is a genuine admission: ""We have sent wrong medicine to cx Naveen""",NishaS_Mum,PrathmeshP_MUM
259036,3793407,Wrong Medicines,Lucknow,2026-09-14T07:25:47.000,BOD,"Warehouse-team Zoho comment is a denial/non-admission: ""We have sent proper medicine to CX""",-,-
259728,3788383,Wrong Medicines,Kolkata,2026-09-18T03:11:22.000,Considered BOD,No Warehouse-team Zoho comment on this ticket - treated as BOD by default (unconfirmed resolution),-,-
258726,3769023,Wrong Medicines,Delhi,2026-09-12T07:43:03.000,BOD,"Warehouse-team Zoho comment is a denial/non-admission: ""We have sent proper medicine to CX""",-,-
258613,3702676,Wrong Medicines,Bangalore,2026-09-11T11:57:11.000,BOD,"Warehouse-team Zoho comment is a denial/non-admission: ""We have snet proper medicine to cx""",-,-
258106,3691779,Wrong Medicines,Hyderabad WH,2026-09-09T03:42:30.000,Considered BOD,"Warehouse-team Zoho comment matched no known admission/denial pattern - needs manual review: ""Paker didn't removed the medicine out side for check"" - treated as BOD by default (unconfirmed resolution)",-,-
259743,3897489,Wrong Medicines,Bangalore,2026-09-18T05:09:35.000,Considered BOD,No Warehouse-team Zoho comment on this ticket - treated as BOD by default (unconfirmed resolution),-,-
260160,3645980,Wrong Medicines,Unknown,2026-09-20T13:27:19.000,No return record,No matching marketplace_return_request row found in ClickHouse for this order,-,-
260193,3884911,Wrong Medicines,Patna WH,2026-09-21T03:19:39.000,Considered BOD,Not yet checked against a Warehouse-team Zoho comment - treated as BOD by default (unconfirmed resolution),-,-
259235,3788632,Wrong Medicines,Mumbai,2026-09-15T07:38:32.000,BOD,"Warehouse-team Zoho comment is a denial/non-admission: ""We have sent proper medicine to CX""",-,-
259463,3884911,Wrong Medicines,Patna WH,2026-09-16T10:59:57.000,BOD,"Warehouse-team Zoho comment is a denial/non-admission: ""We have sent proper medicine to CX""",-,-
259945,3910085,Wrong Medicines,Unknown,2026-09-19T07:40:21.000,No return record,No matching marketplace_return_request row found in ClickHouse for this order,-,-
258742,3771880,Wrong Medicines,Mumbai,2026-09-12T08:40:49.000,Considered BOD,No Warehouse-team Zoho comment on this ticket - treated as BOD by default (unconfirmed resolution),-,-
259576,3913754,Wrong Medicines,Bangalore,2026-09-17T06:12:24.000,BOD,"Warehouse-team Zoho comment is a denial/non-admission: ""We have sent proper medicine to CX""",-,-
259638,3697399,Wrong Medicines,Mumbai,2026-09-17T10:03:38.000,Considered BOD,No Warehouse-team Zoho comment on this ticket - treated as BOD by default (unconfirmed resolution),-,-
259894,3934866,Wrong Medicines,Delhi,2026-09-19T04:53:53.000,Considered BOD,No Warehouse-team Zoho comment on this ticket - treated as BOD by default (unconfirmed resolution),-,-
260005,3940380,Wrong Medicines,Delhi,2026-09-19T12:26:01.000,Considered BOD,No Warehouse-team Zoho comment on this ticket - treated as BOD by default (unconfirmed resolution),-,-
259469,3847315,Wrong Medicines,Delhi,2026-09-16T11:29:29.000,BOD,"Warehouse-team Zoho comment is a denial/non-admission: ""We have sent proper medicine to CX""",-,-
259060,3730360,Wrong Medicines,Bangalore,2026-09-14T08:54:55.000,BOD,"Warehouse-team Zoho comment is a denial/non-admission: ""We have sent proper medicine to CX""",-,-
259241,3839208,Wrong Medicines,Bangalore,2026-09-15T07:55:48.000,BOD,"Warehouse-team Zoho comment is a denial/non-admission: ""We have sent proper medicine to CX""",-,-
259240,3859354,Wrong Medicines,Bangalore,2026-09-15T07:52:16.000,WH Accepted,"Warehouse-team Zoho comment is a genuine admission: ""We have sent wrong sku to CX""",Veena_BLRWH,Sumathi_BLR
258032,3770976,Wrong Medicines,Bangalore,2026-09-08T11:29:26.000,BOD,"Warehouse-team Zoho comment is a denial/non-admission: ""We have sent proper medicine to Cx Mahiboob bee""",-,-
258380,3825886,Wrong Medicines,Kolkata,2026-09-10T09:08:35.000,BOD,"Warehouse-team Zoho comment is a denial/non-admission: ""We have sent proper medicine to Cx""",-,-
258424,3691075,Wrong Medicines,Delhi,2026-09-10T12:05:13.000,BOD,"Warehouse-team Zoho comment is a denial/non-admission: ""We have sent proper medicine to CX""",-,-
259233,3354964,Wrong Medicines,Unknown,2026-09-15T07:35:13.000,No return record,No matching marketplace_return_request row found in ClickHouse for this order,-,-
258247,3729706,Wrong Medicines,Delhi,2026-09-09T13:10:18.000,BOD,"Warehouse-team Zoho comment is a denial/non-admission: ""We have sent proper medicine to CX""",-,-
256249,3605729,Wrong Medicines,Bangalore,2026-08-31T05:21:06.000,Considered BOD,Not yet checked against a Warehouse-team Zoho comment - treated as BOD by default (unconfirmed resolution),-,-
259555,3869842,Wrong Medicines,Bangalore,2026-09-17T05:04:02.000,Considered BOD,No Warehouse-team Zoho comment on this ticket - treated as BOD by default (unconfirmed resolution),-,-
259318,3857038,Wrong Medicines,Bangalore,2026-09-15T11:36:57.000,Considered BOD,No Warehouse-team Zoho comment on this ticket - treated as BOD by default (unconfirmed resolution),-,-
258157,3616552,Wrong Medicines,Kolkata,2026-09-09T06:58:32.000,Considered BOD,"Warehouse-team Zoho comment matched no known admission/denial pattern - needs manual review: ""None"" - treated as BOD by default (unconfirmed resolution)",-,-
258869,3856625,Wrong Medicines,Unknown,2026-09-13T04:13:42.000,No return record,No matching marketplace_return_request row found in ClickHouse for this order,-,-
258729,3712309,Wrong Medicines,Bangalore,2026-09-12T07:46:29.000,Considered BOD,No Warehouse-team Zoho comment on this ticket - treated as BOD by default (unconfirmed resolution),-,-
258803,3846917,Wrong Medicines,Unknown,2026-09-12T12:11:14.000,No return record,No matching marketplace_return_request row found in ClickHouse for this order,-,-
258816,3757661,Wrong Medicines,Bangalore,2026-09-12T12:40:28.000,BOD,"Warehouse-team Zoho comment is a denial/non-admission: ""We have sent proper medicine to CX""",-,-
251795,3357792,Wrong Medicines,Delhi,2026-08-09T16:05:48.000,BOD,"Warehouse-team Zoho comment is a denial/non-admission: ""We have sent proper medicine to Cx Mahiboob bee""",-,-
257833,3764559,Wrong Medicines,Kolkata,2026-09-07T12:44:08.000,WH Accepted,"Warehouse-team Zoho comment is a genuine admission: ""We have sent deferent pharm medicine to Cx""",Bisal_KOL,Soma_KOL
257707,3605641,Wrong Medicines,Unknown,2026-09-07T05:34:35.000,No return record,No matching marketplace_return_request row found in ClickHouse for this order,-,-
258761,3831229,Wrong Medicines,Lucknow,2026-09-12T09:42:47.000,BOD,"Warehouse-team Zoho comment is a denial/non-admission: ""We have sent proper medicine to CX""",-,-
257610,3730360,Wrong Medicines,Bangalore,2026-09-06T11:31:31.000,BOD,"Warehouse-team Zoho comment is a denial/non-admission: ""We have sent proper medicine to Cx""",-,-
259021,3624307,Wrong Medicines,Unknown,2026-09-14T06:36:14.000,No return record,No matching marketplace_return_request row found in ClickHouse for this order,-,-
257057,3649562,Wrong Medicines,Delhi,2026-09-03T13:57:57.000,BOD,"Warehouse-team Zoho comment is a denial/non-admission: ""We have sent proper medicine to Cx""",-,-
257542,3714062,Wrong Medicines,Mumbai,2026-09-06T07:09:11.000,BOD,"Warehouse-team Zoho comment is a denial/non-admission: ""We have sent proper medicine to Cx""",-,-
258650,3808045,Wrong Medicines,Delhi,2026-09-11T14:22:24.000,BOD,"Warehouse-team Zoho comment is a denial/non-admission: ""We have sent proper medicine to CX""",-,-
259008,3779932,Wrong Medicines,Bangalore,2026-09-14T05:44:08.000,Considered BOD,No Warehouse-team Zoho comment on this ticket - treated as BOD by default (unconfirmed resolution),-,-
258950,3844032,Wrong Medicines,Lucknow,2026-09-13T12:45:33.000,Considered BOD,No Warehouse-team Zoho comment on this ticket - treated as BOD by default (unconfirmed resolution),-,-
258909,3857310,Wrong Medicines,Mumbai,2026-09-13T07:59:58.000,Considered BOD,No Warehouse-team Zoho comment on this ticket - treated as BOD by default (unconfirmed resolution),-,-
258881,3858324,Wrong Medicines,Bangalore,2026-09-13T05:20:30.000,Considered BOD,No Warehouse-team Zoho comment on this ticket - treated as BOD by default (unconfirmed resolution),-,-
257783,3713096,Wrong Medicines,Bangalore,2026-09-07T10:05:37.000,WH Accepted,"Warehouse-team Zoho comment is a genuine admission: ""We have sent wrong sku to Cx""",Uzma1_BLRWH,Raksha_BLRWH
258604,3823950,Wrong Medicines,Bangalore,2026-09-11T10:57:08.000,BOD,"Warehouse-team Zoho comment is a denial/non-admission: ""We have sent proper medicine to cx pls""",-,-
258591,3808045,Wrong Medicines,Delhi,2026-09-11T10:12:40.000,BOD,"Warehouse-team Zoho comment is a denial/non-admission: ""We have sent proper medicine to CX""",-,-
258817,3786777,Wrong Medicines,Bangalore,2026-09-12T12:42:49.000,Considered BOD,No Warehouse-team Zoho comment on this ticket - treated as BOD by default (unconfirmed resolution),-,-
258056,3757143,Wrong Medicines,Mumbai,2026-09-08T13:07:02.000,BOD,"Warehouse-team Zoho comment is a denial/non-admission: ""We have sent proper medicine to Cx Mahiboob bee""",-,-
258141,3755580,Wrong Medicines,Lucknow,2026-09-09T06:08:03.000,Considered BOD,"Warehouse-team Zoho comment matched no known admission/denial pattern - needs manual review: ""None"" - treated as BOD by default (unconfirmed resolution)",-,-
258701,3678008,Wrong Medicines,Kolkata,2026-09-12T05:17:13.000,Considered BOD,No Warehouse-team Zoho comment on this ticket - treated as BOD by default (unconfirmed resolution),-,-
258281,3677843,Wrong Medicines,Patna WH,2026-09-10T02:01:13.000,Considered BOD,No Warehouse-team Zoho comment on this ticket - treated as BOD by default (unconfirmed resolution),-,-
258362,3784221,Wrong Medicines,Bangalore,2026-09-10T07:57:46.000,BOD,"Warehouse-team Zoho comment is a denial/non-admission: ""We have sent proper medicine to CX""",-,-
258347,3796170,Wrong Medicines,Kolkata,2026-09-10T07:16:31.000,BOD,"Warehouse-team Zoho comment is a denial/non-admission: ""We have sent proper medicine to CX""",-,-
258058,3749865,Wrong Medicines,Unknown,2026-09-08T13:15:36.000,No return record,No matching marketplace_return_request row found in ClickHouse for this order,-,-
258538,3803074,Wrong Medicines,Bangalore,2026-09-11T06:41:06.000,BOD,"Warehouse-team Zoho comment is a denial/non-admission: ""We have sent proper medicine to CX""",-,-
258444,3792224,Wrong Medicines,Lucknow,2026-09-10T13:15:11.000,BOD,"Warehouse-team Zoho comment is a denial/non-admission: ""We have sent proper medicine to CX""",-,-
258557,3440471,Wrong Medicines,Mumbai,2026-09-11T07:36:57.000,Considered BOD,No Warehouse-team Zoho comment on this ticket - treated as BOD by default (unconfirmed resolution),-,-
258403,3753420,Wrong Medicines,Mumbai,2026-09-10T10:27:26.000,BOD,"Warehouse-team Zoho comment is a denial/non-admission: ""We have sent proper medicine to Cx""",-,-
258088,3785667,Wrong Medicines,Bangalore,2026-09-08T17:29:39.000,BOD,"Warehouse-team Zoho comment is a denial/non-admission: ""We have sent proper medicine to Cx""",-,-
257889,3688842,Wrong Medicines,Unknown,2026-09-08T02:12:15.000,No return record,No matching marketplace_return_request row found in ClickHouse for this order,-,-
258387,3825886,Wrong Medicines,Kolkata,2026-09-10T09:45:56.000,Considered BOD,No Warehouse-team Zoho comment on this ticket - treated as BOD by default (unconfirmed resolution),-,-
257592,3733993,Wrong Medicines,Mumbai,2026-09-06T10:04:15.000,BOD,"Warehouse-team Zoho comment is a denial/non-admission: ""We have sent proper medicine to Cx""",-,-
258377,3560376,Wrong Medicines,Unknown,2026-09-10T09:01:26.000,No return record,No matching marketplace_return_request row found in ClickHouse for this order,-,-
257903,3760392,Wrong Medicines,Bangalore,2026-09-08T04:04:15.000,BOD,"Warehouse-team Zoho comment is a denial/non-admission: ""We have sent proper medicine to Cx Mahiboob bee""",-,-
258208,3440247,Wrong Medicines,Unknown,2026-09-09T10:05:38.000,No return record,No matching marketplace_return_request row found in ClickHouse for this order,-,-
258128,3651596,Wrong Medicines,Delhi,2026-09-09T05:22:08.000,BOD,"Warehouse-team Zoho comment is a denial/non-admission: ""We have sent proper medicine to Cx""",-,-
255247,3564451,Wrong Medicines,Unknown,2026-08-26T13:45:21.000,No return record,No matching marketplace_return_request row found in ClickHouse for this order,-,-
258341,3785413,Wrong Medicines,Kolkata,2026-09-10T07:00:25.000,Considered BOD,No Warehouse-team Zoho comment on this ticket - treated as BOD by default (unconfirmed resolution),-,-
258007,3712230,Wrong Medicines,Mumbai,2026-09-08T10:11:49.000,BOD,"Warehouse-team Zoho comment is a denial/non-admission: ""We have sent proper medicine to Cx Mahiboob bee""",-,-
258047,3761359,Wrong Medicines,Delhi,2026-09-08T12:43:28.000,WH Accepted,"Warehouse-team Zoho comment is a genuine admission: ""We have sent wrong sku to Cx Mahiboob bee""",Sahil_DEL,Neeru_DEL
253876,3482827,Wrong Medicines,Mumbai,2026-08-19T14:54:19.000,BOD,"Warehouse-team Zoho comment is a denial/non-admission: ""We have sent proper medicine to Cx Your order id containce minkesh forte Mahiboob bee""",-,-
258009,3746530,Wrong Medicines,Bangalore,2026-09-08T10:13:29.000,WH Accepted,"Warehouse-team Zoho comment is a genuine admission: ""We have sent wrong sku to Cx Mahiboob bee""",Anusha_BLRWH,Kaveri_BLRWH
254562,3513986,Wrong Medicines,Delhi,2026-08-23T08:56:24.000,BOD,"Warehouse-team Zoho comment is a denial/non-admission: ""We have sent proper medicine to Cx""",-,-
257577,3705809,Wrong Medicines,Mumbai,2026-09-06T09:33:08.000,BOD,"Warehouse-team Zoho comment is a denial/non-admission: ""We have sent proper medicine to Cx""",-,-
257531,3697399,Wrong Medicines,Mumbai,2026-09-06T06:31:12.000,BOD,"Warehouse-team Zoho comment is a denial/non-admission: ""We have sent proper medicine to Cx""",-,-
257044,3691779,Wrong Medicines,Hyderabad WH,2026-09-03T13:18:36.000,Considered BOD,No Warehouse-team Zoho comment on this ticket - treated as BOD by default (unconfirmed resolution),-,-
257012,3671393,Wrong Medicines,Bangalore,2026-09-03T10:54:08.000,BOD,"Warehouse-team Zoho comment is a denial/non-admission: ""We have sent proper medicine to Cx""",-,-
256242,3624098,Wrong Medicines,Mumbai,2026-08-31T05:02:36.000,BOD,"Warehouse-team Zoho comment is a denial/non-admission: ""We have sent proper medicine to Cx""",-,-
258002,3718013,Wrong Medicines,Delhi,2026-09-08T09:53:17.000,BOD,"Warehouse-team Zoho comment is a denial/non-admission: ""We have sent proper medicine to Cx Mahiboob bee""",-,-
257949,3735893,Wrong Medicines,Bangalore,2026-09-08T06:40:24.000,WH Accepted,"Warehouse-team Zoho comment is a genuine admission: ""We have sent wrong sku to Cx Mahiboob bee""",Pallavi_BLRWH,Sumathi_BLR
256063,3610110,Wrong Medicines,Lucknow,2026-08-30T10:15:47.000,BOD,"Warehouse-team Zoho comment is a denial/non-admission: ""We have sent proper medicine to Cx""",-,-
256545,3629184,Wrong Medicines,Delhi,2026-09-01T09:55:27.000,Considered BOD,No Warehouse-team Zoho comment on this ticket - treated as BOD by default (unconfirmed resolution),-,-
257839,3647328,Wrong Medicines,Delhi,2026-09-07T12:50:56.000,BOD,"Warehouse-team Zoho comment is a denial/non-admission: ""We have sent proper medicine to Cx Mahiboob bee""",-,-
256132,3650846,Wrong Medicines,Bangalore,2026-08-30T12:14:22.000,BOD,"Warehouse-team Zoho comment is a denial/non-admission: ""We have sent proper medicine to Cx""",-,-
257635,3728825,Wrong Medicines,Kolkata,2026-09-06T12:54:19.000,BOD,"Warehouse-team Zoho comment is a denial/non-admission: ""We have sent proper medicine to Cx""",-,-
256756,3673360,Wrong Medicines,Bangalore,2026-09-02T09:41:43.000,Considered BOD,"Warehouse-team Zoho comment matched no known admission/denial pattern - needs manual review: ""Order created Affan,siddiqui this user pls contect has"" - treated as BOD by default (unconfirmed resolution)",-,-
256373,3462673,Wrong Medicines,Lucknow,2026-08-31T12:56:59.000,Considered BOD,Not yet checked against a Warehouse-team Zoho comment - treated as BOD by default (unconfirmed resolution),-,-
254706,3513339,Wrong Medicines,Bangalore,2026-08-24T06:21:53.000,BOD,"Warehouse-team Zoho comment is a denial/non-admission: ""We have sent proper medicine to Cx Mahiboob bee""",-,-
257565,3748891,Wrong Medicines,Lucknow,2026-09-06T08:50:01.000,Considered BOD,No Warehouse-team Zoho comment on this ticket - treated as BOD by default (unconfirmed resolution),-,-
255990,3586040,Wrong Medicines,Kolkata,2026-08-30T07:06:01.000,Considered BOD,Not yet checked against a Warehouse-team Zoho comment - treated as BOD by default (unconfirmed resolution),-,-
256012,3654334,Wrong Medicines,Bangalore,2026-08-30T08:09:13.000,BOD,"Warehouse-team Zoho comment is a denial/non-admission: ""We have sent proper medicine to Cx""",-,-
257594,3750149,Wrong Medicines,Lucknow,2026-09-06T10:04:22.000,Considered BOD,No Warehouse-team Zoho comment on this ticket - treated as BOD by default (unconfirmed resolution),-,-
257480,3748949,Wrong Medicines,Lucknow,2026-09-06T03:20:44.000,Considered BOD,No Warehouse-team Zoho comment on this ticket - treated as BOD by default (unconfirmed resolution),-,-
257408,3743532,Wrong Medicines,Delhi,2026-09-05T12:08:44.000,Considered BOD,No Warehouse-team Zoho comment on this ticket - treated as BOD by default (unconfirmed resolution),-,-
257295,3556945,Wrong Medicines,Delhi,2026-09-05T04:29:42.000,Considered BOD,No Warehouse-team Zoho comment on this ticket - treated as BOD by default (unconfirmed resolution),-,-
257239,3673856,Wrong Medicines,Delhi,2026-09-04T14:41:35.000,Considered BOD,"Warehouse-team Zoho comment matched no known admission/denial pattern - needs manual review: ""Return pickup initiated."" - treated as BOD by default (unconfirmed resolution)",-,-
256378,3618897,Wrong Medicines,Unknown,2026-08-31T13:22:32.000,No return record,No matching marketplace_return_request row found in ClickHouse for this order,-,-
257344,3678071,Wrong Medicines,Lucknow,2026-09-05T07:53:48.000,Considered BOD,No Warehouse-team Zoho comment on this ticket - treated as BOD by default (unconfirmed resolution),-,-
256873,3699329,Wrong Medicines,Mumbai,2026-09-02T18:24:40.000,Considered BOD,No Warehouse-team Zoho comment on this ticket - treated as BOD by default (unconfirmed resolution),-,-
243971,3117923,Wrong Medicines,Delhi,2026-07-24T11:30:30.000,Considered BOD,Not yet checked against a Warehouse-team Zoho comment - treated as BOD by default (unconfirmed resolution),-,-
256004,3627478,Wrong Medicines,DocPharma,2026-08-30T07:46:48.000,Considered BOD,No Warehouse-team Zoho comment on this ticket - treated as BOD by default (unconfirmed resolution),-,-
256806,3487410,Wrong Medicines,Bangalore,2026-09-02T12:27:51.000,Considered BOD,"Warehouse-team Zoho comment matched no known admission/denial pattern - needs manual review: ""Footage not found because it is old order"" - treated as BOD by default (unconfirmed resolution)",-,-
256831,3702824,Wrong Medicines,Bangalore,2026-09-02T13:29:45.000,Considered BOD,No Warehouse-team Zoho comment on this ticket - treated as BOD by default (unconfirmed resolution),-,-
257160,3664920,Wrong Medicines,Mumbai,2026-09-04T07:57:28.000,WH Accepted,"Warehouse-team Zoho comment is a genuine admission: ""We have sent deferent manufacturer company medicine to Cx""",Pragati_MUM,NishaS_Mum
255989,3210935,Wrong Medicines,Bangalore,2026-08-30T07:02:54.000,Considered BOD,Not yet checked against a Warehouse-team Zoho comment - treated as BOD by default (unconfirmed resolution),-,-
255220,3571017,Wrong Medicines,Unknown,2026-08-26T12:29:38.000,No return record,No matching marketplace_return_request row found in ClickHouse for this order,-,-
254786,3378807,Wrong Medicines,Kolkata,2026-08-24T10:49:11.000,Considered BOD,"Warehouse-team Zoho comment matched no known admission/denial pattern - needs manual review: ""None"" - treated as BOD by default (unconfirmed resolution)",-,-
255941,3588282,Wrong Medicines,Patna WH,2026-08-30T05:29:25.000,Considered BOD,No Warehouse-team Zoho comment on this ticket - treated as BOD by default (unconfirmed resolution),-,-
254720,3543830,Wrong Medicines,Lucknow,2026-08-24T07:05:24.000,Considered BOD,Not yet checked against a Warehouse-team Zoho comment - treated as BOD by default (unconfirmed resolution),-,-
256002,3625119,Wrong Medicines,Lucknow,2026-08-30T07:44:35.000,BOD,"Warehouse-team Zoho comment is a denial/non-admission: ""We have sent proper medicine to Cx""",-,-
256958,3605729,Wrong Medicines,Bangalore,2026-09-03T07:15:07.000,BOD,"Warehouse-team Zoho comment is a denial/non-admission: ""We have sent proper medicine to Cx""",-,-
248426,3198258,Wrong Medicines,Bangalore,2026-07-29T12:21:04.000,Considered BOD,No Warehouse-team Zoho comment on this ticket - treated as BOD by default (unconfirmed resolution),-,-
255096,3584925,Wrong Medicines,DocPharma,2026-08-26T05:09:32.000,Considered BOD,No Warehouse-team Zoho comment on this ticket - treated as BOD by default (unconfirmed resolution),-,-
254854,3580029,Wrong Medicines,DocPharma,2026-08-24T14:08:21.000,Considered BOD,No Warehouse-team Zoho comment on this ticket - treated as BOD by default (unconfirmed resolution),-,-
256629,3697774,Wrong Medicines,Kolkata,2026-09-01T13:59:24.000,Considered BOD,No Warehouse-team Zoho comment on this ticket - treated as BOD by default (unconfirmed resolution),-,-
256144,3636416,Wrong Medicines,Delhi,2026-08-30T12:29:41.000,BOD,"Warehouse-team Zoho comment is a denial/non-admission: ""We have sent proper medicine to Cx""",-,-
256795,3660644,Wrong Medicines,Delhi,2026-09-02T11:56:20.000,BOD,"Warehouse-team Zoho comment is a denial/non-admission: ""We have sent proper medicine to Cx""",-,-
256802,3687299,Wrong Medicines,Kolkata,2026-09-02T12:19:18.000,WH Accepted,"Warehouse-team Zoho comment is a genuine admission: ""We have sent wrong sku to Cx""",Anurag_KOL,Surojit_KOL
254568,3507664,Wrong Medicines,Bangalore,2026-08-23T09:15:04.000,BOD,"Warehouse-team Zoho comment is a denial/non-admission: ""We have sent proper medicine to Cx""",-,-
256779,3684613,Wrong Medicines,Bangalore,2026-09-02T10:54:57.000,BOD,"Warehouse-team Zoho comment is a denial/non-admission: ""We have sent proper medicine to Cx""",-,-
256252,12278694,Wrong Medicines,Unknown,2026-08-31T05:23:25.000,No return record,No matching marketplace_return_request row found in ClickHouse for this order,-,-
256962,3678071,Wrong Medicines,Lucknow,2026-09-03T07:43:12.000,Considered BOD,No Warehouse-team Zoho comment on this ticket - treated as BOD by default (unconfirmed resolution),-,-
254861,3554868,Wrong Medicines,Mumbai,2026-08-24T15:08:18.000,WH Accepted,"Warehouse-team Zoho comment is a genuine admission: ""We have sent wrong sku to Cx""",TarunP_MUM,KishanD_MUM
255362,3530558,Wrong Medicines,Bangalore,2026-08-27T08:37:09.000,Considered BOD,No Warehouse-team Zoho comment on this ticket - treated as BOD by default (unconfirmed resolution),-,-
255352,3535559,Wrong Medicines,DocPharma,2026-08-27T08:03:06.000,Considered BOD,No Warehouse-team Zoho comment on this ticket - treated as BOD by default (unconfirmed resolution),-,-
256843,3701682,Wrong Medicines,Unknown,2026-09-02T14:18:26.000,No return record,No matching marketplace_return_request row found in ClickHouse for this order,-,-
256574,3605729,Wrong Medicines,Bangalore,2026-09-01T11:13:44.000,Considered BOD,Not yet checked against a Warehouse-team Zoho comment - treated as BOD by default (unconfirmed resolution),-,-
255643,3474976,Wrong Medicines,Kolkata,2026-08-28T14:31:24.000,BOD,"Warehouse-team Zoho comment is a denial/non-admission: ""We have sent proper medicine to Cx""",-,-
256089,3643832,Wrong Medicines,Bangalore,2026-08-30T10:52:37.000,BOD,"Warehouse-team Zoho comment is a denial/non-admission: ""We have sent proper medicine to Cx""",-,-
256342,3508663,Wrong Medicines,Delhi,2026-08-31T11:44:22.000,BOD,"Warehouse-team Zoho comment is a denial/non-admission: ""We have sent proper medicine to Cx Mahiboob bee""",-,-
256782,3678066,Wrong Medicines,Bangalore,2026-09-02T11:06:29.000,BOD,"Warehouse-team Zoho comment is a denial/non-admission: ""We have sent proper medicine to Cx Mahiboob bee""",-,-
255943,3620655,Wrong Medicines,Delhi,2026-08-30T05:34:59.000,BOD,"Warehouse-team Zoho comment is a denial/non-admission: ""We have sent proper medicine to Cx""",-,-
256269,3662423,Wrong Medicines,Mumbai,2026-08-31T06:53:42.000,BOD,"Warehouse-team Zoho comment is a denial/non-admission: ""We have sent proper medicine to Cx""",-,-
245485,3136382,Wrong Medicines,Lucknow,2026-07-26T07:57:01.000,Considered BOD,No Warehouse-team Zoho comment on this ticket - treated as BOD by default (unconfirmed resolution),-,-
245161,3156143,Wrong Medicines,Unknown,2026-07-26T06:23:50.000,No return record,No matching marketplace_return_request row found in ClickHouse for this order,-,-
246283,3163391,Wrong Medicines,Unknown,2026-07-27T02:52:46.000,No return record,No matching marketplace_return_request row found in ClickHouse for this order,-,-
250852,3252253,Wrong Medicines,Lucknow,2026-08-04T12:01:49.000,Considered BOD,No Warehouse-team Zoho comment on this ticket - treated as BOD by default (unconfirmed resolution),-,-
250809,3263521,Wrong Medicines,Unknown,2026-08-04T09:34:24.000,No return record,No matching marketplace_return_request row found in ClickHouse for this order,-,-
250923,3262415,Wrong Medicines,Mumbai,2026-08-05T04:24:53.000,BOD,"Warehouse-team Zoho comment is a denial/non-admission: ""We have sent proper medicine to Cx""",-,-
250916,3281276,Wrong Medicines,Unknown,2026-08-05T03:57:04.000,No return record,No matching marketplace_return_request row found in ClickHouse for this order,-,-
251178,3209420,Wrong Medicines,Lucknow,2026-08-06T09:00:36.000,Considered BOD,No Warehouse-team Zoho comment on this ticket - treated as BOD by default (unconfirmed resolution),-,-
251223,3292020,Wrong Medicines,Mumbai,2026-08-06T11:43:35.000,Considered BOD,No Warehouse-team Zoho comment on this ticket - treated as BOD by default (unconfirmed resolution),-,-
251194,3252300,Wrong Medicines,Lucknow,2026-08-06T09:52:49.000,BOD,"Warehouse-team Zoho comment is a denial/non-admission: ""We have sent proper medicine to Cx""",-,-
251125,3255199,Wrong Medicines,Bangalore,2026-08-06T06:20:46.000,Considered BOD,Not yet checked against a Warehouse-team Zoho comment - treated as BOD by default (unconfirmed resolution),-,-
251364,3324045,Wrong Medicines,Lucknow,2026-08-07T09:51:11.000,Considered BOD,"Warehouse-team Zoho comment matched no known admission/denial pattern - needs manual review: ""None"" - treated as BOD by default (unconfirmed resolution)",-,-
251365,3252272,Wrong Medicines,Lucknow,2026-08-07T09:55:40.000,Considered BOD,"Warehouse-team Zoho comment matched no known admission/denial pattern - needs manual review: ""None"" - treated as BOD by default (unconfirmed resolution)",-,-
251378,3306046,Wrong Medicines,Bangalore,2026-08-07T10:58:35.000,WH Accepted,"Warehouse-team Zoho comment is a genuine admission: ""We have sent switch order""",Shivaraj_BLRWH / Pallavi_BLRWH,Asha_BLRWH
251489,3314394,Wrong Medicines,Bangalore,2026-08-08T06:25:38.000,BOD,"Warehouse-team Zoho comment is a denial/non-admission: ""We have sent proper medicine to Cx""",-,-
251595,3314874,Wrong Medicines,Bangalore,2026-08-08T12:57:31.000,BOD,"Warehouse-team Zoho comment is a denial/non-admission: ""We have sent proper medicine to cx""",-,-
251188,3290510,Wrong Medicines,Lucknow,2026-08-06T09:39:01.000,BOD,"Warehouse-team Zoho comment is a denial/non-admission: ""We have sent proper medicine to Cx""",-,-
254575,3548986,Wrong Medicines,Mumbai,2026-08-23T09:44:58.000,BOD,"Warehouse-team Zoho comment is a denial/non-admission: ""We have sent proper medicine to Cx""",-,-
255940,3594110,Wrong Medicines,Delhi,2026-08-30T05:25:47.000,BOD,"Warehouse-team Zoho comment is a denial/non-admission: ""We have sent proper medicine to Cx""",-,-
256471,3569746,Wrong Medicines,Delhi,2026-09-01T05:44:00.000,BOD,"Warehouse-team Zoho comment is a denial/non-admission: ""We have sent proper medicine to Cx""",-,-
255057,3584434,Wrong Medicines,Bangalore,2026-08-25T13:38:39.000,BOD,"Warehouse-team Zoho comment is a denial/non-admission: ""We have sent proper medicine to Cx""",-,-
254373,3520177,Wrong Medicines,Delhi,2026-08-22T07:50:27.000,BOD,"Warehouse-team Zoho comment is a denial/non-admission: ""We have sent proper medicine to Cx""",-,-
256106,3533586,Wrong Medicines,Bangalore,2026-08-30T11:14:14.000,WH Accepted,"Warehouse-team Zoho comment is a genuine admission: ""we have sent wrong sku to Cx""",Fathima_BLRW,Shabana_BLRWH
256092,3484802,Wrong Medicines,Lucknow,2026-08-30T10:55:04.000,WH Accepted,"Warehouse-team Zoho comment is a genuine admission: ""We have sent wrong sku to Cx""",Saviti_LKO / Komal.P_LKO,Arti_LKO
255059,3580094,Wrong Medicines,Delhi,2026-08-25T13:47:08.000,BOD,"Warehouse-team Zoho comment is a denial/non-admission: ""We have sent proper medicine to Cx""",-,-
254430,3508663,Wrong Medicines,Delhi,2026-08-22T11:22:12.000,BOD,"Warehouse-team Zoho comment is a denial/non-admission: ""We have sent proper medicine to Cx""",-,-
256217,3652698,Wrong Medicines,Unknown,2026-08-31T03:39:11.000,No return record,No matching marketplace_return_request row found in ClickHouse for this order,-,-
255474,3443594,Wrong Medicines,Delhi,2026-08-28T05:00:56.000,BOD,"Warehouse-team Zoho comment is a denial/non-admission: ""We have sent proper medicine to Cx Mahiboob bee""",-,-
255003,3269003,Wrong Medicines,Bangalore,2026-08-25T09:56:19.000,Considered BOD,No Warehouse-team Zoho comment on this ticket - treated as BOD by default (unconfirmed resolution),-,-
254966,3555439,Wrong Medicines,Kolkata,2026-08-25T08:10:33.000,BOD,"Warehouse-team Zoho comment is a denial/non-admission: ""We have sent proper medicine to Cx Mahiboob bee""",-,-
253983,3514568,Wrong Medicines,Bangalore,2026-08-20T08:23:07.000,BOD,"Warehouse-team Zoho comment is a denial/non-admission: ""We have sent proper medicine to Cx""",-,-
255186,3517170,Wrong Medicines,Mumbai,2026-08-26T10:32:55.000,BOD,"Warehouse-team Zoho comment is a denial/non-admission: ""We have sent proper medicine to Cx""",-,-
255613,3618259,Wrong Medicines,Mumbai,2026-08-28T12:39:30.000,BOD,"Warehouse-team Zoho comment is a denial/non-admission: ""We have sent proper medicine to Cx Mahiboob bee""",-,-
252867,3380889,Wrong Medicines,Delhi,2026-08-14T13:09:25.000,Considered BOD,No Warehouse-team Zoho comment on this ticket - treated as BOD by default (unconfirmed resolution),-,-
254052,3335232,Wrong Medicines,Unknown,2026-08-20T12:23:17.000,No return record,No matching marketplace_return_request row found in ClickHouse for this order,-,-
255197,3475218,Wrong Medicines,Delhi,2026-08-26T11:08:34.000,WH Accepted,"Warehouse-team Zoho comment is a genuine admission: ""We have sent short qty to Cx Mahiboob bee""",Sanjay_v_DEL,Sudha_Del
255162,3590704,Wrong Medicines,Bangalore,2026-08-26T08:47:40.000,Considered BOD,No Warehouse-team Zoho comment on this ticket - treated as BOD by default (unconfirmed resolution),-,-
254054,3488581,Wrong Medicines,Delhi,2026-08-20T12:37:03.000,BOD,"Warehouse-team Zoho comment is a denial/non-admission: ""We have sent proper medicine to Cx""",-,-
254777,3536271,Wrong Medicines,Unknown,2026-08-24T10:26:39.000,No return record,No matching marketplace_return_request row found in ClickHouse for this order,-,-
254999,3554345,Wrong Medicines,Bangalore,2026-08-25T09:45:58.000,BOD,"Warehouse-team Zoho comment is a denial/non-admission: ""We have sent proper medicine to Cx""",-,-
254991,3478327,Wrong Medicines,Bangalore,2026-08-25T09:21:55.000,Considered BOD,No Warehouse-team Zoho comment on this ticket - treated as BOD by default (unconfirmed resolution),-,-
254624,3549116,Wrong Medicines,Bangalore,2026-08-23T14:21:34.000,Considered BOD,No Warehouse-team Zoho comment on this ticket - treated as BOD by default (unconfirmed resolution),-,-
254227,3438746,Wrong Medicines,Lucknow,2026-08-21T12:32:19.000,BOD,"Warehouse-team Zoho comment is a denial/non-admission: ""We have sent proper medicine to Cx Mahiboob bee""",-,-
254342,3504714,Wrong Medicines,Delhi,2026-08-22T06:15:44.000,Considered BOD,Not yet checked against a Warehouse-team Zoho comment - treated as BOD by default (unconfirmed resolution),-,-
253957,3512703,Wrong Medicines,Kolkata,2026-08-20T06:55:33.000,BOD,"Warehouse-team Zoho comment is a denial/non-admission: ""We have sent proper medicine to Cx""",-,-
252960,3406287,Wrong Medicines,Mumbai,2026-08-15T08:17:36.000,BOD,"Warehouse-team Zoho comment is a denial/non-admission: ""We have sent proper medicine to cx""",-,-
254570,3544516,Wrong Medicines,Bangalore,2026-08-23T09:22:23.000,BOD,"Warehouse-team Zoho comment is a denial/non-admission: ""We have sent proper medicine to Cx""",-,-
254546,3540215,Wrong Medicines,Delhi,2026-08-23T08:18:17.000,BOD,"Warehouse-team Zoho comment is a denial/non-admission: ""We have sent proper medicine to Cx""",-,-
254665,3477504,Wrong Medicines,Lucknow,2026-08-24T04:01:52.000,Considered BOD,No Warehouse-team Zoho comment on this ticket - treated as BOD by default (unconfirmed resolution),-,-
253980,3509038,Wrong Medicines,Bangalore,2026-08-20T08:19:27.000,Considered BOD,No Warehouse-team Zoho comment on this ticket - treated as BOD by default (unconfirmed resolution),-,-
253872,3372536,Wrong Medicines,Delhi,2026-08-19T14:19:54.000,Considered BOD,No Warehouse-team Zoho comment on this ticket - treated as BOD by default (unconfirmed resolution),-,-
253188,3436656,Wrong Medicines,Lucknow,2026-08-16T10:48:10.000,BOD,"Warehouse-team Zoho comment is a denial/non-admission: ""We have sent proper medicine to cx""",-,-
253532,3386346,Wrong Medicines,Mumbai,2026-08-18T07:52:54.000,WH Accepted,"Warehouse-team Zoho comment is a genuine admission: ""We have sent wrong sku to Cx""",AniketP_MUM,KritikaD_MUM
254114,3488399,Wrong Medicines,Delhi,2026-08-21T05:06:34.000,Considered BOD,Not yet checked against a Warehouse-team Zoho comment - treated as BOD by default (unconfirmed resolution),-,-
253835,3414492,Wrong Medicines,Bangalore,2026-08-19T11:19:30.000,Considered BOD,No Warehouse-team Zoho comment on this ticket - treated as BOD by default (unconfirmed resolution),-,-
253932,3488921,Wrong Medicines,Bangalore,2026-08-20T05:30:24.000,BOD,"Warehouse-team Zoho comment is a denial/non-admission: ""We have sent proper medicine to Cx Mahiboob bee""",-,-
253923,3487748,Wrong Medicines,Bangalore,2026-08-20T05:18:50.000,BOD,"Warehouse-team Zoho comment is a denial/non-admission: ""We have sent proper medicine to Cx""",-,-
253213,3434043,Wrong Medicines,Delhi,2026-08-16T12:51:12.000,Considered BOD,"Warehouse-team Zoho comment matched no known admission/denial pattern - needs manual review: ""None"" - treated as BOD by default (unconfirmed resolution)",-,-
252344,3382423,Wrong Medicines,Bangalore,2026-08-12T07:06:19.000,Considered BOD,No Warehouse-team Zoho comment on this ticket - treated as BOD by default (unconfirmed resolution),-,-
252304,3290510,Wrong Medicines,Lucknow,2026-08-12T05:38:57.000,Considered BOD,"Warehouse-team Zoho comment matched no known admission/denial pattern - needs manual review: ""None"" - treated as BOD by default (unconfirmed resolution)",-,-
253859,3490379,Wrong Medicines,Lucknow,2026-08-19T13:09:09.000,Considered BOD,No Warehouse-team Zoho comment on this ticket - treated as BOD by default (unconfirmed resolution),-,-
252932,3324654,Wrong Medicines,Lucknow,2026-08-15T06:27:47.000,Considered BOD,No Warehouse-team Zoho comment on this ticket - treated as BOD by default (unconfirmed resolution),-,-
250758,3258350,Wrong Medicines,Lucknow,2026-08-04T06:38:05.000,BOD,"Warehouse-team Zoho comment is a denial/non-admission: ""We have sent proper medicine to Cx Mahiboob bee""",-,-
253126,3414582,Wrong Medicines,Bangalore,2026-08-16T07:46:24.000,WH Accepted,"Warehouse-team Zoho comment is a genuine admission: ""We have sent wrong medicine to cx""",Anjana_BLRW,Shabana_BLRWH
253124,3438352,Wrong Medicines,Lucknow,2026-08-16T07:42:29.000,BOD,"Warehouse-team Zoho comment is a denial/non-admission: ""We have sent proper medicine to Cx""",-,-
253116,3411966,Wrong Medicines,Bangalore,2026-08-16T07:18:43.000,WH Accepted,"Warehouse-team Zoho comment is a genuine admission: ""We have sent wrong medicine to cx""",Prabhu_BLRWH,Shabana_BLRWH
252942,3397668,Wrong Medicines,Mumbai,2026-08-15T06:58:06.000,BOD,"Warehouse-team Zoho comment is a denial/non-admission: ""We have sent proper medicine to cx""",-,-
252835,3408292,Wrong Medicines,Mumbai,2026-08-14T11:10:33.000,Considered BOD,No Warehouse-team Zoho comment on this ticket - treated as BOD by default (unconfirmed resolution),-,-
252533,3348246,Wrong Medicines,Delhi,2026-08-13T05:10:42.000,BOD,"Warehouse-team Zoho comment is a denial/non-admission: ""We have sent proper medicine to Cx""",-,-
252685,3358399,Wrong Medicines,Unknown,2026-08-13T13:34:47.000,No return record,No matching marketplace_return_request row found in ClickHouse for this order,-,-
252308,3352871,Wrong Medicines,Lucknow,2026-08-12T06:03:25.000,Considered BOD,Not yet checked against a Warehouse-team Zoho comment - treated as BOD by default (unconfirmed resolution),-,-
253415,3452945,Wrong Medicines,Unknown,2026-08-17T12:46:30.000,No return record,No matching marketplace_return_request row found in ClickHouse for this order,-,-
253098,3401807,Wrong Medicines,Bangalore,2026-08-16T06:23:15.000,WH Accepted,"Warehouse-team Zoho comment is a genuine admission: ""We have sent wrong medicine to cx""",Nagesh,kannanmuthu_BLRWH
253366,3231741,Wrong Medicines,Mumbai,2026-08-17T10:42:27.000,WH Accepted,"Warehouse-team Zoho comment is a genuine admission: ""we have sent wrong medicine to cx""",AkashJ_MUM,SujalS_MUM
253211,3418335,Wrong Medicines,Delhi,2026-08-16T12:38:43.000,BOD,"Warehouse-team Zoho comment is a denial/non-admission: ""We have sent proper medicine to Cx Mahiboob bee""",-,-
253154,3411966,Wrong Medicines,Bangalore,2026-08-16T09:15:12.000,Considered BOD,No Warehouse-team Zoho comment on this ticket - treated as BOD by default (unconfirmed resolution),-,-
252985,3119511,Wrong Medicines,Delhi,2026-08-15T10:16:33.000,Considered BOD,No Warehouse-team Zoho comment on this ticket - treated as BOD by default (unconfirmed resolution),-,-
253000,3383932,Wrong Medicines,Delhi,2026-08-15T11:06:15.000,WH Accepted,"Warehouse-team Zoho comment is a genuine admission: ""We have sent wrong sku to Cx""",Saurav_DEL,Annu_DEL
252608,3363172,Wrong Medicines,Bangalore,2026-08-13T08:47:48.000,BOD,"Warehouse-team Zoho comment is a denial/non-admission: ""We have sent proper medicine to Cx""",-,-
252981,3322499,Wrong Medicines,Lucknow,2026-08-15T09:58:09.000,BOD,"Warehouse-team Zoho comment is a denial/non-admission: ""We have sent proper medicine to Cx""",-,-
252956,3357099,Wrong Medicines,Bangalore,2026-08-15T08:07:40.000,Considered BOD,Not yet checked against a Warehouse-team Zoho comment - treated as BOD by default (unconfirmed resolution),-,-
252665,3363110,Wrong Medicines,Mumbai,2026-08-13T12:14:02.000,WH Accepted,"Warehouse-team Zoho comment is a genuine admission: ""We have sent wrong sku to Cx""",ShivamS_MUM,AnshuG_MUM
252539,3349022,Wrong Medicines,Delhi,2026-08-13T05:29:11.000,BOD,"Warehouse-team Zoho comment is a denial/non-admission: ""We have sent proper medicine to Cx""",-,-
253022,3340068,Wrong Medicines,Kolkata,2026-08-15T12:16:56.000,Considered BOD,No Warehouse-team Zoho comment on this ticket - treated as BOD by default (unconfirmed resolution),-,-
252775,3342412,Wrong Medicines,Unknown,2026-08-14T07:45:22.000,No return record,No matching marketplace_return_request row found in ClickHouse for this order,-,-
252673,3407150,Wrong Medicines,Delhi,2026-08-13T12:42:18.000,BOD,"Warehouse-team Zoho comment is a denial/non-admission: ""We have sent proper medicine to Cx""",-,-
252950,3404668,Wrong Medicines,Bangalore,2026-08-15T07:40:45.000,WH Accepted,"Warehouse-team Zoho comment is a genuine admission: ""We have sent wrong sku to Cx""",Shashikumar_BLRWH,Fardeen_BLRWH
251725,3352871,Wrong Medicines,Lucknow,2026-08-09T10:24:44.000,Considered BOD,Not yet checked against a Warehouse-team Zoho comment - treated as BOD by default (unconfirmed resolution),-,-
248363,3116236,Wrong Medicines,Bangalore,2026-07-29T10:30:25.000,BOD,"Warehouse-team Zoho comment is a denial/non-admission: ""We have sent proper medicine to Cx""",-,-
252841,3416857,Wrong Medicines,Mumbai,2026-08-14T11:31:38.000,WH Accepted,"Warehouse-team Zoho comment is a genuine admission: ""We have sent wrong sku to Cx""",AniketP_MUM,PrathmeshP_MUM
252669,3373205,Wrong Medicines,Kolkata,2026-08-13T12:23:07.000,Considered BOD,"Warehouse-team Zoho comment matched no known admission/denial pattern - needs manual review: ""None"" - treated as BOD by default (unconfirmed resolution)",-,-
252545,3345916,Wrong Medicines,Delhi,2026-08-13T05:39:00.000,WH Accepted,"Warehouse-team Zoho comment is a genuine admission: ""We have sent wrong sku to Cx""",MD_Neshar_DEL,Shailesh_DEL
252457,3365834,Wrong Medicines,Bangalore,2026-08-12T12:46:35.000,BOD,"Warehouse-team Zoho comment is a denial/non-admission: ""We have sent proper medicine to Cx""",-,-
252909,3127474,Wrong Medicines,Kolkata,2026-08-15T02:47:55.000,Considered BOD,Not yet checked against a Warehouse-team Zoho comment - treated as BOD by default (unconfirmed resolution),-,-
252771,3018904,Wrong Medicines,Bangalore,2026-08-14T07:41:06.000,Considered BOD,"Warehouse-team Zoho comment matched no known admission/denial pattern - needs manual review: ""None"" - treated as BOD by default (unconfirmed resolution)",-,-
252383,3369488,Wrong Medicines,Lucknow,2026-08-12T08:59:53.000,Considered BOD,Not yet checked against a Warehouse-team Zoho comment - treated as BOD by default (unconfirmed resolution),-,-
252759,3418648,Wrong Medicines,Kolkata,2026-08-14T07:16:15.000,Considered BOD,No Warehouse-team Zoho comment on this ticket - treated as BOD by default (unconfirmed resolution),-,-
252779,3395075,Wrong Medicines,Delhi,2026-08-14T07:49:47.000,Considered BOD,No Warehouse-team Zoho comment on this ticket - treated as BOD by default (unconfirmed resolution),-,-
252768,3395075,Wrong Medicines,Delhi,2026-08-14T07:38:54.000,Considered BOD,No Warehouse-team Zoho comment on this ticket - treated as BOD by default (unconfirmed resolution),-,-
252748,3382101,Wrong Medicines,Mumbai,2026-08-14T06:49:25.000,Considered BOD,No Warehouse-team Zoho comment on this ticket - treated as BOD by default (unconfirmed resolution),-,-
252531,3373049,Wrong Medicines,Bangalore,2026-08-13T05:05:38.000,WH Accepted,"Warehouse-team Zoho comment is a genuine admission: ""We have sent wrong sku to Cx""",Aravind_BLRWH,kannanmuthu_BLRWH
252448,3378028,Wrong Medicines,Bangalore,2026-08-12T12:19:55.000,WH Accepted,"Warehouse-team Zoho comment is a genuine admission: ""We have sent wrong sku to Cx""",Salmabanu_BLRWH / Prabhu_BLRWH,Fardeen_BLRWH
250675,3014897,Wrong Medicines,Mumbai,2026-08-03T13:14:57.000,Considered BOD,Not yet checked against a Warehouse-team Zoho comment - treated as BOD by default (unconfirmed resolution),-,-
252390,3347737,Wrong Medicines,Bangalore,2026-08-12T09:55:47.000,Considered BOD,Not yet checked against a Warehouse-team Zoho comment - treated as BOD by default (unconfirmed resolution),-,-
252514,3280494,Wrong Medicines,Delhi,2026-08-13T03:38:37.000,Considered BOD,Not yet checked against a Warehouse-team Zoho comment - treated as BOD by default (unconfirmed resolution),-,-
252373,3385908,Wrong Medicines,Kolkata,2026-08-12T08:23:56.000,BOD,"Warehouse-team Zoho comment is a denial/non-admission: ""We have sent proper medicine to Cx""",-,-
251766,3307557,Wrong Medicines,Delhi,2026-08-09T12:33:35.000,BOD,"Warehouse-team Zoho comment is a denial/non-admission: ""We have sent proper medicine to cx Naveen""",-,-
252413,3383949,Wrong Medicines,Bangalore,2026-08-12T10:42:05.000,Considered BOD,Not yet checked against a Warehouse-team Zoho comment - treated as BOD by default (unconfirmed resolution),-,-
252486,3346126,Wrong Medicines,Unknown,2026-08-12T16:19:41.000,No return record,No matching marketplace_return_request row found in ClickHouse for this order,-,-
252452,3386346,Wrong Medicines,Mumbai,2026-08-12T12:29:53.000,WH Accepted,"Warehouse-team Zoho comment is a genuine admission: ""We have sent wrong sku to Cx""",AniketP_MUM,KritikaD_MUM
252284,3297683,Wrong Medicines,Bangalore,2026-08-12T04:30:58.000,WH Accepted,"Warehouse-team Zoho comment is a genuine admission: ""We have sent wrong sku to Cx Mahiboob bee""",Shashikumar_BLRWH,Raksha_BLRWH
252331,3295711,Wrong Medicines,Bangalore,2026-08-12T06:27:57.000,BOD,"Warehouse-team Zoho comment is a denial/non-admission: ""We have sent proper medicine to Cx""",-,-
252297,3372512,Wrong Medicines,Bangalore,2026-08-12T05:19:34.000,BOD,"Warehouse-team Zoho comment is a denial/non-admission: ""We have sent proper medicine to Cx""",-,-
251964,3341818,Wrong Medicines,Mumbai,2026-08-10T12:29:16.000,BOD,"Warehouse-team Zoho comment is a denial/non-admission: ""We have sent proper medicine to Cx""",-,-
251472,3077631,Wrong Medicines,Unknown,2026-08-08T05:23:20.000,No return record,No matching marketplace_return_request row found in ClickHouse for this order,-,-
252229,3377556,Wrong Medicines,Kolkata,2026-08-11T13:54:57.000,Considered BOD,No Warehouse-team Zoho comment on this ticket - treated as BOD by default (unconfirmed resolution),-,-
252301,3378807,Wrong Medicines,Kolkata,2026-08-12T05:29:15.000,Considered BOD,No Warehouse-team Zoho comment on this ticket - treated as BOD by default (unconfirmed resolution),-,-
252187,3331405,Wrong Medicines,Lucknow,2026-08-11T11:48:33.000,BOD,"Warehouse-team Zoho comment is a denial/non-admission: ""We have sent proper medicine to Cx""",-,-
252172,3309457,Wrong Medicines,Mumbai,2026-08-11T11:07:13.000,WH Accepted,"Warehouse-team Zoho comment is a genuine admission: ""We have sent wrong sku to Cx""",VitthalG_MUM,AnshuG_MUM
252199,3236098,Wrong Medicines,Bangalore,2026-08-11T12:30:09.000,WH Accepted,"Warehouse-team Zoho comment is a genuine admission: ""We have sent wrong sku to Cx""",Veena_BLRWH / Supritha,Shwetha_BLRWH
252139,3304901,Wrong Medicines,Delhi,2026-08-11T08:43:07.000,Considered BOD,No Warehouse-team Zoho comment on this ticket - treated as BOD by default (unconfirmed resolution),-,-
250888,3178485,Wrong Medicines,Bangalore,2026-08-04T14:56:35.000,Considered BOD,Not yet checked against a Warehouse-team Zoho comment - treated as BOD by default (unconfirmed resolution),-,-
251111,3290750,Wrong Medicines,Unknown,2026-08-06T05:40:15.000,No return record,No matching marketplace_return_request row found in ClickHouse for this order,-,-
251936,3340056,Wrong Medicines,Delhi,2026-08-10T11:08:28.000,Considered BOD,Not yet checked against a Warehouse-team Zoho comment - treated as BOD by default (unconfirmed resolution),-,-
251934,3309959,Wrong Medicines,Delhi,2026-08-10T11:05:38.000,WH Accepted,"Warehouse-team Zoho comment is a genuine admission: ""We have sent wrong medicine to cx""",Roshan_P-DEL,Shailesh_DEL
251831,3327261,Wrong Medicines,Delhi,2026-08-10T04:43:41.000,WH Accepted,"Warehouse-team Zoho comment is a genuine admission: ""We have sent wrong medicine to cx Naveen""",Sanjay_v_DEL,Devki-DEL
251773,3303820,Wrong Medicines,Delhi,2026-08-09T12:50:18.000,Considered BOD,Not yet checked against a Warehouse-team Zoho comment - treated as BOD by default (unconfirmed resolution),-,-
251426,3324045,Wrong Medicines,Lucknow,2026-08-07T14:32:23.000,Considered BOD,No Warehouse-team Zoho comment on this ticket - treated as BOD by default (unconfirmed resolution),-,-
251501,3277005,Wrong Medicines,Mumbai,2026-08-08T07:09:31.000,BOD,"Warehouse-team Zoho comment is a denial/non-admission: ""We have sent proper medicine to Cx""",-,-
251741,3310663,Wrong Medicines,Kolkata,2026-08-09T10:49:19.000,Considered BOD,Not yet checked against a Warehouse-team Zoho comment - treated as BOD by default (unconfirmed resolution),-,-
251738,3347906,Wrong Medicines,Delhi,2026-08-09T10:42:45.000,Considered BOD,Not yet checked against a Warehouse-team Zoho comment - treated as BOD by default (unconfirmed resolution),-,-
251744,3219032,Wrong Medicines,Delhi,2026-08-09T10:59:22.000,WH Accepted,"Warehouse-team Zoho comment is a genuine admission: ""We have sent wrong medicine to cx Naveen""",Saurav_DEL,Sudha_Del
251577,3292968,Wrong Medicines,Delhi,2026-08-08T11:52:36.000,BOD,"Warehouse-team Zoho comment is a denial/non-admission: ""We have sent proper medicine to Cx""",-,-
251203,3296337,Wrong Medicines,Delhi,2026-08-06T10:20:20.000,BOD,"Warehouse-team Zoho comment is a denial/non-admission: ""We have sent proper medicine to Cx""",-,-
251471,3284114,Wrong Medicines,Delhi,2026-08-08T05:11:23.000,Considered BOD,No Warehouse-team Zoho comment on this ticket - treated as BOD by default (unconfirmed resolution),-,-
251245,3254972,Wrong Medicines,Delhi,2026-08-06T12:55:13.000,Considered BOD,No Warehouse-team Zoho comment on this ticket - treated as BOD by default (unconfirmed resolution),-,-
251122,3243712,Wrong Medicines,Bangalore,2026-08-06T06:15:42.000,Considered BOD,Not yet checked against a Warehouse-team Zoho comment - treated as BOD by default (unconfirmed resolution),-,-
250669,3240524,Wrong Medicines,Bangalore,2026-08-03T13:01:38.000,Considered BOD,No Warehouse-team Zoho comment on this ticket - treated as BOD by default (unconfirmed resolution),-,-
251580,3308388,Wrong Medicines,Lucknow,2026-08-08T12:07:35.000,WH Accepted,"Warehouse-team Zoho comment is a genuine admission: ""We have sent wrong sku to Cx""",Gaurav.S_LKO,Adiba.F_LKO
251318,3313519,Wrong Medicines,Delhi,2026-08-07T07:18:13.000,WH Accepted,"Warehouse-team Zoho comment is a genuine admission: ""We have sent wrong sku to Cx""",Khushbu_DEL,Pankaj
251044,3271572,Wrong Medicines,Lucknow,2026-08-05T12:30:47.000,WH Accepted,"Warehouse-team Zoho comment is a genuine admission: ""We have sent wrong sku to Cx Mahiboob bee""",Anshu.S_LKO / Aniket_LKO,Roshani_LKO
251479,3281140,Wrong Medicines,Bangalore,2026-08-08T06:05:33.000,Considered BOD,No Warehouse-team Zoho comment on this ticket - treated as BOD by default (unconfirmed resolution),-,-
251324,3121504,Wrong Medicines,Bangalore,2026-08-07T07:28:59.000,WH Accepted,"Warehouse-team Zoho comment is a genuine admission: ""We have sent wrong sku to Cx""",Rahman_BLRWH / Prabhu_BLRWH,Fardeen_BLRWH
251322,3275264,Wrong Medicines,Lucknow,2026-08-07T07:24:08.000,WH Accepted,"Warehouse-team Zoho comment is a genuine admission: ""We have sent wrong sku to Cx""",Gaurav.S_LKO,Anuj.S_LKO
251310,3316235,Wrong Medicines,Bangalore,2026-08-07T07:02:50.000,WH Accepted,"Warehouse-team Zoho comment is a genuine admission: ""We have sent wrong sku to Cx""",ChandraKanth,Shivaraj_BLRWH
251182,3280022,Wrong Medicines,Bangalore,2026-08-06T09:26:37.000,BOD,"Warehouse-team Zoho comment is a denial/non-admission: ""We have sent proper medicine to Cx""",-,-
250974,3256168,Wrong Medicines,Delhi,2026-08-05T07:07:20.000,Considered BOD,No Warehouse-team Zoho comment on this ticket - treated as BOD by default (unconfirmed resolution),-,-
251015,3219740,Wrong Medicines,Delhi,2026-08-05T11:11:42.000,BOD,"Warehouse-team Zoho comment is a denial/non-admission: ""We have sent proper medicine to Cx Mahiboob bee""",-,-
250808,3241703,Wrong Medicines,Bangalore,2026-08-04T09:28:25.000,Considered BOD,No Warehouse-team Zoho comment on this ticket - treated as BOD by default (unconfirmed resolution),-,-
250504,3125547,Wrong Medicines,Kolkata,2026-08-02T13:07:40.000,BOD,"Warehouse-team Zoho comment is a denial/non-admission: ""We have sent proper medicine to Cx Mahiboob bee""",-,-
251026,3295462,Wrong Medicines,Delhi,2026-08-05T11:39:45.000,Considered BOD,Not yet checked against a Warehouse-team Zoho comment - treated as BOD by default (unconfirmed resolution),-,-
250934,3275354,Wrong Medicines,Bangalore,2026-08-05T05:48:05.000,BOD,"Warehouse-team Zoho comment is a denial/non-admission: ""We have sent proper medicine to Cx Mahiboob bee""",-,-
250346,3209420,Wrong Medicines,Lucknow,2026-08-01T12:25:26.000,BOD,"Warehouse-team Zoho comment is a denial/non-admission: ""We have sent proper medicine to Cx Mahiboob bee""",-,-
251135,3299813,Wrong Medicines,Delhi,2026-08-06T06:48:27.000,Considered BOD,Not yet checked against a Warehouse-team Zoho comment - treated as BOD by default (unconfirmed resolution),-,-
250968,3251974,Wrong Medicines,Bangalore,2026-08-05T06:47:40.000,WH Accepted,"Warehouse-team Zoho comment is a genuine admission: ""We have sent wrong sku to Cx Mahiboob bee""",Nagesh / Kavana_BLRWH,Shwetha_BLRWH
251046,3284818,Wrong Medicines,Bangalore,2026-08-05T12:37:20.000,Considered BOD,No Warehouse-team Zoho comment on this ticket - treated as BOD by default (unconfirmed resolution),-,-
251042,3293999,Wrong Medicines,Bangalore,2026-08-05T12:26:34.000,WH Accepted,"Warehouse-team Zoho comment is a genuine admission: ""We have sent wrong sku to Cx""",Harshitha1_BLRWH,Sumathi_BLR
250940,3282424,Wrong Medicines,Bangalore,2026-08-05T06:03:13.000,BOD,"Warehouse-team Zoho comment is a denial/non-admission: ""We have sent proper medicine to Cx Mahiboob bee""",-,-
250979,3295771,Wrong Medicines,Bangalore,2026-08-05T07:27:40.000,WH Accepted,"Warehouse-team Zoho comment is a genuine admission: ""We have sent wrong sku to Cx Mahiboob bee""",Nahila_BLRW,Shwetha_BLRWH
250817,3270470,Wrong Medicines,Delhi,2026-08-04T10:02:59.000,WH Accepted,"Warehouse-team Zoho comment is a genuine admission: ""We have sent short qty to Cx Mahiboob bee""",Sonali_DEL,Vikas-DEL
250857,3244229,Wrong Medicines,Mumbai,2026-08-04T12:17:45.000,WH Accepted,"Warehouse-team Zoho comment is a genuine admission: ""We have sent wrong sku to Cx Mahiboob bee""",ShivamS_MUM,SakshiH_MUM
250590,3230891,Wrong Medicines,Bangalore,2026-08-03T07:58:08.000,WH Accepted,"Warehouse-team Zoho comment is a genuine admission: ""We have sent wrong sku to Cx Mahiboob bee""",Kavana_BLRWH / Suchithra,Shivaraj_BLRWH
250851,3231210,Wrong Medicines,Lucknow,2026-08-04T11:57:12.000,Considered BOD,No Warehouse-team Zoho comment on this ticket - treated as BOD by default (unconfirmed resolution),-,-
250494,3231210,Wrong Medicines,Lucknow,2026-08-02T12:04:48.000,BOD,"Warehouse-team Zoho comment is a denial/non-admission: ""We have sent proper medicine to Cx""",-,-
250786,3263225,Wrong Medicines,Mumbai,2026-08-04T08:18:54.000,Considered BOD,Not yet checked against a Warehouse-team Zoho comment - treated as BOD by default (unconfirmed resolution),-,-
250659,3245906,Wrong Medicines,Delhi,2026-08-03T12:38:31.000,Considered BOD,No Warehouse-team Zoho comment on this ticket - treated as BOD by default (unconfirmed resolution),-,-
250844,3222210,Wrong Medicines,Delhi,2026-08-04T11:39:25.000,BOD,"Warehouse-team Zoho comment is a denial/non-admission: ""We have sent proper medicine to Cx Mahiboob bee""",-,-
250414,3167960,Wrong Medicines,Unknown,2026-08-02T05:30:34.000,No return record,No matching marketplace_return_request row found in ClickHouse for this order,-,-
250823,3199128,Wrong Medicines,Bangalore,2026-08-04T10:20:58.000,WH Accepted,"Warehouse-team Zoho comment is a genuine admission: ""We have sent wrong sku to Cx Mahiboob bee""",Rahman_BLRWH,Shivaraj_BLRWH
249042,3171447,Wrong Medicines,Bangalore,2026-07-30T10:35:59.000,Considered BOD,No Warehouse-team Zoho comment on this ticket - treated as BOD by default (unconfirmed resolution),-,-
249698,3220034,Wrong Medicines,Delhi,2026-07-31T10:14:34.000,Considered BOD,No Warehouse-team Zoho comment on this ticket - treated as BOD by default (unconfirmed resolution),-,-
250383,3234805,Wrong Medicines,Delhi,2026-08-02T00:03:32.000,BOD,"Warehouse-team Zoho comment is a denial/non-admission: ""We have sent proper medicine to Cx Mahiboob bee""",-,-
250360,3247263,Wrong Medicines,Unknown,2026-08-01T13:15:29.000,No return record,No matching marketplace_return_request row found in ClickHouse for this order,-,-
250666,3273880,Wrong Medicines,Bangalore,2026-08-03T12:53:49.000,Considered BOD,No Warehouse-team Zoho comment on this ticket - treated as BOD by default (unconfirmed resolution),-,-
246750,3165881,Wrong Medicines,Delhi,2026-07-27T10:09:14.000,BOD,"Warehouse-team Zoho comment is a denial/non-admission: ""We have sent proper medicine to Cx Mahiboob bee""",-,-
248494,3212318,Wrong Medicines,Delhi,2026-07-29T14:15:22.000,BOD,"Warehouse-team Zoho comment is a denial/non-admission: ""We have sent proper medicine to Cx""",-,-
250629,3209100,Wrong Medicines,Lucknow,2026-08-03T10:54:25.000,Considered BOD,No Warehouse-team Zoho comment on this ticket - treated as BOD by default (unconfirmed resolution),-,-
250391,3231170,Wrong Medicines,Unknown,2026-08-02T03:53:11.000,No return record,No matching marketplace_return_request row found in ClickHouse for this order,-,-
250631,3252916,Wrong Medicines,Lucknow,2026-08-03T11:03:43.000,Considered BOD,No Warehouse-team Zoho comment on this ticket - treated as BOD by default (unconfirmed resolution),-,-
250454,3211157,Wrong Medicines,Delhi,2026-08-02T08:39:09.000,WH Accepted,"Warehouse-team Zoho comment is a genuine admission: ""We have sent wrong sku to Cx""",Sabrin_DEL,Shailesh_DEL
250331,3213338,Wrong Medicines,Mumbai,2026-08-01T11:56:14.000,WH Accepted,"Warehouse-team Zoho comment is a genuine admission: ""We have sent wrong sku to Cx Mahiboob bee""",OmkarK_MUM / JyotiG_MUM,AdityaB_MUM
248105,2861537,Wrong Medicines,Kolkata,2026-07-29T08:24:22.000,Considered BOD,Not yet checked against a Warehouse-team Zoho comment - treated as BOD by default (unconfirmed resolution),-,-
246749,3130685,Wrong Medicines,Lucknow,2026-07-27T10:05:35.000,Considered BOD,No Warehouse-team Zoho comment on this ticket - treated as BOD by default (unconfirmed resolution),-,-
250598,3117114,Wrong Medicines,Bangalore,2026-08-03T08:11:59.000,Considered BOD,Not yet checked against a Warehouse-team Zoho comment - treated as BOD by default (unconfirmed resolution),-,-
247700,3175757,Wrong Medicines,Mumbai,2026-07-28T14:20:37.000,Considered BOD,No Warehouse-team Zoho comment on this ticket - treated as BOD by default (unconfirmed resolution),-,-
250405,3222307,Wrong Medicines,Delhi,2026-08-02T04:52:29.000,Considered BOD,No Warehouse-team Zoho comment on this ticket - treated as BOD by default (unconfirmed resolution),-,-
248815,3163311,Wrong Medicines,Delhi,2026-07-30T05:24:46.000,BOD,"Warehouse-team Zoho comment is a denial/non-admission: ""We have sent proper medicine to Cx""",-,-
243789,3125583,Wrong Medicines,Delhi,2026-07-24T07:21:03.000,Considered BOD,Not yet checked against a Warehouse-team Zoho comment - treated as BOD by default (unconfirmed resolution),-,-
246968,3177495,Wrong Medicines,Kolkata,2026-07-27T18:17:31.000,Considered BOD,Not yet checked against a Warehouse-team Zoho comment - treated as BOD by default (unconfirmed resolution),-,-
248437,3156299,Wrong Medicines,Kolkata,2026-07-29T12:34:56.000,BOD,"Warehouse-team Zoho comment is a denial/non-admission: ""We have sent proper medicine to Cx""",-,-
250251,3222039,Wrong Medicines,Kolkata,2026-08-01T07:44:41.000,BOD,"Warehouse-team Zoho comment is a denial/non-admission: ""We have sent proper medicine to Cx""",-,-
248943,3163311,Wrong Medicines,Delhi,2026-07-30T07:51:33.000,Considered BOD,No Warehouse-team Zoho comment on this ticket - treated as BOD by default (unconfirmed resolution),-,-
249746,3220034,Wrong Medicines,Delhi,2026-07-31T11:17:48.000,BOD,"Warehouse-team Zoho comment is a denial/non-admission: ""We have sent proper medicine to Cx""",-,-
248907,3172803,Wrong Medicines,Unknown,2026-07-30T07:14:56.000,No return record,No matching marketplace_return_request row found in ClickHouse for this order,-,-
250244,3214245,Wrong Medicines,Bangalore,2026-08-01T07:30:10.000,WH Accepted,"Warehouse-team Zoho comment is a genuine admission: ""We have sent wrong sku to Cx""",Anjana_BLRW / Laxmi_BLRWH,Asha_BLRWH
250189,3136355,Wrong Medicines,Delhi,2026-08-01T05:03:18.000,Considered BOD,Not yet checked against a Warehouse-team Zoho comment - treated as BOD by default (unconfirmed resolution),-,-
249350,3171161,Wrong Medicines,Unknown,2026-07-30T16:42:01.000,No return record,No matching marketplace_return_request row found in ClickHouse for this order,-,-
249175,3201361,Wrong Medicines,Delhi,2026-07-30T11:27:52.000,Considered BOD,No Warehouse-team Zoho comment on this ticket - treated as BOD by default (unconfirmed resolution),-,-
248868,3208865,Wrong Medicines,Lucknow,2026-07-30T06:36:24.000,Considered BOD,Not yet checked against a Warehouse-team Zoho comment - treated as BOD by default (unconfirmed resolution),-,-
240213,3083458,Wrong Medicines,Lucknow,2026-07-20T03:30:16.000,Considered BOD,No Warehouse-team Zoho comment on this ticket - treated as BOD by default (unconfirmed resolution),-,-
246810,2998928,Wrong Medicines,Bangalore,2026-07-27T11:49:01.000,Considered BOD,Not yet checked against a Warehouse-team Zoho comment - treated as BOD by default (unconfirmed resolution),-,-
249234,3125858,Wrong Medicines,Bangalore,2026-07-30T12:24:32.000,BOD,"Warehouse-team Zoho comment is a denial/non-admission: ""We have sent proper medicine to Cx""",-,-
249232,3185005,Wrong Medicines,Bangalore,2026-07-30T12:20:40.000,BOD,"Warehouse-team Zoho comment is a denial/non-admission: ""We have sent proper medicine to Cx""",-,-
247720,3120441,Wrong Medicines,Mumbai,2026-07-28T15:11:30.000,Considered BOD,No Warehouse-team Zoho comment on this ticket - treated as BOD by default (unconfirmed resolution),-,-
249041,3126713,Wrong Medicines,Kolkata,2026-07-30T10:34:12.000,Considered BOD,Not yet checked against a Warehouse-team Zoho comment - treated as BOD by default (unconfirmed resolution),-,-
249048,3171882,Wrong Medicines,Bangalore,2026-07-30T10:49:26.000,Considered BOD,Not yet checked against a Warehouse-team Zoho comment - treated as BOD by default (unconfirmed resolution),-,-
248753,3204676,Wrong Medicines,Unknown,2026-07-30T04:03:04.000,No return record,No matching marketplace_return_request row found in ClickHouse for this order,-,-
248408,3143761,Wrong Medicines,Mumbai,2026-07-29T12:00:45.000,BOD,"Warehouse-team Zoho comment is a denial/non-admission: ""We have sent proper medicine to Cx""",-,-
248136,3183133,Wrong Medicines,Delhi,2026-07-29T08:48:23.000,Considered BOD,"Warehouse-team Zoho comment matched no known admission/denial pattern - needs manual review: ""None"" - treated as BOD by default (unconfirmed resolution)",-,-
248845,3186409,Wrong Medicines,Mumbai,2026-07-30T06:09:41.000,WH Accepted,"Warehouse-team Zoho comment is a genuine admission: ""We have sent wrong sku to Cx""",TarunP_MUM / AniketP_MUM,AnshuG_MUM
247579,3179452,Wrong Medicines,Delhi,2026-07-28T11:04:18.000,WH Accepted,"Warehouse-team Zoho comment is a genuine admission: ""We have sent wrong sku to Cx""",Sonu_DEL,Shailesh_DEL
247617,3153746,Wrong Medicines,Bangalore,2026-07-28T12:07:53.000,Considered BOD,Not yet checked against a Warehouse-team Zoho comment - treated as BOD by default (unconfirmed resolution),-,-
247646,3154853,Wrong Medicines,Delhi,2026-07-28T12:57:05.000,BOD,"Warehouse-team Zoho comment is a denial/non-admission: ""We have sent proper medicine to Cx""",-,-
246513,3119511,Wrong Medicines,Delhi,2026-07-27T07:59:10.000,BOD,"Warehouse-team Zoho comment is a denial/non-admission: ""We have sent proper medicine to Cx""",-,-
247651,3167632,Wrong Medicines,Bangalore,2026-07-28T13:02:46.000,WH Accepted,"Warehouse-team Zoho comment is a genuine admission: ""We have sent wrong sku to Cx""",Rahman_BLRWH,kannanmuthu_BLRWH
242662,3095379,Wrong Medicines,Mumbai,2026-07-23T04:38:07.000,Considered BOD,No Warehouse-team Zoho comment on this ticket - treated as BOD by default (unconfirmed resolution),-,-
244843,3141605,Wrong Medicines,Bangalore,2026-07-25T13:42:23.000,Considered BOD,Not yet checked against a Warehouse-team Zoho comment - treated as BOD by default (unconfirmed resolution),-,-
246816,3141605,Wrong Medicines,Bangalore,2026-07-27T11:57:27.000,Considered BOD,Not yet checked against a Warehouse-team Zoho comment - treated as BOD by default (unconfirmed resolution),-,-
241833,2861537,Wrong Medicines,Kolkata,2026-07-22T06:39:25.000,Considered BOD,Not yet checked against a Warehouse-team Zoho comment - treated as BOD by default (unconfirmed resolution),-,-
246773,3158835,Wrong Medicines,Delhi,2026-07-27T10:52:23.000,BOD,"Warehouse-team Zoho comment is a denial/non-admission: ""We have sent proper medicine to Cx""",-,-
245197,3145977,Wrong Medicines,Mumbai,2026-07-26T07:18:39.000,Considered BOD,No Warehouse-team Zoho comment on this ticket - treated as BOD by default (unconfirmed resolution),-,-
246442,3088226,Wrong Medicines,Mumbai,2026-07-27T06:29:38.000,Considered BOD,Not yet checked against a Warehouse-team Zoho comment - treated as BOD by default (unconfirmed resolution),-,-
247622,3158818,Wrong Medicines,Bangalore,2026-07-28T12:14:54.000,WH Accepted,"Warehouse-team Zoho comment is a genuine admission: ""We have sent wrong sku to Cx Mahiboob bee""",Ebinesar / Veena_BLRWH,Shwetha_BLRWH
246398,3174461,Wrong Medicines,Mumbai,2026-07-27T05:35:41.000,Considered BOD,No Warehouse-team Zoho comment on this ticket - treated as BOD by default (unconfirmed resolution),-,-
244738,3104846,Wrong Medicines,Bangalore,2026-07-25T11:43:21.000,Considered BOD,Not yet checked against a Warehouse-team Zoho comment - treated as BOD by default (unconfirmed resolution),-,-
244565,3043066,Wrong Medicines,Kolkata,2026-07-25T07:28:47.000,Considered BOD,Not yet checked against a Warehouse-team Zoho comment - treated as BOD by default (unconfirmed resolution),-,-
241397,3082131,Wrong Medicines,Delhi,2026-07-21T10:23:30.000,Considered BOD,No Warehouse-team Zoho comment on this ticket - treated as BOD by default (unconfirmed resolution),-,-
241202,3093171,Wrong Medicines,Delhi,2026-07-21T09:19:36.000,Considered BOD,Not yet checked against a Warehouse-team Zoho comment - treated as BOD by default (unconfirmed resolution),-,-
246023,3037230,Wrong Medicines,Kolkata,2026-07-26T14:21:12.000,Considered BOD,Not yet checked against a Warehouse-team Zoho comment - treated as BOD by default (unconfirmed resolution),-,-
245804,3106929,Wrong Medicines,Bangalore,2026-07-26T11:02:47.000,WH Accepted,"Warehouse-team Zoho comment is a genuine admission: ""We have sent wrong sku to Cx""",Suchithra / Harshitha1_BLRWH,Asha_BLRWH
245206,3123162,Wrong Medicines,Bangalore,2026-07-26T07:28:39.000,Considered BOD,Not yet checked against a Warehouse-team Zoho comment - treated as BOD by default (unconfirmed resolution),-,-
246302,3136867,Wrong Medicines,Lucknow,2026-07-27T03:23:14.000,Considered BOD,No Warehouse-team Zoho comment on this ticket - treated as BOD by default (unconfirmed resolution),-,-
243924,3071583,Wrong Medicines,Kolkata,2026-07-24T10:41:49.000,WH Accepted,"Warehouse-team Zoho comment is a genuine admission: ""We have sent wrong sku to Cx""",Rahulmondal_KOL / Sonukumar_KOL,Sudip_KOL
243141,3098322,Wrong Medicines,Lucknow,2026-07-23T11:09:42.000,Considered BOD,No Warehouse-team Zoho comment on this ticket - treated as BOD by default (unconfirmed resolution),-,-
239805,3033705,Wrong Medicines,Mumbai,2026-07-19T07:47:53.000,WH Accepted,"Warehouse-team Zoho comment is a genuine admission: ""We have sent wrong sku to cx""",Fatima_MUM / Pragati_MUM,SakshiH_MUM
244561,3134347,Wrong Medicines,Bangalore,2026-07-25T07:25:37.000,Considered BOD,Not yet checked against a Warehouse-team Zoho comment - treated as BOD by default (unconfirmed resolution),-,-
244422,3138117,Wrong Medicines,Lucknow,2026-07-25T04:07:31.000,Considered BOD,Not yet checked against a Warehouse-team Zoho comment - treated as BOD by default (unconfirmed resolution),-,-
244113,3112719,Wrong Medicines,Lucknow,2026-07-24T12:04:52.000,Considered BOD,Not yet checked against a Warehouse-team Zoho comment - treated as BOD by default (unconfirmed resolution),-,-
243599,3127474,Wrong Medicines,Kolkata,2026-07-24T03:06:48.000,Considered BOD,Not yet checked against a Warehouse-team Zoho comment - treated as BOD by default (unconfirmed resolution),-,-
243615,3109278,Wrong Medicines,Lucknow,2026-07-24T03:43:28.000,Considered BOD,Not yet checked against a Warehouse-team Zoho comment - treated as BOD by default (unconfirmed resolution),-,-
239785,3077631,Wrong Medicines,Unknown,2026-07-19T07:25:43.000,No return record,No matching marketplace_return_request row found in ClickHouse for this order,-,-
243191,3120844,Wrong Medicines,Mumbai,2026-07-23T11:58:01.000,WH Accepted,"Warehouse-team Zoho comment is a genuine admission: ""We have sent wrong sku to Cx Mahiboob bee""",TarunP_MUM,PrathameshD_MUM
243189,3128190,Wrong Medicines,Mumbai,2026-07-23T11:55:22.000,BOD,"Warehouse-team Zoho comment is a denial/non-admission: ""We have sent proper medicine to Cx Mahiboob bee""",-,-
243123,3114611,Wrong Medicines,Delhi,2026-07-23T10:45:10.000,Considered BOD,Not yet checked against a Warehouse-team Zoho comment - treated as BOD by default (unconfirmed resolution),-,-
223887,2817909,Wrong Medicines,Delhi,2026-06-30T06:18:29.000,Considered BOD,Not yet checked against a Warehouse-team Zoho comment - treated as BOD by default (unconfirmed resolution),-,-
241445,3100155,Wrong Medicines,Delhi,2026-07-21T11:15:11.000,Considered BOD,Not yet checked against a Warehouse-team Zoho comment - treated as BOD by default (unconfirmed resolution),-,-
242244,3112314,Wrong Medicines,Mumbai,2026-07-22T12:27:51.000,Considered BOD,Not yet checked against a Warehouse-team Zoho comment - treated as BOD by default (unconfirmed resolution),-,-
236070,2959092,Wrong Medicines,Bangalore,2026-07-16T08:37:18.000,Considered BOD,Not yet checked against a Warehouse-team Zoho comment - treated as BOD by default (unconfirmed resolution),-,-
236149,2959092,Wrong Medicines,Bangalore,2026-07-16T10:10:12.000,Considered BOD,Not yet checked against a Warehouse-team Zoho comment - treated as BOD by default (unconfirmed resolution),-,-
240716,3028140,Wrong Medicines,Lucknow,2026-07-20T12:24:22.000,WH Accepted,"Warehouse-team Zoho comment is a genuine admission: ""Paker didn't removed the medicine out side properly""",Shivam.J_LKO / Aniket_LKO,Raj.V_LKO
241173,3014034,Wrong Medicines,Bangalore,2026-07-21T08:49:40.000,WH Accepted,"Warehouse-team Zoho comment is a genuine admission: ""We have sent only 1 qty short to Cx Mahiboob bee""",SUMITH / Harshitha1_BLRWH,Tharun_BLRWH
242162,3097723,Wrong Medicines,Kolkata,2026-07-22T10:36:08.000,Considered BOD,Not yet checked against a Warehouse-team Zoho comment - treated as BOD by default (unconfirmed resolution),-,-
239012,3026648,Wrong Medicines,Delhi,2026-07-18T05:00:33.000,Considered BOD,Not yet checked against a Warehouse-team Zoho comment - treated as BOD by default (unconfirmed resolution),-,-
236819,3008216,Wrong Medicines,Delhi,2026-07-17T09:25:46.000,Considered BOD,Not yet checked against a Warehouse-team Zoho comment - treated as BOD by default (unconfirmed resolution),-,-
236797,3056265,Wrong Medicines,Lucknow,2026-07-17T08:59:12.000,Considered BOD,No Warehouse-team Zoho comment on this ticket - treated as BOD by default (unconfirmed resolution),-,-
240394,3070884,Wrong Medicines,Delhi,2026-07-20T08:46:24.000,Considered BOD,Not yet checked against a Warehouse-team Zoho comment - treated as BOD by default (unconfirmed resolution),-,-
240730,3061162,Wrong Medicines,Mumbai,2026-07-20T12:49:19.000,Considered BOD,No Warehouse-team Zoho comment on this ticket - treated as BOD by default (unconfirmed resolution),-,-
242144,3111599,Wrong Medicines,Kolkata,2026-07-22T10:16:20.000,Considered BOD,Not yet checked against a Warehouse-team Zoho comment - treated as BOD by default (unconfirmed resolution),-,-
239723,3049411,Wrong Medicines,Unknown,2026-07-19T05:51:21.000,No return record,No matching marketplace_return_request row found in ClickHouse for this order,-,-
239704,3049880,Wrong Medicines,Unknown,2026-07-19T05:32:05.000,No return record,No matching marketplace_return_request row found in ClickHouse for this order,-,-
241957,3077495,Wrong Medicines,Mumbai,2026-07-22T07:46:51.000,Considered BOD,Not yet checked against a Warehouse-team Zoho comment - treated as BOD by default (unconfirmed resolution),-,-
241455,3037431,Wrong Medicines,Lucknow,2026-07-21T11:32:25.000,Considered BOD,Not yet checked against a Warehouse-team Zoho comment - treated as BOD by default (unconfirmed resolution),-,-
241516,3028140,Wrong Medicines,Lucknow,2026-07-21T12:55:42.000,WH Accepted,"Warehouse-team Zoho comment is a genuine admission: ""Paker didn't removed the medicine out side properly""",Shivam.J_LKO / Aniket_LKO,Raj.V_LKO
241505,3075994,Wrong Medicines,Lucknow,2026-07-21T12:46:00.000,Considered BOD,Not yet checked against a Warehouse-team Zoho comment - treated as BOD by default (unconfirmed resolution),-,-
241487,3072410,Wrong Medicines,Mumbai,2026-07-21T12:22:53.000,WH Accepted,"Warehouse-team Zoho comment is a genuine admission: ""We have sent wrong sku to Cx""",MaheshK_MUM,ShivamS_MUM
241448,2957219,Wrong Medicines,Bangalore,2026-07-21T11:17:18.000,Considered BOD,Not yet checked against a Warehouse-team Zoho comment - treated as BOD by default (unconfirmed resolution),-,-
241130,3076088,Wrong Medicines,Lucknow,2026-07-21T07:41:15.000,WH Accepted,"Warehouse-team Zoho comment is a genuine admission: ""We have sent wrong sku to cx""",Anshu.S_LKO / Gayatri.M_LKO,Arti_LKO
241127,3022372,Wrong Medicines,Delhi,2026-07-21T07:37:18.000,Considered BOD,Not yet checked against a Warehouse-team Zoho comment - treated as BOD by default (unconfirmed resolution),-,-
240652,3057369,Wrong Medicines,Lucknow,2026-07-20T10:29:21.000,Considered BOD,Not yet checked against a Warehouse-team Zoho comment - treated as BOD by default (unconfirmed resolution),-,-
241224,3012181,Wrong Medicines,Bangalore,2026-07-21T09:40:16.000,WH Accepted,"Warehouse-team Zoho comment is a genuine admission: ""We have sent wrong sku to Cx Mahiboob bee""",Mukund_BLRWH / ChandraKanth,kannanmuthu_BLRWH
236981,3040851,Wrong Medicines,Lucknow,2026-07-17T12:46:45.000,Considered BOD,Not yet checked against a Warehouse-team Zoho comment - treated as BOD by default (unconfirmed resolution),-,-
239759,3034199,Wrong Medicines,Delhi,2026-07-19T06:40:35.000,BOD,"Warehouse-team Zoho comment is a denial/non-admission: ""We have sent proper medicine to CX Mahiboob bee""",-,-
241112,3092242,Wrong Medicines,Lucknow,2026-07-21T07:16:41.000,Considered BOD,Not yet checked against a Warehouse-team Zoho comment - treated as BOD by default (unconfirmed resolution),-,-
236490,2959092,Wrong Medicines,Bangalore,2026-07-17T01:19:04.000,Considered BOD,Not yet checked against a Warehouse-team Zoho comment - treated as BOD by default (unconfirmed resolution),-,-
239849,3042389,Wrong Medicines,Delhi,2026-07-19T09:42:36.000,BOD,"Warehouse-team Zoho comment is a denial/non-admission: ""We have sent proper medicine to CX Mahiboob bee""",-,-
239848,3058589,Wrong Medicines,Kolkata,2026-07-19T09:39:31.000,Considered BOD,Not yet checked against a Warehouse-team Zoho comment - treated as BOD by default (unconfirmed resolution),-,-
239796,3053986,Wrong Medicines,Lucknow,2026-07-19T07:40:29.000,WH Accepted,"Warehouse-team Zoho comment is a genuine admission: ""We have sent wrong sku to CX Mahiboob bee""",Komal.P_LKO,Roshani_LKO
239778,2875668,Wrong Medicines,Kolkata,2026-07-19T07:06:42.000,Considered BOD,Not yet checked against a Warehouse-team Zoho comment - treated as BOD by default (unconfirmed resolution),-,-
239775,3027386,Wrong Medicines,Bangalore,2026-07-19T07:04:26.000,Considered BOD,Not yet checked against a Warehouse-team Zoho comment - treated as BOD by default (unconfirmed resolution),-,-
239774,3041985,Wrong Medicines,Bangalore,2026-07-19T07:02:31.000,Considered BOD,Not yet checked against a Warehouse-team Zoho comment - treated as BOD by default (unconfirmed resolution),-,-
239770,3057718,Wrong Medicines,Kolkata,2026-07-19T06:57:18.000,Considered BOD,Not yet checked against a Warehouse-team Zoho comment - treated as BOD by default (unconfirmed resolution),-,-
239766,2948206,Wrong Medicines,Delhi,2026-07-19T06:43:56.000,WH Accepted,"Warehouse-team Zoho comment is a genuine admission: ""We have sent short qty to CX""",Muskan_Del,VANDANA_DEL
236868,3058321,Wrong Medicines,Kolkata,2026-07-17T10:42:42.000,Considered BOD,Not yet checked against a Warehouse-team Zoho comment - treated as BOD by default (unconfirmed resolution),-,-
239055,3041855,Wrong Medicines,Bangalore,2026-07-18T05:45:20.000,Considered BOD,Not yet checked against a Warehouse-team Zoho comment - treated as BOD by default (unconfirmed resolution),-,-
239205,3035373,Wrong Medicines,Bangalore,2026-07-18T08:41:29.000,Considered BOD,Not yet checked against a Warehouse-team Zoho comment - treated as BOD by default (unconfirmed resolution),-,-
239376,3023793,Wrong Medicines,Mumbai,2026-07-18T12:45:50.000,Considered BOD,Not yet checked against a Warehouse-team Zoho comment - treated as BOD by default (unconfirmed resolution),-,-
236931,3009226,Wrong Medicines,Kolkata,2026-07-17T11:48:27.000,Considered BOD,Not yet checked against a Warehouse-team Zoho comment - treated as BOD by default (unconfirmed resolution),-,-
236825,3025811,Wrong Medicines,Lucknow,2026-07-17T09:31:00.000,Considered BOD,Not yet checked against a Warehouse-team Zoho comment - treated as BOD by default (unconfirmed resolution),-,-
236670,2982490,Wrong Medicines,Delhi,2026-07-17T06:35:19.000,Considered BOD,Not yet checked against a Warehouse-team Zoho comment - treated as BOD by default (unconfirmed resolution),-,-
239071,3048313,Wrong Medicines,Kolkata,2026-07-18T06:01:19.000,Considered BOD,Not yet checked against a Warehouse-team Zoho comment - treated as BOD by default (unconfirmed resolution),-,-
236815,3025209,Wrong Medicines,Delhi,2026-07-17T09:18:49.000,Considered BOD,Not yet checked against a Warehouse-team Zoho comment - treated as BOD by default (unconfirmed resolution),-,-
232634,2937800,Wrong Medicines,Bangalore,2026-07-11T12:58:02.000,BOD,"Warehouse-team Zoho comment is a denial/non-admission: ""We have sent proper medicine to CX Mahiboob bee""",-,-
233781,2997850,Wrong Medicines,Bangalore,2026-07-13T07:51:09.000,Considered BOD,Not yet checked against a Warehouse-team Zoho comment - treated as BOD by default (unconfirmed resolution),-,-
236669,3019863,Wrong Medicines,Kolkata,2026-07-17T06:34:53.000,Considered BOD,Not yet checked against a Warehouse-team Zoho comment - treated as BOD by default (unconfirmed resolution),-,-
236659,3040032,Wrong Medicines,Bangalore,2026-07-17T06:22:47.000,Considered BOD,Not yet checked against a Warehouse-team Zoho comment - treated as BOD by default (unconfirmed resolution),-,-
236017,3020154,Wrong Medicines,Bangalore,2026-07-16T07:48:52.000,Considered BOD,Not yet checked against a Warehouse-team Zoho comment - treated as BOD by default (unconfirmed resolution),-,-
235998,3033695,Wrong Medicines,Delhi,2026-07-16T07:23:54.000,Considered BOD,Not yet checked against a Warehouse-team Zoho comment - treated as BOD by default (unconfirmed resolution),-,-
235406,2986575,Wrong Medicines,Mumbai,2026-07-15T11:13:40.000,WH Accepted,"Warehouse-team Zoho comment is a genuine admission: ""We have sent wrong sku to CX Mahiboob bee""",AniketP_MUM / KaranZ_MUM,JayeshW_MUM
235485,2963922,Wrong Medicines,Bangalore,2026-07-15T12:50:31.000,Considered BOD,Not yet checked against a Warehouse-team Zoho comment - treated as BOD by default (unconfirmed resolution),-,-
235484,3032605,Wrong Medicines,Lucknow,2026-07-15T12:50:09.000,Considered BOD,Not yet checked against a Warehouse-team Zoho comment - treated as BOD by default (unconfirmed resolution),-,-
235340,2954877,Wrong Medicines,Delhi,2026-07-15T09:34:29.000,Considered BOD,Not yet checked against a Warehouse-team Zoho comment - treated as BOD by default (unconfirmed resolution),-,-
234444,2956880,Wrong Medicines,Bangalore,2026-07-14T06:16:27.000,Considered BOD,Not yet checked against a Warehouse-team Zoho comment - treated as BOD by default (unconfirmed resolution),-,-
235374,3004007,Wrong Medicines,Bangalore,2026-07-15T10:19:38.000,Considered BOD,Not yet checked against a Warehouse-team Zoho comment - treated as BOD by default (unconfirmed resolution),-,-
232457,2972540,Wrong Medicines,Delhi,2026-07-11T08:53:43.000,Considered BOD,Not yet checked against a Warehouse-team Zoho comment - treated as BOD by default (unconfirmed resolution),-,-
233923,2885432,Wrong Medicines,Bangalore,2026-07-13T10:49:43.000,Considered BOD,Not yet checked against a Warehouse-team Zoho comment - treated as BOD by default (unconfirmed resolution),-,-
232983,2923945,Wrong Medicines,Bangalore,2026-07-12T05:46:08.000,Considered BOD,Not yet checked against a Warehouse-team Zoho comment - treated as BOD by default (unconfirmed resolution),-,-
223407,2812069,Wrong Medicines,Lucknow,2026-06-29T07:30:35.000,Considered BOD,Not yet checked against a Warehouse-team Zoho comment - treated as BOD by default (unconfirmed resolution),-,-
223413,2812069,Wrong Medicines,Lucknow,2026-06-29T07:34:00.000,Considered BOD,Not yet checked against a Warehouse-team Zoho comment - treated as BOD by default (unconfirmed resolution),-,-
232919,2928189,Wrong Medicines,Unknown,2026-07-12T04:26:09.000,No return record,No matching marketplace_return_request row found in ClickHouse for this order,-,-
233779,2961897,Wrong Medicines,Unknown,2026-07-13T07:50:11.000,No return record,No matching marketplace_return_request row found in ClickHouse for this order,-,-
234482,2957814,Wrong Medicines,Bangalore,2026-07-14T06:57:29.000,Considered BOD,Not yet checked against a Warehouse-team Zoho comment - treated as BOD by default (unconfirmed resolution),-,-
232346,2961035,Wrong Medicines,Bangalore,2026-07-11T06:33:32.000,BOD,"Warehouse-team Zoho comment is a denial/non-admission: ""We have sent proper medicine to CX Mahiboob bee""",-,-
231502,2960269,Wrong Medicines,Bangalore,2026-07-10T03:30:02.000,Considered BOD,Not yet checked against a Warehouse-team Zoho comment - treated as BOD by default (unconfirmed resolution),-,-
233981,2967779,Wrong Medicines,Delhi,2026-07-13T12:16:47.000,Considered BOD,Not yet checked against a Warehouse-team Zoho comment - treated as BOD by default (unconfirmed resolution),-,-
231863,2914590,Wrong Medicines,Delhi,2026-07-10T11:45:05.000,Considered BOD,Not yet checked against a Warehouse-team Zoho comment - treated as BOD by default (unconfirmed resolution),-,-
231108,2947416,Wrong Medicines,Unknown,2026-07-09T10:11:47.000,No return record,No matching marketplace_return_request row found in ClickHouse for this order,-,-
233202,2981066,Wrong Medicines,Kolkata,2026-07-12T11:26:08.000,Considered BOD,Not yet checked against a Warehouse-team Zoho comment - treated as BOD by default (unconfirmed resolution),-,-
233267,2990816,Wrong Medicines,Delhi,2026-07-12T13:09:16.000,Considered BOD,Not yet checked against a Warehouse-team Zoho comment - treated as BOD by default (unconfirmed resolution),-,-
233271,2973856,Wrong Medicines,Delhi,2026-07-12T13:15:16.000,Considered BOD,Not yet checked against a Warehouse-team Zoho comment - treated as BOD by default (unconfirmed resolution),-,-
229840,2929424,Wrong Medicines,Unknown,2026-07-07T13:07:03.000,No return record,No matching marketplace_return_request row found in ClickHouse for this order,-,-
230313,2937526,Wrong Medicines,Bangalore,2026-07-08T09:31:49.000,Considered BOD,Not yet checked against a Warehouse-team Zoho comment - treated as BOD by default (unconfirmed resolution),-,-
230989,2914962,Wrong Medicines,Mumbai,2026-07-09T08:06:16.000,Considered BOD,Not yet checked against a Warehouse-team Zoho comment - treated as BOD by default (unconfirmed resolution),-,-
229509,2935741,Wrong Medicines,Delhi,2026-07-07T06:43:26.000,Considered BOD,"Warehouse-team Zoho comment matched no known admission/denial pattern - needs manual review: ""We have sent MRP mismatch medicine to CX Mahiboob bee"" - treated as BOD by default (unconfirmed resolution)",-,-
232510,2944930,Wrong Medicines,Delhi,2026-07-11T10:01:29.000,Considered BOD,Not yet checked against a Warehouse-team Zoho comment - treated as BOD by default (unconfirmed resolution),-,-
230456,2918123,Wrong Medicines,Lucknow,2026-07-08T12:15:06.000,Considered BOD,Not yet checked against a Warehouse-team Zoho comment - treated as BOD by default (unconfirmed resolution),-,-
232539,2921287,Wrong Medicines,Lucknow,2026-07-11T10:43:42.000,Considered BOD,Not yet checked against a Warehouse-team Zoho comment - treated as BOD by default (unconfirmed resolution),-,-
232360,2937025,Wrong Medicines,Bangalore,2026-07-11T06:49:55.000,Considered BOD,Not yet checked against a Warehouse-team Zoho comment - treated as BOD by default (unconfirmed resolution),-,-
231905,2954021,Wrong Medicines,Bangalore,2026-07-10T12:34:20.000,Considered BOD,Not yet checked against a Warehouse-team Zoho comment - treated as BOD by default (unconfirmed resolution),-,-
231115,2929455,Wrong Medicines,Mumbai,2026-07-09T10:22:33.000,Considered BOD,Not yet checked against a Warehouse-team Zoho comment - treated as BOD by default (unconfirmed resolution),-,-
229839,2931791,Wrong Medicines,Lucknow,2026-07-07T13:06:27.000,Considered BOD,Not yet checked against a Warehouse-team Zoho comment - treated as BOD by default (unconfirmed resolution),-,-
229558,2803039,Wrong Medicines,Bangalore,2026-07-07T07:41:46.000,Considered BOD,Not yet checked against a Warehouse-team Zoho comment - treated as BOD by default (unconfirmed resolution),-,-
223655,2842483,Wrong Medicines,Delhi,2026-06-29T14:46:55.000,WH Accepted,"Warehouse-team Zoho comment is a genuine admission: ""We have sent wrong sku to CX Mahiboob bee""",Saurav_DEL,ALAM.SHAH_DEL
229566,2852638,Wrong Medicines,Mumbai,2026-07-07T07:48:10.000,Considered BOD,Not yet checked against a Warehouse-team Zoho comment - treated as BOD by default (unconfirmed resolution),-,-
229695,2822049,Wrong Medicines,Delhi,2026-07-07T10:13:20.000,Considered BOD,No Warehouse-team Zoho comment on this ticket - treated as BOD by default (unconfirmed resolution),-,-
230337,2924438,Wrong Medicines,Delhi,2026-07-08T10:03:18.000,Considered BOD,Not yet checked against a Warehouse-team Zoho comment - treated as BOD by default (unconfirmed resolution),-,-
229829,2808391,Wrong Medicines,Kolkata,2026-07-07T12:58:19.000,Considered BOD,Not yet checked against a Warehouse-team Zoho comment - treated as BOD by default (unconfirmed resolution),-,-
229714,2910333,Wrong Medicines,Lucknow,2026-07-07T10:36:17.000,Considered BOD,Not yet checked against a Warehouse-team Zoho comment - treated as BOD by default (unconfirmed resolution),-,-
229725,2869543,Wrong Medicines,Lucknow,2026-07-07T10:57:25.000,Considered BOD,Not yet checked against a Warehouse-team Zoho comment - treated as BOD by default (unconfirmed resolution),-,-
229555,2892302,Wrong Medicines,Lucknow,2026-07-07T07:37:43.000,Considered BOD,Not yet checked against a Warehouse-team Zoho comment - treated as BOD by default (unconfirmed resolution),-,-
229553,2879912,Wrong Medicines,Kolkata,2026-07-07T07:32:11.000,Considered BOD,Not yet checked against a Warehouse-team Zoho comment - treated as BOD by default (unconfirmed resolution),-,-
224347,2842159,Wrong Medicines,Bangalore,2026-06-30T12:39:20.000,Considered BOD,"Warehouse-team Zoho comment matched no known admission/denial pattern - needs manual review: ""None"" - treated as BOD by default (unconfirmed resolution)",-,-
229690,2860605,Wrong Medicines,Bangalore,2026-07-07T10:10:11.000,Considered BOD,No Warehouse-team Zoho comment on this ticket - treated as BOD by default (unconfirmed resolution),-,-
229765,2898612,Wrong Medicines,Bangalore,2026-07-07T11:56:18.000,Considered BOD,Not yet checked against a Warehouse-team Zoho comment - treated as BOD by default (unconfirmed resolution),-,-
228099,2828800,Wrong Medicines,Bangalore,2026-07-05T15:02:30.000,Considered BOD,Not yet checked against a Warehouse-team Zoho comment - treated as BOD by default (unconfirmed resolution),-,-
226013,2879117,Wrong Medicines,Bangalore,2026-07-03T03:30:01.000,Considered BOD,Not yet checked against a Warehouse-team Zoho comment - treated as BOD by default (unconfirmed resolution),-,-
229540,2905053,Wrong Medicines,Bangalore,2026-07-07T07:17:03.000,WH Accepted,"Warehouse-team Zoho comment is a genuine admission: ""We have sent wrong sku to CX""",Shivaraj_BLRWH,kannanmuthu_BLRWH
225292,2866965,Wrong Medicines,Bangalore,2026-07-02T02:21:29.000,Considered BOD,Not yet checked against a Warehouse-team Zoho comment - treated as BOD by default (unconfirmed resolution),-,-
227941,2909513,Wrong Medicines,Lucknow,2026-07-05T11:12:04.000,Considered BOD,Not yet checked against a Warehouse-team Zoho comment - treated as BOD by default (unconfirmed resolution),-,-
227335,2905187,Wrong Medicines,Kolkata,2026-07-04T12:58:38.000,Considered BOD,No Warehouse-team Zoho comment on this ticket - treated as BOD by default (unconfirmed resolution),-,-
227984,2881741,Wrong Medicines,Kolkata,2026-07-05T12:07:55.000,Considered BOD,Not yet checked against a Warehouse-team Zoho comment - treated as BOD by default (unconfirmed resolution),-,-
227986,2831078,Wrong Medicines,Lucknow,2026-07-05T12:12:39.000,Considered BOD,Not yet checked against a Warehouse-team Zoho comment - treated as BOD by default (unconfirmed resolution),-,-
227999,2882548,Wrong Medicines,Lucknow,2026-07-05T12:23:16.000,Considered BOD,Not yet checked against a Warehouse-team Zoho comment - treated as BOD by default (unconfirmed resolution),-,-
226567,2842674,Wrong Medicines,Delhi,2026-07-03T11:13:19.000,Considered BOD,Not yet checked against a Warehouse-team Zoho comment - treated as BOD by default (unconfirmed resolution),-,-
227229,2772808,Wrong Medicines,Lucknow,2026-07-04T09:50:59.000,Considered BOD,Not yet checked against a Warehouse-team Zoho comment - treated as BOD by default (unconfirmed resolution),-,-
228571,2896055,Wrong Medicines,Delhi,2026-07-06T06:38:30.000,Considered BOD,Not yet checked against a Warehouse-team Zoho comment - treated as BOD by default (unconfirmed resolution),-,-
227249,2881039,Wrong Medicines,Bangalore,2026-07-04T10:04:14.000,Considered BOD,Not yet checked against a Warehouse-team Zoho comment - treated as BOD by default (unconfirmed resolution),-,-
227336,2880652,Wrong Medicines,Bangalore,2026-07-04T12:59:24.000,Considered BOD,Not yet checked against a Warehouse-team Zoho comment - treated as BOD by default (unconfirmed resolution),-,-
227132,2863435,Wrong Medicines,Lucknow,2026-07-04T07:43:40.000,Considered BOD,Not yet checked against a Warehouse-team Zoho comment - treated as BOD by default (unconfirmed resolution),-,-
225747,2841509,Wrong Medicines,Kolkata,2026-07-02T12:31:46.000,Considered BOD,Not yet checked against a Warehouse-team Zoho comment - treated as BOD by default (unconfirmed resolution),-,-
227274,2876529,Wrong Medicines,Bangalore,2026-07-04T10:59:01.000,Considered BOD,Not yet checked against a Warehouse-team Zoho comment - treated as BOD by default (unconfirmed resolution),-,-
225702,2817058,Wrong Medicines,Kolkata,2026-07-02T11:25:28.000,Considered BOD,Not yet checked against a Warehouse-team Zoho comment - treated as BOD by default (unconfirmed resolution),-,-
225770,2813513,Wrong Medicines,Mumbai,2026-07-02T13:03:38.000,Considered BOD,Not yet checked against a Warehouse-team Zoho comment - treated as BOD by default (unconfirmed resolution),-,-
227110,2870179,Wrong Medicines,Delhi,2026-07-04T07:24:23.000,WH Accepted,"Warehouse-team Zoho comment is a genuine admission: ""We have sent wrong sku to CX Mahiboob bee""",Minzar_DEL / Preeti_Y_DEL,Ronu_DEL
227136,2883191,Wrong Medicines,Bangalore,2026-07-04T07:47:45.000,WH Accepted,"Warehouse-team Zoho comment is a genuine admission: ""We have sent wrong sku to CX Mahiboob bee""",Santosh,Asha_BLRWH
227259,2864676,Wrong Medicines,Bangalore,2026-07-04T10:15:50.000,Considered BOD,Not yet checked against a Warehouse-team Zoho comment - treated as BOD by default (unconfirmed resolution),-,-
225654,2864007,Wrong Medicines,Bangalore,2026-07-02T10:22:41.000,Considered BOD,Not yet checked against a Warehouse-team Zoho comment - treated as BOD by default (unconfirmed resolution),-,-
226618,2831416,Wrong Medicines,Delhi,2026-07-03T12:23:00.000,Considered BOD,Not yet checked against a Warehouse-team Zoho comment - treated as BOD by default (unconfirmed resolution),-,-
220937,2769531,Wrong Medicines,Unknown,2026-06-26T04:44:13.000,No return record,No matching marketplace_return_request row found in ClickHouse for this order,-,-
222558,2702517,Wrong Medicines,Mumbai,2026-06-28T09:38:20.000,Considered BOD,Not yet checked against a Warehouse-team Zoho comment - treated as BOD by default (unconfirmed resolution),-,-
223954,2842483,Wrong Medicines,Delhi,2026-06-30T07:54:57.000,Considered BOD,No Warehouse-team Zoho comment on this ticket - treated as BOD by default (unconfirmed resolution),-,-
225024,2840400,Wrong Medicines,Kolkata,2026-07-01T11:46:21.000,WH Accepted,"Warehouse-team Zoho comment is a genuine admission: ""We have sent wrong sku to CX Mahiboob bee""",Srayosree_KOL,Papri_KOL
224418,2822049,Wrong Medicines,Delhi,2026-06-30T14:36:53.000,BOD,"Warehouse-team Zoho comment is a denial/non-admission: ""We have sent proper medicine to CX Mahiboob bee""",-,-
224266,2661907,Wrong Medicines,Bangalore,2026-06-30T10:42:13.000,Considered BOD,Not yet checked against a Warehouse-team Zoho comment - treated as BOD by default (unconfirmed resolution),-,-
224219,2680517,Wrong Medicines,Delhi,2026-06-30T09:44:37.000,BOD,"Warehouse-team Zoho comment is a denial/non-admission: ""We have sent proper medicine to CX""",-,-
222162,2730695,Wrong Medicines,Lucknow,2026-06-28T03:01:52.000,Considered BOD,Not yet checked against a Warehouse-team Zoho comment - treated as BOD by default (unconfirmed resolution),-,-
221604,2812069,Wrong Medicines,Lucknow,2026-06-27T06:00:38.000,Considered BOD,Not yet checked against a Warehouse-team Zoho comment - treated as BOD by default (unconfirmed resolution),-,-
222612,2823065,Wrong Medicines,Delhi,2026-06-28T11:00:05.000,Considered BOD,Not yet checked against a Warehouse-team Zoho comment - treated as BOD by default (unconfirmed resolution),-,-
221966,2815012,Wrong Medicines,Delhi,2026-06-27T11:30:48.000,Considered BOD,Not yet checked against a Warehouse-team Zoho comment - treated as BOD by default (unconfirmed resolution),-,-
221962,2807766,Wrong Medicines,Delhi,2026-06-27T11:23:18.000,WH Accepted,"Warehouse-team Zoho comment is a genuine admission: ""We have sent wrong medicine to cx Naveen""",Minzar_DEL,Seema_DEL
220147,2735945,Wrong Medicines,Delhi,2026-06-25T06:48:42.000,Considered BOD,Not yet checked against a Warehouse-team Zoho comment - treated as BOD by default (unconfirmed resolution),-,-
220327,2734515,Wrong Medicines,Unknown,2026-06-25T12:16:54.000,No return record,No matching marketplace_return_request row found in ClickHouse for this order,-,-
260467,3852242,Expiry Issue,Bangalore,2026-09-22T07:54:26.000,Considered BOD,Not yet checked against a Warehouse-team Zoho comment - treated as BOD by default (unconfirmed resolution),-,-
260308,3953304,Expiry Issue,Delhi,2026-09-21T11:47:26.000,Considered BOD,Not yet checked against a Warehouse-team Zoho comment - treated as BOD by default (unconfirmed resolution),-,-
259937,3890564,Expiry Issue,Lucknow,2026-09-19T07:17:11.000,Considered BOD,No Warehouse-team Zoho comment on this ticket - treated as BOD by default (unconfirmed resolution),-,-
259768,3874637,Expiry Issue,Lucknow,2026-09-18T06:58:57.000,BOD,"Warehouse-team Zoho comment is a denial/non-admission: ""We have  sent proper medicine but defferent expiry date to CX""",-,-
253878,3477213,Expiry Issue,Delhi,2026-08-19T15:05:28.000,BOD,"Warehouse-team Zoho comment is a denial/non-admission: ""1- 2027 is good expiry medicine""",-,-
259906,3807738,Expiry Issue,Bangalore,2026-09-19T05:35:38.000,Considered BOD,No Warehouse-team Zoho comment on this ticket - treated as BOD by default (unconfirmed resolution),-,-
259043,3866075,Expiry Issue,Delhi,2026-09-14T07:58:10.000,Considered BOD,No Warehouse-team Zoho comment on this ticket - treated as BOD by default (unconfirmed resolution),-,-
260105,3926083,Expiry Issue,Bangalore,2026-09-20T07:10:43.000,Considered BOD,No Warehouse-team Zoho comment on this ticket - treated as BOD by default (unconfirmed resolution),-,-
255992,3602256,Expiry Issue,Bangalore,2026-08-30T07:12:33.000,Considered BOD,No Warehouse-team Zoho comment on this ticket - treated as BOD by default (unconfirmed resolution),-,-
253264,3209638,Expiry Issue,Bangalore,2026-08-17T05:16:20.000,Considered BOD,Not yet checked against a Warehouse-team Zoho comment - treated as BOD by default (unconfirmed resolution),-,-
255097,3573466,Expiry Issue,Delhi,2026-08-26T05:10:22.000,Considered BOD,"Warehouse-team Zoho comment matched no known admission/denial pattern - needs manual review: ""None"" - treated as BOD by default (unconfirmed resolution)",-,-
256692,3381040,Expiry Issue,Delhi,2026-09-02T05:28:35.000,Considered BOD,Not yet checked against a Warehouse-team Zoho comment - treated as BOD by default (unconfirmed resolution),-,-
255987,3580066,Expiry Issue,Bangalore,2026-08-30T06:59:16.000,Considered BOD,"Warehouse-team Zoho comment matched no known admission/denial pattern - needs manual review: ""None"" - treated as BOD by default (unconfirmed resolution)",-,-
250721,3046935,Expiry Issue,Unknown,2026-08-04T03:53:25.000,No return record,No matching marketplace_return_request row found in ClickHouse for this order,-,-
251187,3017846,Expiry Issue,Delhi,2026-08-06T09:37:34.000,BOD,"Warehouse-team Zoho comment is a denial/non-admission: ""We have sent proper medicine to Cx""",-,-
254154,3501056,Expiry Issue,Delhi,2026-08-21T07:42:13.000,Considered BOD,"Warehouse-team Zoho comment matched no known admission/denial pattern - needs manual review: ""None"" - treated as BOD by default (unconfirmed resolution)",-,-
254005,3468459,Expiry Issue,Bangalore,2026-08-20T09:41:19.000,Considered BOD,"Warehouse-team Zoho comment matched no known admission/denial pattern - needs manual review: ""We cannot find the batch pls proper its visible on batch"" - treated as BOD by default (unconfirmed resolution)",-,-
253879,34477213,Expiry Issue,Unknown,2026-08-19T15:06:55.000,No return record,No matching marketplace_return_request row found in ClickHouse for this order,-,-
253388,3174434,Expiry Issue,Unknown,2026-08-17T11:27:38.000,No return record,No matching marketplace_return_request row found in ClickHouse for this order,-,-
253268,3209638,Expiry Issue,Bangalore,2026-08-17T05:37:58.000,Considered BOD,Not yet checked against a Warehouse-team Zoho comment - treated as BOD by default (unconfirmed resolution),-,-
252642,3017846,Expiry Issue,Delhi,2026-08-13T11:00:02.000,Considered BOD,No Warehouse-team Zoho comment on this ticket - treated as BOD by default (unconfirmed resolution),-,-
252977,3442014,Expiry Issue,Mumbai,2026-08-15T09:38:05.000,Considered BOD,No Warehouse-team Zoho comment on this ticket - treated as BOD by default (unconfirmed resolution),-,-
252154,3322180,Expiry Issue,Delhi,2026-08-11T10:18:31.000,Considered BOD,Not yet checked against a Warehouse-team Zoho comment - treated as BOD by default (unconfirmed resolution),-,-
251317,3321497,Expiry Issue,Delhi,2026-08-07T07:13:24.000,Considered BOD,No Warehouse-team Zoho comment on this ticket - treated as BOD by default (unconfirmed resolution),-,-
251054,3259192,Expiry Issue,Delhi,2026-08-05T12:58:57.000,Considered BOD,No Warehouse-team Zoho comment on this ticket - treated as BOD by default (unconfirmed resolution),-,-
250651,3136802,Expiry Issue,Bangalore,2026-08-03T12:05:48.000,Considered BOD,No Warehouse-team Zoho comment on this ticket - treated as BOD by default (unconfirmed resolution),-,-
250101,3218105,Expiry Issue,Delhi,2026-07-31T17:00:25.000,BOD,"Warehouse-team Zoho comment is a denial/non-admission: ""7/2027 is good expiry, This is still 2026 year ok""",-,-
246516,3161097,Expiry Issue,Lucknow,2026-07-27T08:04:11.000,Considered BOD,No Warehouse-team Zoho comment on this ticket - treated as BOD by default (unconfirmed resolution),-,-
241128,3078036,Expiry Issue,Bangalore,2026-07-21T07:40:34.000,Considered BOD,No Warehouse-team Zoho comment on this ticket - treated as BOD by default (unconfirmed resolution),-,-
241118,3078036,Expiry Issue,Bangalore,2026-07-21T07:23:47.000,Considered BOD,"Warehouse-team Zoho comment matched no known admission/denial pattern - needs manual review: ""None"" - treated as BOD by default (unconfirmed resolution)",-,-
237001,2733590,Expiry Issue,Lucknow,2026-07-17T13:13:11.000,Considered BOD,"Warehouse-team Zoho comment matched no known admission/denial pattern - needs manual review: ""None"" - treated as BOD by default (unconfirmed resolution)",-,-
231597,2931531,Expiry Issue,Bangalore,2026-07-10T05:46:32.000,Considered BOD,Not yet checked against a Warehouse-team Zoho comment - treated as BOD by default (unconfirmed resolution),-,-
230430,2898522,Expiry Issue,Bangalore,2026-07-08T11:45:54.000,Considered BOD,Not yet checked against a Warehouse-team Zoho comment - treated as BOD by default (unconfirmed resolution),-,-
231825,2898522,Expiry Issue,Bangalore,2026-07-10T10:50:50.000,Considered BOD,Not yet checked against a Warehouse-team Zoho comment - treated as BOD by default (unconfirmed resolution),-,-
230389,2932138,Expiry Issue,Bangalore,2026-07-08T10:57:28.000,Considered BOD,Not yet checked against a Warehouse-team Zoho comment - treated as BOD by default (unconfirmed resolution),-,-
227175,2910663,Expiry Issue,Bangalore,2026-07-04T08:46:01.000,Considered BOD,No Warehouse-team Zoho comment on this ticket - treated as BOD by default (unconfirmed resolution),-,-
227311,2848748,Expiry Issue,Kolkata,2026-07-04T12:07:55.000,Considered BOD,Not yet checked against a Warehouse-team Zoho comment - treated as BOD by default (unconfirmed resolution),-,-
227780,2883406,Expiry Issue,Delhi,2026-07-05T07:42:49.000,Considered BOD,Not yet checked against a Warehouse-team Zoho comment - treated as BOD by default (unconfirmed resolution),-,-
224772,2774646,Expiry Issue,Lucknow,2026-07-01T06:38:12.000,Considered BOD,Not yet checked against a Warehouse-team Zoho comment - treated as BOD by default (unconfirmed resolution),-,-
221683,2686583,Expiry Issue,Delhi,2026-06-27T07:50:31.000,BOD,"Warehouse-team Zoho comment is a denial/non-admission: ""It's 11/27 it's good expiry""",-,-
223584,2807581,Expiry Issue,Delhi,2026-06-29T11:53:34.000,Considered BOD,Not yet checked against a Warehouse-team Zoho comment - treated as BOD by default (unconfirmed resolution),-,-
223458,2811361,Expiry Issue,Delhi,2026-06-29T08:27:06.000,Considered BOD,Not yet checked against a Warehouse-team Zoho comment - treated as BOD by default (unconfirmed resolution),-,-
260523,3992806,Damaged/Defective,Delhi,2026-09-22T12:08:42.000,Considered BOD,Not yet checked against a Warehouse-team Zoho comment - treated as BOD by default (unconfirmed resolution),-,-
260428,3961638,Damaged/Defective,Unknown,2026-09-22T06:09:00.000,No return record,No matching marketplace_return_request row found in ClickHouse for this order,-,-
257598,3718715,Damaged/Defective,Mumbai,2026-09-06T10:10:40.000,BOD,"Warehouse-team Zoho comment is a denial/non-admission: ""We have sent proper medicine to Cx""",-,-
260287,3975838,Damaged/Defective,Kolkata,2026-09-21T10:12:52.000,Considered BOD,Not yet checked against a Warehouse-team Zoho comment - treated as BOD by default (unconfirmed resolution),-,-
259846,3943180,Damaged/Defective,Unknown,2026-09-18T14:06:24.000,No return record,No matching marketplace_return_request row found in ClickHouse for this order,-,-
259791,3939229,Damaged/Defective,Unknown,2026-09-18T08:18:35.000,No return record,No matching marketplace_return_request row found in ClickHouse for this order,-,-
260299,3977488,Damaged/Defective,Delhi,2026-09-21T10:57:27.000,Considered BOD,Not yet checked against a Warehouse-team Zoho comment - treated as BOD by default (unconfirmed resolution),-,-
258420,3779790,Damaged/Defective,Delhi,2026-09-10T11:44:40.000,BOD,"Warehouse-team Zoho comment is a denial/non-admission: ""We have sent proper medicine to CX""",-,-
260108,3961638,Damaged/Defective,Unknown,2026-09-20T07:16:40.000,No return record,No matching marketplace_return_request row found in ClickHouse for this order,-,-
260075,3940282,Damaged/Defective,Bangalore,2026-09-20T05:38:28.000,Considered BOD,No Warehouse-team Zoho comment on this ticket - treated as BOD by default (unconfirmed resolution),-,-
260008,3960057,Damaged/Defective,Bangalore,2026-09-19T12:29:51.000,Considered BOD,No Warehouse-team Zoho comment on this ticket - treated as BOD by default (unconfirmed resolution),-,-
260009,3960057,Damaged/Defective,Bangalore,2026-09-19T12:29:51.000,Considered BOD,No Warehouse-team Zoho comment on this ticket - treated as BOD by default (unconfirmed resolution),-,-
259922,3488220,Damaged/Defective,Delhi,2026-09-19T06:33:38.000,Considered BOD,No Warehouse-team Zoho comment on this ticket - treated as BOD by default (unconfirmed resolution),-,-
259860,3919768,Damaged/Defective,Delhi,2026-09-18T14:56:01.000,Considered BOD,No Warehouse-team Zoho comment on this ticket - treated as BOD by default (unconfirmed resolution),-,-
259936,3919768,Damaged/Defective,Delhi,2026-09-19T07:16:14.000,Considered BOD,No Warehouse-team Zoho comment on this ticket - treated as BOD by default (unconfirmed resolution),-,-
259826,3915796,Damaged/Defective,Bangalore,2026-09-18T11:57:04.000,Considered BOD,No Warehouse-team Zoho comment on this ticket - treated as BOD by default (unconfirmed resolution),-,-
259801,3936821,Damaged/Defective,Unknown,2026-09-18T09:36:29.000,No return record,No matching marketplace_return_request row found in ClickHouse for this order,-,-
259413,3795869,Damaged/Defective,Bangalore,2026-09-16T06:52:34.000,Considered BOD,No Warehouse-team Zoho comment on this ticket - treated as BOD by default (unconfirmed resolution),-,-
259444,3908922,Damaged/Defective,Delhi,2026-09-16T10:08:18.000,Considered BOD,No Warehouse-team Zoho comment on this ticket - treated as BOD by default (unconfirmed resolution),-,-
259296,3857636,Damaged/Defective,Delhi,2026-09-15T10:42:18.000,Considered BOD,No Warehouse-team Zoho comment on this ticket - treated as BOD by default (unconfirmed resolution),-,-
259312,3890179,Damaged/Defective,Delhi,2026-09-15T11:34:00.000,Considered BOD,No Warehouse-team Zoho comment on this ticket - treated as BOD by default (unconfirmed resolution),-,-
257601,3755890,Damaged/Defective,Delhi,2026-09-06T10:32:15.000,BOD,"Warehouse-team Zoho comment is a denial/non-admission: ""We have sent proper medicine to Cx""",-,-
256984,3591139,Damaged/Defective,Mumbai,2026-09-03T08:51:12.000,Considered BOD,No Warehouse-team Zoho comment on this ticket - treated as BOD by default (unconfirmed resolution),-,-
258919,3858216,Damaged/Defective,Kolkata,2026-09-13T08:56:48.000,Considered BOD,No Warehouse-team Zoho comment on this ticket - treated as BOD by default (unconfirmed resolution),-,-
258699,3855327,Damaged/Defective,Unknown,2026-09-12T05:07:08.000,No return record,No matching marketplace_return_request row found in ClickHouse for this order,-,-
258578,3833698,Damaged/Defective,Mumbai,2026-09-11T09:33:58.000,BOD,"Warehouse-team Zoho comment is a denial/non-admission: ""We have sent proper medicine to CX""",-,-
258595,3579004,Damaged/Defective,Mumbai,2026-09-11T10:30:33.000,Considered BOD,No Warehouse-team Zoho comment on this ticket - treated as BOD by default (unconfirmed resolution),-,-
258292,3781890,Damaged/Defective,Bangalore,2026-09-10T03:34:01.000,Considered BOD,"Warehouse-team Zoho comment matched no known admission/denial pattern - needs manual review: ""Medicine is not cold storage"" - treated as BOD by default (unconfirmed resolution)",-,-
258008,3785603,Damaged/Defective,Delhi,2026-09-08T10:12:07.000,BOD,"Warehouse-team Zoho comment is a denial/non-admission: ""We have sent proper medicine to Cx Mahiboob bee""",-,-
257000,3706148,Damaged/Defective,Delhi,2026-09-03T10:10:07.000,Considered BOD,No Warehouse-team Zoho comment on this ticket - treated as BOD by default (unconfirmed resolution),-,-
257867,3726909,Damaged/Defective,Unknown,2026-09-07T14:54:48.000,No return record,No matching marketplace_return_request row found in ClickHouse for this order,-,-
256149,3651712,Damaged/Defective,Delhi,2026-08-30T12:42:01.000,BOD,"Warehouse-team Zoho comment is a denial/non-admission: ""We have sent proper medicine to Cx""",-,-
254530,3519880,Damaged/Defective,Unknown,2026-08-23T07:33:53.000,No return record,No matching marketplace_return_request row found in ClickHouse for this order,-,-
257615,3750868,Damaged/Defective,Delhi,2026-09-06T11:52:17.000,Considered BOD,No Warehouse-team Zoho comment on this ticket - treated as BOD by default (unconfirmed resolution),-,-
256260,3427394,Damaged/Defective,Lucknow,2026-08-31T06:03:39.000,Considered BOD,"Warehouse-team Zoho comment matched no known admission/denial pattern - needs manual review: ""None"" - treated as BOD by default (unconfirmed resolution)",-,-
255821,3621416,Damaged/Defective,Delhi,2026-08-29T11:00:12.000,Considered BOD,No Warehouse-team Zoho comment on this ticket - treated as BOD by default (unconfirmed resolution),-,-
257226,3737141,Damaged/Defective,Delhi,2026-09-04T14:04:38.000,Considered BOD,No Warehouse-team Zoho comment on this ticket - treated as BOD by default (unconfirmed resolution),-,-
255336,3606974,Damaged/Defective,Mumbai,2026-08-27T07:15:59.000,Considered BOD,No Warehouse-team Zoho comment on this ticket - treated as BOD by default (unconfirmed resolution),-,-
254931,3497618,Damaged/Defective,Mumbai,2026-08-25T06:25:15.000,Considered BOD,No Warehouse-team Zoho comment on this ticket - treated as BOD by default (unconfirmed resolution),-,-
257088,3722543,Damaged/Defective,Unknown,2026-09-04T03:36:36.000,No return record,No matching marketplace_return_request row found in ClickHouse for this order,-,-
257205,3725639,Damaged/Defective,Delhi,2026-09-04T12:25:31.000,Considered BOD,No Warehouse-team Zoho comment on this ticket - treated as BOD by default (unconfirmed resolution),-,-
257097,3687259,Damaged/Defective,Bangalore,2026-09-04T04:16:23.000,Considered BOD,No Warehouse-team Zoho comment on this ticket - treated as BOD by default (unconfirmed resolution),-,-
257102,3733179,Damaged/Defective,Unknown,2026-09-04T04:34:30.000,No return record,No matching marketplace_return_request row found in ClickHouse for this order,-,-
256570,3641450,Damaged/Defective,Delhi,2026-09-01T11:00:42.000,Considered BOD,No Warehouse-team Zoho comment on this ticket - treated as BOD by default (unconfirmed resolution),-,-
256275,3653107,Damaged/Defective,Lucknow,2026-08-31T07:16:19.000,BOD,"Warehouse-team Zoho comment is a denial/non-admission: ""We have sent proper medicine to Cx""",-,-
245199,3132055,Damaged/Defective,Delhi,2026-07-26T07:22:45.000,BOD,"Warehouse-team Zoho comment is a denial/non-admission: ""We have sent proper medicine to Cx""",-,-
244453,3058260,Damaged/Defective,Unknown,2026-07-25T05:08:16.000,No return record,No matching marketplace_return_request row found in ClickHouse for this order,-,-
245124,3151215,Damaged/Defective,Delhi,2026-07-26T05:24:09.000,Considered BOD,Not yet checked against a Warehouse-team Zoho comment - treated as BOD by default (unconfirmed resolution),-,-
245732,3141425,Damaged/Defective,Kolkata,2026-07-26T09:21:23.000,Considered BOD,No Warehouse-team Zoho comment on this ticket - treated as BOD by default (unconfirmed resolution),-,-
245689,2848423,Damaged/Defective,Unknown,2026-07-26T08:16:11.000,No return record,No matching marketplace_return_request row found in ClickHouse for this order,-,-
245213,3151349,Damaged/Defective,Bangalore,2026-07-26T07:38:32.000,Considered BOD,No Warehouse-team Zoho comment on this ticket - treated as BOD by default (unconfirmed resolution),-,-
251063,3280300,Damaged/Defective,Delhi,2026-08-05T13:48:54.000,Considered BOD,No Warehouse-team Zoho comment on this ticket - treated as BOD by default (unconfirmed resolution),-,-
251212,3260460,Damaged/Defective,Bangalore,2026-08-06T10:53:12.000,Considered BOD,Not yet checked against a Warehouse-team Zoho comment - treated as BOD by default (unconfirmed resolution),-,-
251159,3245592,Damaged/Defective,Kolkata,2026-08-06T07:46:02.000,Considered BOD,No Warehouse-team Zoho comment on this ticket - treated as BOD by default (unconfirmed resolution),-,-
251239,3240531,Damaged/Defective,Delhi,2026-08-06T12:37:17.000,Considered BOD,Not yet checked against a Warehouse-team Zoho comment - treated as BOD by default (unconfirmed resolution),-,-
251508,3342458,Damaged/Defective,Lucknow,2026-08-08T07:49:30.000,BOD,"Warehouse-team Zoho comment is a denial/non-admission: ""We have sent proper medicine to cx""",-,-
255874,3649455,Damaged/Defective,Bangalore,2026-08-29T14:41:54.000,Considered BOD,No Warehouse-team Zoho comment on this ticket - treated as BOD by default (unconfirmed resolution),-,-
255706,3626848,Damaged/Defective,Delhi,2026-08-29T05:22:22.000,Considered BOD,No Warehouse-team Zoho comment on this ticket - treated as BOD by default (unconfirmed resolution),-,-
251292,3196229,Damaged/Defective,Bangalore,2026-08-07T05:22:21.000,Considered BOD,No Warehouse-team Zoho comment on this ticket - treated as BOD by default (unconfirmed resolution),-,-
250632,3286032,Damaged/Defective,Unknown,2026-08-03T11:07:14.000,No return record,No matching marketplace_return_request row found in ClickHouse for this order,-,-
254245,3521333,Damaged/Defective,Bangalore,2026-08-21T13:26:45.000,BOD,"Warehouse-team Zoho comment is a denial/non-admission: ""We have sent proper medicine to Cx""",-,-
254252,3533580,Damaged/Defective,Unknown,2026-08-21T14:04:10.000,No return record,No matching marketplace_return_request row found in ClickHouse for this order,-,-
254716,2757434,Damaged/Defective,Unknown,2026-08-24T06:50:27.000,No return record,No matching marketplace_return_request row found in ClickHouse for this order,-,-
254664,3510379,Damaged/Defective,Kolkata,2026-08-24T04:00:12.000,Considered BOD,No Warehouse-team Zoho comment on this ticket - treated as BOD by default (unconfirmed resolution),-,-
253205,3017846,Damaged/Defective,Delhi,2026-08-16T12:20:46.000,Considered BOD,"Warehouse-team Zoho comment matched no known admission/denial pattern - needs manual review: ""None"" - treated as BOD by default (unconfirmed resolution)",-,-
254179,3421586,Damaged/Defective,Delhi,2026-08-21T09:02:16.000,Considered BOD,No Warehouse-team Zoho comment on this ticket - treated as BOD by default (unconfirmed resolution),-,-
253348,3320445,Damaged/Defective,Mumbai,2026-08-17T09:32:37.000,Considered BOD,No Warehouse-team Zoho comment on this ticket - treated as BOD by default (unconfirmed resolution),-,-
252487,2966043,Damaged/Defective,Mumbai,2026-08-12T16:40:49.000,Considered BOD,"Warehouse-team Zoho comment matched no known admission/denial pattern - needs manual review: ""Footage not found because it is old order"" - treated as BOD by default (unconfirmed resolution)",-,-
251828,3131834,Damaged/Defective,Delhi,2026-08-10T04:20:50.000,Considered BOD,No Warehouse-team Zoho comment on this ticket - treated as BOD by default (unconfirmed resolution),-,-
253667,3397673,Damaged/Defective,Mumbai,2026-08-18T16:21:38.000,BOD,"Warehouse-team Zoho comment is a denial/non-admission: ""We have sent proper medicine to Cx""",-,-
253132,3443442,Damaged/Defective,Delhi,2026-08-16T08:11:49.000,BOD,"Warehouse-team Zoho comment is a denial/non-admission: ""We have sent proper medicine to Cx""",-,-
251890,3322445,Damaged/Defective,Lucknow,2026-08-10T07:55:21.000,BOD,"Warehouse-team Zoho comment is a denial/non-admission: ""We have sent proper medicine to Cx""",-,-
253203,3444017,Damaged/Defective,Lucknow,2026-08-16T12:05:17.000,Considered BOD,No Warehouse-team Zoho comment on this ticket - treated as BOD by default (unconfirmed resolution),-,-
252710,3414649,Damaged/Defective,Lucknow,2026-08-14T02:27:32.000,Considered BOD,No Warehouse-team Zoho comment on this ticket - treated as BOD by default (unconfirmed resolution),-,-
252754,3431212,Damaged/Defective,Kolkata,2026-08-14T07:05:02.000,Considered BOD,No Warehouse-team Zoho comment on this ticket - treated as BOD by default (unconfirmed resolution),-,-
252635,3374540,Damaged/Defective,Delhi,2026-08-13T10:39:05.000,Considered BOD,No Warehouse-team Zoho comment on this ticket - treated as BOD by default (unconfirmed resolution),-,-
252353,3368100,Damaged/Defective,Unknown,2026-08-12T07:33:45.000,No return record,No matching marketplace_return_request row found in ClickHouse for this order,-,-
246906,2703181,Damaged/Defective,Lucknow,2026-07-27T15:01:16.000,Considered BOD,Not yet checked against a Warehouse-team Zoho comment - treated as BOD by default (unconfirmed resolution),-,-
251361,3316399,Damaged/Defective,Bangalore,2026-08-07T09:35:48.000,Considered BOD,No Warehouse-team Zoho comment on this ticket - treated as BOD by default (unconfirmed resolution),-,-
252034,3287652,Damaged/Defective,Delhi,2026-08-11T03:58:24.000,Considered BOD,No Warehouse-team Zoho comment on this ticket - treated as BOD by default (unconfirmed resolution),-,-
251888,3369390,Damaged/Defective,Delhi,2026-08-10T07:53:41.000,Considered BOD,No Warehouse-team Zoho comment on this ticket - treated as BOD by default (unconfirmed resolution),-,-
251866,3341591,Damaged/Defective,Delhi,2026-08-10T06:17:24.000,Considered BOD,No Warehouse-team Zoho comment on this ticket - treated as BOD by default (unconfirmed resolution),-,-
251156,3289398,Damaged/Defective,Delhi,2026-08-06T07:34:17.000,Considered BOD,No Warehouse-team Zoho comment on this ticket - treated as BOD by default (unconfirmed resolution),-,-
250790,3269440,Damaged/Defective,Unknown,2026-08-04T08:27:24.000,No return record,No matching marketplace_return_request row found in ClickHouse for this order,-,-
250794,3252659,Damaged/Defective,Delhi,2026-08-04T08:36:52.000,BOD,"Warehouse-team Zoho comment is a denial/non-admission: ""We have sent proper medicine to Cx""",-,-
250910,3220535,Damaged/Defective,Bangalore,2026-08-05T03:28:13.000,Considered BOD,Not yet checked against a Warehouse-team Zoho comment - treated as BOD by default (unconfirmed resolution),-,-
251008,3264230,Damaged/Defective,Delhi,2026-08-05T10:32:34.000,Considered BOD,Not yet checked against a Warehouse-team Zoho comment - treated as BOD by default (unconfirmed resolution),-,-
250394,3144543,Damaged/Defective,Mumbai,2026-08-02T04:00:18.000,Considered BOD,No Warehouse-team Zoho comment on this ticket - treated as BOD by default (unconfirmed resolution),-,-
250430,2331018,Damaged/Defective,Delhi,2026-08-02T06:44:15.000,Considered BOD,Not yet checked against a Warehouse-team Zoho comment - treated as BOD by default (unconfirmed resolution),-,-
250667,3267812,Damaged/Defective,Delhi,2026-08-03T12:56:35.000,Considered BOD,No Warehouse-team Zoho comment on this ticket - treated as BOD by default (unconfirmed resolution),-,-
250273,3127657,Damaged/Defective,Delhi,2026-08-01T09:05:01.000,Considered BOD,No Warehouse-team Zoho comment on this ticket - treated as BOD by default (unconfirmed resolution),-,-
249608,3001647,Damaged/Defective,Unknown,2026-07-31T08:07:03.000,No return record,No matching marketplace_return_request row found in ClickHouse for this order,-,-
249598,3225518,Damaged/Defective,Unknown,2026-07-31T07:44:22.000,No return record,No matching marketplace_return_request row found in ClickHouse for this order,-,-
239440,3039342,Damaged/Defective,Delhi,2026-07-18T14:29:56.000,Considered BOD,Not yet checked against a Warehouse-team Zoho comment - treated as BOD by default (unconfirmed resolution),-,-
249556,3209814,Damaged/Defective,Delhi,2026-07-31T06:40:42.000,Considered BOD,No Warehouse-team Zoho comment on this ticket - treated as BOD by default (unconfirmed resolution),-,-
247063,3179470,Damaged/Defective,Unknown,2026-07-28T02:57:27.000,No return record,No matching marketplace_return_request row found in ClickHouse for this order,-,-
249628,3192916,Damaged/Defective,Kolkata,2026-07-31T08:24:58.000,Considered BOD,No Warehouse-team Zoho comment on this ticket - treated as BOD by default (unconfirmed resolution),-,-
249633,3219234,Damaged/Defective,Delhi,2026-07-31T08:33:09.000,Considered BOD,No Warehouse-team Zoho comment on this ticket - treated as BOD by default (unconfirmed resolution),-,-
249010,3205002,Damaged/Defective,Kolkata,2026-07-30T09:52:05.000,Considered BOD,No Warehouse-team Zoho comment on this ticket - treated as BOD by default (unconfirmed resolution),-,-
249219,3144326,Damaged/Defective,Mumbai,2026-07-30T11:56:15.000,Considered BOD,No Warehouse-team Zoho comment on this ticket - treated as BOD by default (unconfirmed resolution),-,-
248976,2882682,Damaged/Defective,Mumbai,2026-07-30T09:08:37.000,Considered BOD,No Warehouse-team Zoho comment on this ticket - treated as BOD by default (unconfirmed resolution),-,-
248735,3127802,Damaged/Defective,Bangalore,2026-07-30T03:44:11.000,Considered BOD,Not yet checked against a Warehouse-team Zoho comment - treated as BOD by default (unconfirmed resolution),-,-
244830,3150145,Damaged/Defective,Delhi,2026-07-25T13:26:21.000,BOD,"Warehouse-team Zoho comment is a denial/non-admission: ""We have sent proper medicine to Cx""",-,-
245877,3169351,Damaged/Defective,Delhi,2026-07-26T13:22:09.000,BOD,"Warehouse-team Zoho comment is a denial/non-admission: ""We have sent proper medicine to cx""",-,-
246391,3171959,Damaged/Defective,Delhi,2026-07-27T05:26:35.000,BOD,"Warehouse-team Zoho comment is a denial/non-admission: ""We have sent proper medicine to cx""",-,-
246578,3162719,Damaged/Defective,Mumbai,2026-07-27T08:50:53.000,Considered BOD,Not yet checked against a Warehouse-team Zoho comment - treated as BOD by default (unconfirmed resolution),-,-
239696,2972163,Damaged/Defective,Unknown,2026-07-19T05:11:51.000,No return record,No matching marketplace_return_request row found in ClickHouse for this order,-,-
245756,3122871,Damaged/Defective,Delhi,2026-07-26T10:02:43.000,Considered BOD,Not yet checked against a Warehouse-team Zoho comment - treated as BOD by default (unconfirmed resolution),-,-
245739,3141425,Damaged/Defective,Kolkata,2026-07-26T09:35:52.000,Considered BOD,No Warehouse-team Zoho comment on this ticket - treated as BOD by default (unconfirmed resolution),-,-
246341,3163432,Damaged/Defective,Bangalore,2026-07-27T04:26:25.000,Considered BOD,No Warehouse-team Zoho comment on this ticket - treated as BOD by default (unconfirmed resolution),-,-
244646,3154607,Damaged/Defective,Bangalore,2026-07-25T09:36:28.000,BOD,"Warehouse-team Zoho comment is a denial/non-admission: ""We have sent proper medicine to Cx""",-,-
244575,3147691,Damaged/Defective,Delhi,2026-07-25T07:52:21.000,BOD,"Warehouse-team Zoho comment is a denial/non-admission: ""We have sent proper medicine to Cx""",-,-
244652,3133907,Damaged/Defective,Lucknow,2026-07-25T09:45:37.000,Considered BOD,Not yet checked against a Warehouse-team Zoho comment - treated as BOD by default (unconfirmed resolution),-,-
239835,3070418,Damaged/Defective,Delhi,2026-07-19T09:21:51.000,Considered BOD,Not yet checked against a Warehouse-team Zoho comment - treated as BOD by default (unconfirmed resolution),-,-
238976,3038397,Damaged/Defective,Kolkata,2026-07-18T04:11:09.000,Considered BOD,Not yet checked against a Warehouse-team Zoho comment - treated as BOD by default (unconfirmed resolution),-,-
239824,3044649,Damaged/Defective,Mumbai,2026-07-19T08:32:42.000,Considered BOD,No Warehouse-team Zoho comment on this ticket - treated as BOD by default (unconfirmed resolution),-,-
239184,3064029,Damaged/Defective,Delhi,2026-07-18T08:15:14.000,BOD,"Warehouse-team Zoho comment is a denial/non-admission: ""We have sent proper medicine to CX Mahiboob bee""",-,-
239373,3068636,Damaged/Defective,Unknown,2026-07-18T12:40:00.000,No return record,No matching marketplace_return_request row found in ClickHouse for this order,-,-
239388,3068271,Damaged/Defective,Bangalore,2026-07-18T13:15:17.000,Considered BOD,Not yet checked against a Warehouse-team Zoho comment - treated as BOD by default (unconfirmed resolution),-,-
241083,3057922,Damaged/Defective,Kolkata,2026-07-21T06:14:00.000,Considered BOD,No Warehouse-team Zoho comment on this ticket - treated as BOD by default (unconfirmed resolution),-,-
239717,3075113,Damaged/Defective,Delhi,2026-07-19T05:42:26.000,Considered BOD,Not yet checked against a Warehouse-team Zoho comment - treated as BOD by default (unconfirmed resolution),-,-
239699,3066832,Damaged/Defective,Delhi,2026-07-19T05:19:37.000,Considered BOD,Not yet checked against a Warehouse-team Zoho comment - treated as BOD by default (unconfirmed resolution),-,-
239299,3066832,Damaged/Defective,Delhi,2026-07-18T10:57:54.000,Considered BOD,Not yet checked against a Warehouse-team Zoho comment - treated as BOD by default (unconfirmed resolution),-,-
239290,3044911,Damaged/Defective,Mumbai,2026-07-18T10:44:08.000,Considered BOD,Not yet checked against a Warehouse-team Zoho comment - treated as BOD by default (unconfirmed resolution),-,-
239230,3063486,Damaged/Defective,Delhi,2026-07-18T09:08:14.000,Considered BOD,No Warehouse-team Zoho comment on this ticket - treated as BOD by default (unconfirmed resolution),-,-
239196,3056362,Damaged/Defective,Delhi,2026-07-18T08:35:01.000,Considered BOD,No Warehouse-team Zoho comment on this ticket - treated as BOD by default (unconfirmed resolution),-,-
236853,2948499,Damaged/Defective,Delhi,2026-07-17T10:22:29.000,Considered BOD,Not yet checked against a Warehouse-team Zoho comment - treated as BOD by default (unconfirmed resolution),-,-
239062,3032637,Damaged/Defective,Lucknow,2026-07-18T05:50:58.000,Considered BOD,Not yet checked against a Warehouse-team Zoho comment - treated as BOD by default (unconfirmed resolution),-,-
239059,3047328,Damaged/Defective,Mumbai,2026-07-18T05:50:02.000,Considered BOD,Not yet checked against a Warehouse-team Zoho comment - treated as BOD by default (unconfirmed resolution),-,-
239033,3038397,Damaged/Defective,Kolkata,2026-07-18T05:17:28.000,Considered BOD,Not yet checked against a Warehouse-team Zoho comment - treated as BOD by default (unconfirmed resolution),-,-
239190,3056362,Damaged/Defective,Delhi,2026-07-18T08:20:48.000,BOD,"Warehouse-team Zoho comment is a denial/non-admission: ""We have sent proper medicine to CX""",-,-
236833,3039342,Damaged/Defective,Delhi,2026-07-17T09:41:43.000,Considered BOD,Not yet checked against a Warehouse-team Zoho comment - treated as BOD by default (unconfirmed resolution),-,-
236836,3044911,Damaged/Defective,Mumbai,2026-07-17T09:43:19.000,Considered BOD,Not yet checked against a Warehouse-team Zoho comment - treated as BOD by default (unconfirmed resolution),-,-
236854,3034355,Damaged/Defective,Lucknow,2026-07-17T10:23:41.000,Considered BOD,Not yet checked against a Warehouse-team Zoho comment - treated as BOD by default (unconfirmed resolution),-,-
235982,3037542,Damaged/Defective,Delhi,2026-07-16T07:00:13.000,Considered BOD,Not yet checked against a Warehouse-team Zoho comment - treated as BOD by default (unconfirmed resolution),-,-
235492,3027223,Damaged/Defective,Kolkata,2026-07-15T13:01:07.000,Considered BOD,No Warehouse-team Zoho comment on this ticket - treated as BOD by default (unconfirmed resolution),-,-
234763,2262336,Damaged/Defective,Unknown,2026-07-14T13:46:55.000,No return record,No matching marketplace_return_request row found in ClickHouse for this order,-,-
234542,2997292,Damaged/Defective,Bangalore,2026-07-14T08:36:11.000,Considered BOD,Not yet checked against a Warehouse-team Zoho comment - treated as BOD by default (unconfirmed resolution),-,-
232971,2952853,Damaged/Defective,Kolkata,2026-07-12T05:32:21.000,Considered BOD,Not yet checked against a Warehouse-team Zoho comment - treated as BOD by default (unconfirmed resolution),-,-
234025,2937262,Damaged/Defective,Delhi,2026-07-13T13:13:39.000,Considered BOD,Not yet checked against a Warehouse-team Zoho comment - treated as BOD by default (unconfirmed resolution),-,-
233002,2995586,Damaged/Defective,Kolkata,2026-07-12T06:28:57.000,Considered BOD,Not yet checked against a Warehouse-team Zoho comment - treated as BOD by default (unconfirmed resolution),-,-
232960,2970099,Damaged/Defective,Delhi,2026-07-12T05:22:52.000,Considered BOD,No Warehouse-team Zoho comment on this ticket - treated as BOD by default (unconfirmed resolution),-,-
233574,2980744,Damaged/Defective,Mumbai,2026-07-13T04:04:20.000,Considered BOD,Not yet checked against a Warehouse-team Zoho comment - treated as BOD by default (unconfirmed resolution),-,-
233248,2994913,Damaged/Defective,Lucknow,2026-07-12T12:39:52.000,Considered BOD,Not yet checked against a Warehouse-team Zoho comment - treated as BOD by default (unconfirmed resolution),-,-
231309,2942596,Damaged/Defective,Delhi,2026-07-09T13:53:48.000,Considered BOD,No Warehouse-team Zoho comment on this ticket - treated as BOD by default (unconfirmed resolution),-,-
231274,2946699,Damaged/Defective,Unknown,2026-07-09T13:06:23.000,No return record,No matching marketplace_return_request row found in ClickHouse for this order,-,-
231084,2940633,Damaged/Defective,Delhi,2026-07-09T09:47:36.000,Considered BOD,No Warehouse-team Zoho comment on this ticket - treated as BOD by default (unconfirmed resolution),-,-
231077,2955359,Damaged/Defective,Delhi,2026-07-09T09:43:06.000,Considered BOD,No Warehouse-team Zoho comment on this ticket - treated as BOD by default (unconfirmed resolution),-,-
231009,2947600,Damaged/Defective,Bangalore,2026-07-09T08:28:13.000,Considered BOD,No Warehouse-team Zoho comment on this ticket - treated as BOD by default (unconfirmed resolution),-,-
227924,2888950,Damaged/Defective,Delhi,2026-07-05T10:57:23.000,Considered BOD,No Warehouse-team Zoho comment on this ticket - treated as BOD by default (unconfirmed resolution),-,-
231799,2941789,Damaged/Defective,Kolkata,2026-07-10T10:10:08.000,Considered BOD,Not yet checked against a Warehouse-team Zoho comment - treated as BOD by default (unconfirmed resolution),-,-
230373,2919403,Damaged/Defective,Lucknow,2026-07-08T10:43:19.000,Considered BOD,No Warehouse-team Zoho comment on this ticket - treated as BOD by default (unconfirmed resolution),-,-
228537,2693621,Damaged/Defective,Delhi,2026-07-06T06:01:12.000,Considered BOD,Not yet checked against a Warehouse-team Zoho comment - treated as BOD by default (unconfirmed resolution),-,-
229013,2901984,Damaged/Defective,Delhi,2026-07-06T12:18:35.000,BOD,"Warehouse-team Zoho comment is a denial/non-admission: ""We have sent correct medicine to CX""",-,-
227718,2868379,Damaged/Defective,Delhi,2026-07-05T06:34:44.000,Considered BOD,Not yet checked against a Warehouse-team Zoho comment - treated as BOD by default (unconfirmed resolution),-,-
227727,2894329,Damaged/Defective,Delhi,2026-07-05T06:42:59.000,Considered BOD,Not yet checked against a Warehouse-team Zoho comment - treated as BOD by default (unconfirmed resolution),-,-
228617,2914803,Damaged/Defective,Delhi,2026-07-06T07:02:09.000,Considered BOD,Not yet checked against a Warehouse-team Zoho comment - treated as BOD by default (unconfirmed resolution),-,-
227698,2910986,Damaged/Defective,Delhi,2026-07-05T06:08:27.000,Considered BOD,Not yet checked against a Warehouse-team Zoho comment - treated as BOD by default (unconfirmed resolution),-,-
227652,2893293,Damaged/Defective,Delhi,2026-07-05T05:11:49.000,Considered BOD,Not yet checked against a Warehouse-team Zoho comment - treated as BOD by default (unconfirmed resolution),-,-
229108,2878457,Damaged/Defective,Bangalore,2026-07-06T14:40:56.000,Considered BOD,Not yet checked against a Warehouse-team Zoho comment - treated as BOD by default (unconfirmed resolution),-,-
228350,2904822,Damaged/Defective,Bangalore,2026-07-06T03:00:17.000,Considered BOD,Not yet checked against a Warehouse-team Zoho comment - treated as BOD by default (unconfirmed resolution),-,-
227328,2902764,Damaged/Defective,Delhi,2026-07-04T12:45:03.000,Considered BOD,Not yet checked against a Warehouse-team Zoho comment - treated as BOD by default (unconfirmed resolution),-,-
223849,2842517,Damaged/Defective,Delhi,2026-06-30T05:39:17.000,Considered BOD,Not yet checked against a Warehouse-team Zoho comment - treated as BOD by default (unconfirmed resolution),-,-
225119,2827027,Damaged/Defective,Unknown,2026-07-01T13:58:01.000,No return record,No matching marketplace_return_request row found in ClickHouse for this order,-,-
226552,2865489,Damaged/Defective,Delhi,2026-07-03T10:59:31.000,Considered BOD,No Warehouse-team Zoho comment on this ticket - treated as BOD by default (unconfirmed resolution),-,-
222512,2828512,Damaged/Defective,Delhi,2026-06-28T08:23:16.000,Considered BOD,Not yet checked against a Warehouse-team Zoho comment - treated as BOD by default (unconfirmed resolution),-,-
225643,2819024,Damaged/Defective,Delhi,2026-07-02T10:07:45.000,Considered BOD,Not yet checked against a Warehouse-team Zoho comment - treated as BOD by default (unconfirmed resolution),-,-
220887,2784737,Damaged/Defective,Kolkata,2026-06-26T03:18:13.000,Considered BOD,Not yet checked against a Warehouse-team Zoho comment - treated as BOD by default (unconfirmed resolution),-,-
220202,2795002,Damaged/Defective,Delhi,2026-06-25T08:08:43.000,BOD,"Warehouse-team Zoho comment is a denial/non-admission: ""We have sent proper medicine to cx""",-,-
223612,2802199,Damaged/Defective,Bangalore,2026-06-29T12:54:24.000,Considered BOD,Not yet checked against a Warehouse-team Zoho comment - treated as BOD by default (unconfirmed resolution),-,-
223629,2838132,Damaged/Defective,Delhi,2026-06-29T13:47:31.000,Considered BOD,Not yet checked against a Warehouse-team Zoho comment - treated as BOD by default (unconfirmed resolution),-,-
223890,2802199,Damaged/Defective,Bangalore,2026-06-30T06:26:20.000,Considered BOD,Not yet checked against a Warehouse-team Zoho comment - treated as BOD by default (unconfirmed resolution),-,-
221951,2780453,Damaged/Defective,Mumbai,2026-06-27T10:55:32.000,Considered BOD,Not yet checked against a Warehouse-team Zoho comment - treated as BOD by default (unconfirmed resolution),-,-
220878,2789556,Damaged/Defective,Delhi,2026-06-26T02:41:01.000,Considered BOD,Not yet checked against a Warehouse-team Zoho comment - treated as BOD by default (unconfirmed resolution),-,-
220363,2770742,Damaged/Defective,Mumbai,2026-06-25T13:42:09.000,Considered BOD,Not yet checked against a Warehouse-team Zoho comment - treated as BOD by default (unconfirmed resolution),-,-
223544,2838105,Damaged/Defective,Mumbai,2026-06-29T10:42:03.000,Considered BOD,Not yet checked against a Warehouse-team Zoho comment - treated as BOD by default (unconfirmed resolution),-,-
223485,2794596,Damaged/Defective,Delhi,2026-06-29T09:03:52.000,Considered BOD,Not yet checked against a Warehouse-team Zoho comment - treated as BOD by default (unconfirmed resolution),-,-
222030,2817486,Damaged/Defective,Delhi,2026-06-27T14:24:33.000,Considered BOD,Not yet checked against a Warehouse-team Zoho comment - treated as BOD by default (unconfirmed resolution),-,-
222657,2828835,Damaged/Defective,Delhi,2026-06-28T12:57:05.000,Considered BOD,Not yet checked against a Warehouse-team Zoho comment - treated as BOD by default (unconfirmed resolution),-,-
222063,2823515,Damaged/Defective,Delhi,2026-06-27T16:13:28.000,Considered BOD,No Warehouse-team Zoho comment on this ticket - treated as BOD by default (unconfirmed resolution),-,-
221266,2794640,Damaged/Defective,Delhi,2026-06-26T11:29:17.000,Considered BOD,No Warehouse-team Zoho comment on this ticket - treated as BOD by default (unconfirmed resolution),-,-
220023,2744475,Damaged/Defective,Lucknow,2026-06-25T03:11:03.000,Considered BOD,Not yet checked against a Warehouse-team Zoho comment - treated as BOD by default (unconfirmed resolution),-,-
260515,3886156,Damaged/Defective,Delhi,2026-09-22T11:24:25.000,Considered BOD,Not yet checked against a Warehouse-team Zoho comment - treated as BOD by default (unconfirmed resolution),-,-
260121,3554613,Damaged/Defective,Bangalore,2026-09-20T08:42:27.000,Considered BOD,"Warehouse-team Zoho comment matched no known admission/denial pattern - needs manual review: ""Received damage medicine footage attached on dto tool"" - treated as BOD by default (unconfirmed resolution)",-,-
259500,3647730,Damaged/Defective,Bangalore,2026-09-16T13:12:27.000,Considered BOD,No Warehouse-team Zoho comment on this ticket - treated as BOD by default (unconfirmed resolution),-,-
260392,3789391,Damaged/Defective,Unknown,2026-09-22T03:27:01.000,No return record,No matching marketplace_return_request row found in ClickHouse for this order,-,-
257268,3587106,Damaged/Defective,Bangalore,2026-09-04T17:13:46.000,Considered BOD,No Warehouse-team Zoho comment on this ticket - treated as BOD by default (unconfirmed resolution),-,-
260186,3944562,Damaged/Defective,Unknown,2026-09-20T20:01:28.000,No return record,No matching marketplace_return_request row found in ClickHouse for this order,-,-
254688,3488220,Damaged/Defective,Delhi,2026-08-24T05:31:10.000,BOD,"Warehouse-team Zoho comment is a denial/non-admission: ""We have sent proper medicine to Cx""",-,-
258422,3427394,Damaged/Defective,Lucknow,2026-09-10T11:54:01.000,Considered BOD,"Warehouse-team Zoho comment matched no known admission/denial pattern - needs manual review: ""Warehouse not received this stock"" - treated as BOD by default (unconfirmed resolution)",-,-
258083,3687028,Damaged/Defective,Unknown,2026-09-08T15:43:34.000,No return record,No matching marketplace_return_request row found in ClickHouse for this order,-,-
258747,3837370,Damaged/Defective,Unknown,2026-09-12T08:54:12.000,No return record,No matching marketplace_return_request row found in ClickHouse for this order,-,-
260107,3939766,Damaged/Defective,Bangalore,2026-09-20T07:11:16.000,Considered BOD,No Warehouse-team Zoho comment on this ticket - treated as BOD by default (unconfirmed resolution),-,-
259898,3613999,Damaged/Defective,Delhi,2026-09-19T05:15:42.000,Considered BOD,No Warehouse-team Zoho comment on this ticket - treated as BOD by default (unconfirmed resolution),-,-
259468,3561922,Damaged/Defective,Unknown,2026-09-16T11:22:25.000,No return record,No matching marketplace_return_request row found in ClickHouse for this order,-,-
259761,3891933,Damaged/Defective,Hyderabad WH,2026-09-18T06:33:29.000,Considered BOD,No Warehouse-team Zoho comment on this ticket - treated as BOD by default (unconfirmed resolution),-,-
259128,3647730,Damaged/Defective,Bangalore,2026-09-14T12:46:25.000,Considered BOD,"Warehouse-team Zoho comment matched no known admission/denial pattern - needs manual review: ""None"" - treated as BOD by default (unconfirmed resolution)",-,-
259404,3881208,Damaged/Defective,Delhi,2026-09-16T05:49:49.000,Considered BOD,No Warehouse-team Zoho comment on this ticket - treated as BOD by default (unconfirmed resolution),-,-
259193,3885048,Damaged/Defective,Unknown,2026-09-15T05:38:42.000,No return record,No matching marketplace_return_request row found in ClickHouse for this order,-,-
257875,3410539,Damaged/Defective,Kolkata,2026-09-07T16:47:04.000,Considered BOD,"Warehouse-team Zoho comment matched no known admission/denial pattern - needs manual review: ""Footage not found because it is old order Mahiboob bee"" - treated as BOD by default (unconfirmed resolution)",-,-
258772,3841218,Damaged/Defective,Delhi,2026-09-12T10:16:38.000,Considered BOD,No Warehouse-team Zoho comment on this ticket - treated as BOD by default (unconfirmed resolution),-,-
258168,3658218,Damaged/Defective,Kolkata,2026-09-09T07:44:20.000,Considered BOD,"Warehouse-team Zoho comment matched no known admission/denial pattern - needs manual review: ""None"" - treated as BOD by default (unconfirmed resolution)",-,-
257237,3216743,Damaged/Defective,Bangalore,2026-09-04T14:33:47.000,Considered BOD,"Warehouse-team Zoho comment matched no known admission/denial pattern - needs manual review: ""None"" - treated as BOD by default (unconfirmed resolution)",-,-
257042,3720638,Damaged/Defective,Mumbai,2026-09-03T13:11:25.000,BOD,"Warehouse-team Zoho comment is a denial/non-admission: ""We have sent proper medicine to Cx Mahiboob bee""",-,-
255264,3599018,Damaged/Defective,Delhi,2026-08-26T14:29:46.000,BOD,"Warehouse-team Zoho comment is a denial/non-admission: ""We have sent proper medicine to Cx""",-,-
258221,3780923,Damaged/Defective,Unknown,2026-09-09T11:02:57.000,No return record,No matching marketplace_return_request row found in ClickHouse for this order,-,-
256592,3579004,Damaged/Defective,Mumbai,2026-09-01T12:18:01.000,BOD,"Warehouse-team Zoho comment is a denial/non-admission: ""We have sent proper medicine to Cx""",-,-
257147,3732225,Damaged/Defective,Delhi,2026-09-04T07:07:26.000,Considered BOD,No Warehouse-team Zoho comment on this ticket - treated as BOD by default (unconfirmed resolution),-,-
254798,3575825,Damaged/Defective,Unknown,2026-08-24T11:12:09.000,No return record,No matching marketplace_return_request row found in ClickHouse for this order,-,-
256196,3537195,Damaged/Defective,Bangalore,2026-08-31T01:28:53.000,Considered BOD,Not yet checked against a Warehouse-team Zoho comment - treated as BOD by default (unconfirmed resolution),-,-
256343,3663872,Damaged/Defective,Mumbai,2026-08-31T11:45:28.000,Considered BOD,No Warehouse-team Zoho comment on this ticket - treated as BOD by default (unconfirmed resolution),-,-
256190,3599018,Damaged/Defective,Delhi,2026-08-30T18:07:15.000,Considered BOD,No Warehouse-team Zoho comment on this ticket - treated as BOD by default (unconfirmed resolution),-,-
255772,3503425,Damaged/Defective,Unknown,2026-08-29T08:17:08.000,No return record,No matching marketplace_return_request row found in ClickHouse for this order,-,-
254339,3493263,Damaged/Defective,Kolkata,2026-08-22T06:07:43.000,BOD,"Warehouse-team Zoho comment is a denial/non-admission: ""We have sent proper medicine to Cx""",-,-
254980,3588394,Damaged/Defective,Delhi,2026-08-25T08:48:49.000,BOD,"Warehouse-team Zoho comment is a denial/non-admission: ""We have sent proper medicine to Cx""",-,-
253557,3424414,Damaged/Defective,Delhi,2026-08-18T09:27:12.000,BOD,"Warehouse-team Zoho comment is a denial/non-admission: ""We have sent proper medicine to Cx""",-,-
253846,3317162,Damaged/Defective,Delhi,2026-08-19T11:59:32.000,BOD,"Warehouse-team Zoho comment is a denial/non-admission: ""We have sent proper medicine to Cx Mahiboob bee""",-,-
250733,3062757,Damaged/Defective,Mumbai,2026-08-04T05:06:34.000,Considered BOD,No Warehouse-team Zoho comment on this ticket - treated as BOD by default (unconfirmed resolution),-,-
253006,3288793,Damaged/Defective,Bangalore,2026-08-15T11:28:35.000,Considered BOD,No Warehouse-team Zoho comment on this ticket - treated as BOD by default (unconfirmed resolution),-,-
252911,3281274,Damaged/Defective,Lucknow,2026-08-15T03:43:03.000,Considered BOD,No Warehouse-team Zoho comment on this ticket - treated as BOD by default (unconfirmed resolution),-,-
232637,2942289,Damaged/Defective,Bangalore,2026-07-11T13:08:55.000,BOD,"Warehouse-team Zoho comment is a denial/non-admission: ""We have sent proper medicine to CX Mahiboob bee""",-,-
252553,3392341,Damaged/Defective,Unknown,2026-08-13T05:57:24.000,No return record,No matching marketplace_return_request row found in ClickHouse for this order,-,-
252207,3343936,Damaged/Defective,Mumbai,2026-08-11T12:41:57.000,Considered BOD,No Warehouse-team Zoho comment on this ticket - treated as BOD by default (unconfirmed resolution),-,-
251412,3278083,Damaged/Defective,Bangalore,2026-08-07T13:32:08.000,Considered BOD,No Warehouse-team Zoho comment on this ticket - treated as BOD by default (unconfirmed resolution),-,-
251554,3231812,Damaged/Defective,Delhi,2026-08-08T10:49:11.000,Considered BOD,No Warehouse-team Zoho comment on this ticket - treated as BOD by default (unconfirmed resolution),-,-
251391,3146598,Damaged/Defective,Kolkata,2026-08-07T11:50:24.000,Considered BOD,No Warehouse-team Zoho comment on this ticket - treated as BOD by default (unconfirmed resolution),-,-
251119,3259760,Damaged/Defective,Unknown,2026-08-06T06:03:30.000,No return record,No matching marketplace_return_request row found in ClickHouse for this order,-,-
250519,3230810,Damaged/Defective,DocPharma,2026-08-02T16:01:21.000,Considered BOD,Not yet checked against a Warehouse-team Zoho comment - treated as BOD by default (unconfirmed resolution),-,-
250752,3080616,Damaged/Defective,Kolkata,2026-08-04T06:15:20.000,Considered BOD,Not yet checked against a Warehouse-team Zoho comment - treated as BOD by default (unconfirmed resolution),-,-
246511,3164893,Damaged/Defective,Kolkata,2026-07-27T07:56:25.000,BOD,"Warehouse-team Zoho comment is a denial/non-admission: ""We have sent proper medicine to Cx""",-,-
241736,1167850,Damaged/Defective,Unknown,2026-07-22T04:18:00.000,No return record,No matching marketplace_return_request row found in ClickHouse for this order,-,-
244438,3077540,Damaged/Defective,Delhi,2026-07-25T04:36:32.000,Considered BOD,Not yet checked against a Warehouse-team Zoho comment - treated as BOD by default (unconfirmed resolution),-,-
240630,3070124,Damaged/Defective,Mumbai,2026-07-20T10:13:25.000,Considered BOD,"Warehouse-team Zoho comment matched no known admission/denial pattern - needs manual review: ""Paker didn't removed the medicine out side properly Mahiboob bee"" - treated as BOD by default (unconfirmed resolution)",-,-
242035,2808128,Damaged/Defective,Mumbai,2026-07-22T08:11:45.000,Considered BOD,Not yet checked against a Warehouse-team Zoho comment - treated as BOD by default (unconfirmed resolution),-,-
234492,2943366,Damaged/Defective,Delhi,2026-07-14T07:05:31.000,Considered BOD,Not yet checked against a Warehouse-team Zoho comment - treated as BOD by default (unconfirmed resolution),-,-
234503,2972726,Damaged/Defective,Mumbai,2026-07-14T07:23:14.000,Considered BOD,Not yet checked against a Warehouse-team Zoho comment - treated as BOD by default (unconfirmed resolution),-,-
232620,2887513,Damaged/Defective,Delhi,2026-07-11T12:36:04.000,Considered BOD,No Warehouse-team Zoho comment on this ticket - treated as BOD by default (unconfirmed resolution),-,-
231130,2305023,Damaged/Defective,Unknown,2026-07-09T10:38:04.000,No return record,No matching marketplace_return_request row found in ClickHouse for this order,-,-
227847,2904541,Damaged/Defective,Bangalore,2026-07-05T09:28:14.000,Considered BOD,Not yet checked against a Warehouse-team Zoho comment - treated as BOD by default (unconfirmed resolution),-,-
230310,2928588,Damaged/Defective,Delhi,2026-07-08T09:29:10.000,WH Accepted,"Warehouse-team Zoho comment is a genuine admission: ""By mistake We have sent damaged medicine to CX""",MD_Neshar_DEL,Seema_DEL
230101,2862253,Damaged/Defective,Unknown,2026-07-08T04:51:43.000,No return record,No matching marketplace_return_request row found in ClickHouse for this order,-,-
227077,2902672,Damaged/Defective,Bangalore,2026-07-04T06:55:13.000,WH Accepted,"Warehouse-team Zoho comment is a genuine admission: ""We have sent damaged medicine to CX""",Shwetha1_BLRWH / maheswari_BLRWH,Kaveri_BLRWH
224599,2830635,Damaged/Defective,Delhi,2026-07-01T02:47:07.000,Considered BOD,Not yet checked against a Warehouse-team Zoho comment - treated as BOD by default (unconfirmed resolution),-,-
224238,2614126,Damaged/Defective,Bangalore,2026-06-30T10:09:39.000,Considered BOD,No Warehouse-team Zoho comment on this ticket - treated as BOD by default (unconfirmed resolution),-,-
220086,2743969,Damaged/Defective,Delhi,2026-06-25T05:21:22.000,Considered BOD,Not yet checked against a Warehouse-team Zoho comment - treated as BOD by default (unconfirmed resolution),-,-

Summary
Total tickets raised,2378
Total refunds/returns issued,2223
WH Accepted,265
BOD,641
Considered BOD,1317
No return record (excluded from refund total),155
Reconciles (WH Accepted + BOD + Considered BOD == Total refunds/returns),Yes
